[{"accountNumber":"CY35 3947 9321 29SD L78U ZLFR CINY","balance":"15959.15"},
{"accountNumber":"GL68 9103 7785 0279 14","balance":"13897.70"},
{"accountNumber":"GE13 AP55 5867 5970 7091 24","balance":"25239.27"},
{"accountNumber":"IS51 4818 3504 0210 2385 9379 83","balance":"9808.31"},
{"accountNumber":"BA46 0564 2828 6915 3673","balance":"1550.99"},
{"accountNumber":"DK33 9384 4493 5112 11","balance":"11002.87"},
{"accountNumber":"ES37 1472 7701 0198 2260 6680","balance":"8844.01"},
{"accountNumber":"BH34 YJUI WSEF M9NX 5JRR Z6","balance":"9203.61"},
{"accountNumber":"NL70 JKGW 6275 9606 84","balance":"28774.31"},
{"accountNumber":"MC24 5594 1893 43LK RXWL W4KH S64","balance":"29847.37"},
{"accountNumber":"KW04 MENJ DZYM GWHF GIIQ OAHK TTV0 QO","balance":"19618.93"},
{"accountNumber":"GT20 DAB9 CFQO BDUY VEUX GGO3 LOAO","balance":"25106.82"},
{"accountNumber":"BG77 VCWT 9970 25JN T02Y KG","balance":"24626.74"},
{"accountNumber":"ME83 4258 4881 7318 4147 80","balance":"2894.81"},
{"accountNumber":"MD21 AMYO IFU9 ICXA JNFU FQ6I","balance":"11496.50"},
{"accountNumber":"FR02 4182 0824 74HH UZMY 6VER A70","balance":"10596.11"},
{"accountNumber":"FR19 5909 2303 99L2 N2HU XNOX 111","balance":"25271.14"},
{"accountNumber":"TN41 6329 3151 0802 3920 3526","balance":"29632.43"},
{"accountNumber":"RO26 BWMK GZBM 88WI VECG CCTJ","balance":"21181.52"},
{"accountNumber":"GR90 2738 393Q ONE9 T0YI XOBQ R8Q","balance":"8244.35"},
{"accountNumber":"FR78 1650 6369 18BR HC96 ZT3Q D18","balance":"15588.97"},
{"accountNumber":"FR22 6899 8141 6329 QC9S K966 T78","balance":"29697.76"},
{"accountNumber":"CZ45 7677 7138 6162 5227 7024","balance":"22835.03"},
{"accountNumber":"KZ47 589F 4QMW EX6O NAQA","balance":"28617.76"},
{"accountNumber":"PK05 DMQE XDQB 7UWV 7W5P MSHZ","balance":"10838.55"},
{"accountNumber":"BH87 KDMP DYDI 6WUO PRI5 OE","balance":"29129.15"},
{"accountNumber":"PL42 5134 8084 5632 9831 8381 7277","balance":"15318.10"},
{"accountNumber":"ES27 9739 6979 2184 4523 1110","balance":"22160.56"},
{"accountNumber":"BR91 5589 2105 0866 4360 4637 206A U","balance":"16060.34"},
{"accountNumber":"SK82 3688 6525 0763 6592 8014","balance":"21447.69"},
{"accountNumber":"PS08 NZTN UXVW 7DFR OAQH KQ1D EB84 Z","balance":"17121.19"},
{"accountNumber":"DK41 0667 4303 7757 14","balance":"28486.33"},
{"accountNumber":"IE35 QCXY 8324 3026 9970 04","balance":"2745.16"},
{"accountNumber":"AZ88 NYCK WIE5 4EHR UAC0 KEKO BBWL","balance":"1851.73"},
{"accountNumber":"MR75 7513 1949 2319 8528 7718 226","balance":"12944.36"},
{"accountNumber":"EE24 2447 3370 7949 4419","balance":"7956.08"},
{"accountNumber":"GT10 TM4C SV10 I6Z5 LEF7 ULVD 7VLR","balance":"10601.65"},
{"accountNumber":"DK41 9113 5694 6908 66","balance":"5900.29"},
{"accountNumber":"PK43 ENSN VASN ZORS ZUMU O40D","balance":"16273.68"},
{"accountNumber":"FR74 9320 7186 978C 3WLO IX2E U68","balance":"13924.03"},
{"accountNumber":"MC91 7853 9165 41QL J3XZ KODY I87","balance":"9044.40"},
{"accountNumber":"LT35 1892 3119 8908 0793","balance":"16312.38"},
{"accountNumber":"FR46 0698 5301 07BU AITG VTSR E56","balance":"13404.92"},
{"accountNumber":"MK46 417Y PCA7 5EU4 A61","balance":"28088.20"},
{"accountNumber":"DK22 7036 9215 4222 40","balance":"18825.80"},
{"accountNumber":"PS76 WYRE YRR1 3HS0 Z989 J4G5 FV2L W","balance":"17945.86"},
{"accountNumber":"GB70 IABT 3952 6413 5292 63","balance":"3951.15"},
{"accountNumber":"CH91 2303 3ADF UH8B QPNK W","balance":"12817.55"},
{"accountNumber":"MU30 YBVW 1764 1792 6459 8423 769R PP","balance":"14103.51"},
{"accountNumber":"CH88 9101 5UCB NHYO QQES V","balance":"27060.17"},
{"accountNumber":"HU98 3920 8314 9889 4583 2363 2036","balance":"13964.79"},
{"accountNumber":"LV66 SSDX 5QTD CM5H 7VMF N","balance":"24005.01"},
{"accountNumber":"AZ58 XJWE T4CH ETZS MNQW TARV 24XJ","balance":"1921.09"},
{"accountNumber":"GT10 JKTT SM3T 11ER YJH5 KMRH 5ZW6","balance":"15266.35"},
{"accountNumber":"SE20 3021 6114 2685 1526 2495","balance":"12586.28"},
{"accountNumber":"KW83 FQHV PW1Y HC7J AVVZ J37R R20N RH","balance":"18764.68"},
{"accountNumber":"SM30 G407 1455 9232 57OF J5LU R3H","balance":"13908.24"},
{"accountNumber":"FR78 6550 5341 42QN CKOD XKIB M82","balance":"23444.26"},
{"accountNumber":"IL04 8156 6903 5371 9210 921","balance":"15097.18"},
{"accountNumber":"FR10 5818 8283 34HT GEQH SAP3 K54","balance":"1954.38"},
{"accountNumber":"EE58 9259 7634 9591 1639","balance":"7590.97"},
{"accountNumber":"IE07 SAJU 8432 7318 1847 67","balance":"14992.96"},
{"accountNumber":"IL62 8340 2857 8794 3086 777","balance":"5617.69"},
{"accountNumber":"CH67 6992 3CI1 0PBW XG1G 1","balance":"9401.86"},
{"accountNumber":"IS70 3304 9894 9994 0719 2118 86","balance":"25365.37"},
{"accountNumber":"FO67 0913 3508 3053 25","balance":"17757.12"},
{"accountNumber":"LI74 3059 7JSS WDXT OAHA T","balance":"13027.90"},
{"accountNumber":"CR12 7360 0423 8288 3245 4","balance":"23151.80"},
{"accountNumber":"IL28 8518 5744 6950 2677 408","balance":"27746.30"},
{"accountNumber":"DO82 WI1O 5466 1925 6340 4381 7183","balance":"1384.47"},
{"accountNumber":"PS24 UGAO RYRI HRQP FP29 3ILU TUVA P","balance":"14435.31"},
{"accountNumber":"BE10 6055 1279 8949","balance":"11713.39"},
{"accountNumber":"FR15 9423 9312 39PS BECG CRA7 171","balance":"21748.35"},
{"accountNumber":"GR54 7166 833O 0MSB RGLZ IG56 ZAE","balance":"19518.72"},
{"accountNumber":"CH16 4065 10ND BMHS 73ZZ C","balance":"28823.44"},
{"accountNumber":"HU19 5773 1259 5964 4511 6954 9880","balance":"4941.69"},
{"accountNumber":"FR17 9847 2162 16ML 0FJ1 DOYJ S29","balance":"952.00"},
{"accountNumber":"LU37 229S WGYG RQAX NTRU","balance":"22835.81"},
{"accountNumber":"GI03 DLRZ XXRG JTRT BWAA TVM","balance":"6875.05"},
{"accountNumber":"LV62 XWNW BKGB PEMS 2XN9 B","balance":"25396.65"},
{"accountNumber":"TR95 8684 5NFB PJJ6 DSWZ RBIG A0","balance":"14063.58"},
{"accountNumber":"PK33 GRDM CCON B4BY FUUD OFOX","balance":"22024.11"},
{"accountNumber":"LV58 JERJ TXWI NF2C TI9I A","balance":"6723.83"},
{"accountNumber":"FR94 9174 3188 402E HT2E GW77 M59","balance":"21561.77"},
{"accountNumber":"ME13 3038 3236 7256 6732 68","balance":"18182.65"},
{"accountNumber":"SE88 0665 6875 9585 7374 7011","balance":"12624.77"},
{"accountNumber":"GI62 QQRN PFTA WQAS PO53 AMW","balance":"17003.54"},
{"accountNumber":"PT18 5009 2196 0257 0385 0667 1","balance":"12886.85"},
{"accountNumber":"RS05 8168 9379 6287 2623 67","balance":"26969.10"},
{"accountNumber":"DK46 5404 1339 4914 25","balance":"28198.17"},
{"accountNumber":"GT56 5JWI CEPX VGQ0 DI39 JNSQ FAA7","balance":"10988.29"},
{"accountNumber":"KZ33 780T FCWV YXIC 1ZP2","balance":"21560.62"},
{"accountNumber":"AT24 4924 0560 5897 9018","balance":"29231.02"},
{"accountNumber":"IE74 ZDQP 0563 7247 0232 26","balance":"13418.61"},
{"accountNumber":"MU15 RGEI 6503 1555 7820 6963 043R ZS","balance":"329.36"},
{"accountNumber":"DK58 5025 9444 1697 92","balance":"21649.00"},
{"accountNumber":"RS88 5575 9821 3628 6665 90","balance":"3685.97"},
{"accountNumber":"CH38 9480 7B9A CDHJ 40W6 K","balance":"3196.72"},
{"accountNumber":"ME65 0191 5130 2870 6879 16","balance":"27474.38"},
{"accountNumber":"SI18 4773 2239 5302 288","balance":"21313.23"},
{"accountNumber":"AL51 7553 7600 KUHB MM3A KBZ0 JOYQ","balance":"22898.69"},
{"accountNumber":"RO11 MNEY FC8Z RCUQ DEHS DP5L","balance":"26154.30"},
{"accountNumber":"FR87 6682 1318 69IZ CLH3 UCYC E45","balance":"5155.26"},
{"accountNumber":"MU59 VWNU 1543 2724 9762 4368 082J VS","balance":"6319.58"},
{"accountNumber":"BA55 3323 5843 3153 2464","balance":"1007.29"},
{"accountNumber":"BA06 7688 6410 8140 4686","balance":"14758.75"},
{"accountNumber":"PT61 8959 8699 2025 0653 1982 5","balance":"6868.67"},
{"accountNumber":"FR90 3017 5490 64XS ED8L 5OMQ N74","balance":"950.40"},
{"accountNumber":"AT29 4762 3998 4588 5635","balance":"8754.43"},
{"accountNumber":"PT43 8626 1708 9090 5371 3155 8","balance":"5320.90"},
{"accountNumber":"FR30 6305 5924 06N8 EA2G DAHZ 624","balance":"21668.86"},
{"accountNumber":"TR98 9563 1TQC WX4W QTPS CKMN KO","balance":"6838.14"},
{"accountNumber":"TN52 5267 0395 9983 0726 2762","balance":"3181.12"},
{"accountNumber":"AT94 4892 4655 9043 5145","balance":"7544.71"},
{"accountNumber":"FR43 5547 1961 42JY DTPF NXBH G50","balance":"24650.36"},
{"accountNumber":"FR65 7279 4430 18JK GWGX C48L M02","balance":"20208.29"},
{"accountNumber":"MD53 N3QM ERK9 ZDIG BOLJ AOD7","balance":"10712.66"},
{"accountNumber":"SM46 O219 5750 695S EDQA FBAP 4OS","balance":"16710.59"},
{"accountNumber":"BG85 JDQQ 5006 20WZ BYR8 LD","balance":"12903.96"},
{"accountNumber":"GL29 6787 4463 8525 94","balance":"29472.34"},
{"accountNumber":"DE49 4376 2142 1495 4097 67","balance":"3217.85"},
{"accountNumber":"PS05 KBIF A6NY C5CG CJPT XTMP J5NI Y","balance":"18558.10"},
{"accountNumber":"FR54 7298 2615 79XP QQKS PYIG E99","balance":"11674.38"},
{"accountNumber":"FR85 2994 6113 00UP 7HVX KBRC C80","balance":"22116.06"},
{"accountNumber":"TN30 1303 8377 7610 8430 5489","balance":"19348.28"},
{"accountNumber":"SI12 5664 5370 4378 851","balance":"27695.12"},
{"accountNumber":"AZ86 OPLB WAJ9 UJKK 0NY8 NDNZ K0MR","balance":"22426.06"},
{"accountNumber":"SA57 78JQ GVCG KWPP CFOA DFKC","balance":"22212.49"},
{"accountNumber":"LB76 8178 DLQQ D2RA 5QIN UVSW R9R1","balance":"24790.60"},
{"accountNumber":"FR14 2572 3828 78XV QUVW WRHJ 466","balance":"28017.78"},
{"accountNumber":"TN94 5962 6173 0569 8552 0015","balance":"2931.29"},
{"accountNumber":"FR47 7948 8110 117V FWBK 3ZIN H68","balance":"10427.82"},
{"accountNumber":"FR21 2692 7209 34W5 4UHA KFIM G06","balance":"17265.64"},
{"accountNumber":"FR11 5186 3321 64DE 5NN3 ZMU9 J99","balance":"4606.65"},
{"accountNumber":"KZ84 201X 0Y6D O5R2 HEOR","balance":"13615.70"},
{"accountNumber":"PS76 QBMK BD1Y 0FH8 GGSE MGF9 CT7N 3","balance":"19295.98"},
{"accountNumber":"MC93 5938 0382 91HO RV5T TLRP E76","balance":"12194.24"},
{"accountNumber":"GE03 MM77 4365 7470 2227 62","balance":"17820.41"},
{"accountNumber":"HU85 0087 7053 7391 7631 0157 3987","balance":"18540.52"},
{"accountNumber":"SK57 7551 6974 9129 2387 4054","balance":"26110.37"},
{"accountNumber":"DE88 6765 1846 2781 6521 70","balance":"27500.44"},
{"accountNumber":"DE06 7650 7556 2041 1538 04","balance":"1483.31"},
{"accountNumber":"TN44 4353 9115 9519 7327 5075","balance":"25165.28"},
{"accountNumber":"KZ80 140K SBYT 1K1C VT9P","balance":"11638.61"},
{"accountNumber":"SE21 1812 4600 6020 6125 3502","balance":"3388.27"},
{"accountNumber":"MD46 AEVW 6BPS B4SV RWDH QHMH","balance":"11647.06"},
{"accountNumber":"AD02 5919 0481 MI8A SK2Q L93K","balance":"21937.66"},
{"accountNumber":"ME12 1568 5453 9846 0105 18","balance":"8895.64"},
{"accountNumber":"PL95 9918 2921 7145 6442 3378 1960","balance":"25667.53"},
{"accountNumber":"HU76 5556 4430 3216 2086 9883 5092","balance":"6757.11"},
{"accountNumber":"GB28 CJRQ 6249 0737 8562 54","balance":"21271.68"},
{"accountNumber":"MK96 527V HZ38 2WJ8 V50","balance":"15970.45"},
{"accountNumber":"FR11 4218 0071 04UW ELTR 6OVN L19","balance":"21222.36"},
{"accountNumber":"PT25 4257 3381 8219 1248 5473 7","balance":"2698.95"},
{"accountNumber":"FR37 6306 8079 24IH QGP3 QJWT A90","balance":"19135.60"},
{"accountNumber":"FR37 1978 7944 525G HRY3 XNMH F65","balance":"5529.57"},
{"accountNumber":"LU19 575P 50HI EMIU KJHD","balance":"20846.76"},
{"accountNumber":"KW97 KRBJ HUDG SION ZQ2N AUDG L9O1 D0","balance":"458.74"},
{"accountNumber":"SE58 7447 8085 4223 9367 5420","balance":"20206.83"},
{"accountNumber":"GE18 BO18 6593 5197 2615 11","balance":"27043.84"},
{"accountNumber":"BG59 UDIP 5605 992K IZDS ZU","balance":"15040.30"},
{"accountNumber":"GE71 EP74 6936 1782 1840 54","balance":"13835.08"},
{"accountNumber":"FR03 4877 9281 24AY YCX9 FLCY N34","balance":"20959.22"},
{"accountNumber":"TR15 6235 7EYD SNZ4 CUMC BYH5 CZ","balance":"16846.64"},
{"accountNumber":"KW71 DYJD 57TA R3AY KHCW NAJK TZJB VF","balance":"3825.52"},
{"accountNumber":"FI60 4251 8025 7656 99","balance":"2027.23"},
{"accountNumber":"PS57 XYAY LWM8 LZYK VV5P Q5ZD V7NF 4","balance":"7895.76"},
{"accountNumber":"KZ89 998C HJZY EKEZ PBLE","balance":"7292.25"},
{"accountNumber":"FR25 7193 0948 59PJ S4XH 9U89 V19","balance":"23958.07"},
{"accountNumber":"GT12 JH7X CR7U BQR2 WGVK TAF7 ZO4U","balance":"10705.70"},
{"accountNumber":"ME41 3090 1571 6177 6720 86","balance":"16314.78"},
{"accountNumber":"FR37 3245 9435 12UX IELB HDKQ W49","balance":"28251.40"},
{"accountNumber":"FR43 8544 7845 2100 VNG1 IT29 W82","balance":"2077.43"},
{"accountNumber":"FR87 0779 1344 22GJ 3YTB MZUW 184","balance":"28854.62"},
{"accountNumber":"MT58 KHYG 4732 8EUY IHQV G3J6 BARB H79","balance":"6447.27"},
{"accountNumber":"FR06 0201 8320 38FR VJVI HTO2 O84","balance":"10065.79"},
{"accountNumber":"BG40 DFRT 9686 73EK NJYZ JV","balance":"26499.53"},
{"accountNumber":"MC17 6322 4189 85GE QKQM K0PY O02","balance":"9124.41"},
{"accountNumber":"FO22 4083 4419 3019 72","balance":"23618.36"},
{"accountNumber":"FR96 3664 4520 74FB SXEJ 9XGN A78","balance":"26215.86"},
{"accountNumber":"NO78 5462 2610 700","balance":"26446.00"},
{"accountNumber":"LB91 9819 001R LOGL K5KL KMG1 EBTI","balance":"25009.44"},
{"accountNumber":"IE78 WWNK 5449 2905 7400 70","balance":"23954.29"},
{"accountNumber":"ME11 8990 8826 1991 4722 79","balance":"22582.62"},
{"accountNumber":"DE41 9476 1752 7782 7172 48","balance":"12405.19"},
{"accountNumber":"BA69 6572 1030 2368 1067","balance":"29625.90"},
{"accountNumber":"MR72 7043 1058 9691 7607 9548 896","balance":"5703.38"},
{"accountNumber":"HR81 0417 3572 0307 7297 9","balance":"13423.37"},
{"accountNumber":"SE26 0558 6434 6791 3457 0394","balance":"7357.01"},
{"accountNumber":"DK37 3992 5727 3150 35","balance":"20127.84"},
{"accountNumber":"TR83 2817 3379 T7Z0 L8KW 60DH TZ","balance":"11003.52"},
{"accountNumber":"FR92 5663 9266 81OD ZWUP EUM1 S03","balance":"22549.49"},
{"accountNumber":"FR62 9549 9301 11F7 AOKD WBBW V38","balance":"15854.53"},
{"accountNumber":"AL78 7632 7580 JBGZ HDMR SU6O RACC","balance":"14089.01"},
{"accountNumber":"CR43 4599 3627 4691 2795 1","balance":"4621.04"},
{"accountNumber":"MC29 6026 3630 08AJ 3HIP PGMM X58","balance":"19956.80"},
{"accountNumber":"VG22 ICWL 8646 7035 4437 9603","balance":"21290.61"},
{"accountNumber":"FR89 8132 9082 17KO ZHA3 ZQCL I85","balance":"3529.40"},
{"accountNumber":"AE74 7887 6152 0575 5563 281","balance":"2038.81"},
{"accountNumber":"SK41 5154 3163 8822 8199 1591","balance":"21024.23"},
{"accountNumber":"FR65 5829 5164 62Z3 HO21 E8UC I97","balance":"25601.92"},
{"accountNumber":"BE57 6643 6484 8787","balance":"23880.28"},
{"accountNumber":"HR46 5759 8574 2806 8476 2","balance":"15532.06"},
{"accountNumber":"HU51 1311 2623 8997 3143 6887 0218","balance":"2677.69"},
{"accountNumber":"FR25 9304 0766 02SM DUJS DB4T X35","balance":"29851.94"},
{"accountNumber":"FR53 3960 0730 71IA AR5B OU4L L97","balance":"8856.69"},
{"accountNumber":"KZ57 964S 4JLC OUGU YWBJ","balance":"27710.87"},
{"accountNumber":"FR30 5803 0078 42JY J9IH ZWLU H86","balance":"23989.15"},
{"accountNumber":"PL24 9077 5900 4914 0663 0342 2197","balance":"14196.87"},
{"accountNumber":"BH87 MLCG QPJO SMSA YBXV ZW","balance":"28356.86"},
{"accountNumber":"FR27 8575 4656 58PD 6RK3 NMF0 Q40","balance":"9421.63"},
{"accountNumber":"FR79 2635 5448 39KK VECI 2SGU O97","balance":"3799.20"},
{"accountNumber":"AL66 9961 1370 FC58 5QMF 4RVR MXGD","balance":"23427.24"},
{"accountNumber":"SI12 7010 6054 7149 530","balance":"21107.52"},
{"accountNumber":"IL13 2513 1133 6140 2632 296","balance":"29357.16"},
{"accountNumber":"FR44 9746 5307 8666 WQ87 QQPR T45","balance":"28514.89"},
{"accountNumber":"SM77 H675 2496 082D YCE7 OZFR YZU","balance":"11591.83"},
{"accountNumber":"AE09 0450 8727 4360 9239 185","balance":"23354.70"},
{"accountNumber":"MR15 7695 4812 6417 9354 8244 124","balance":"24044.42"},
{"accountNumber":"BA46 4304 5787 8313 9351","balance":"9304.23"},
{"accountNumber":"AT89 6190 1921 0340 3145","balance":"22965.76"},
{"accountNumber":"LU63 159U MPIJ MWPO RJWB","balance":"15709.75"},
{"accountNumber":"CY48 9760 9043 BUTQ NWJG BG1P JCPX","balance":"16495.80"},
{"accountNumber":"CH14 7943 5TJB WPZ9 AFCQ U","balance":"13934.25"},
{"accountNumber":"KW93 GAXM VQQJ FLAB S6ZW TLX6 RDAB LH","balance":"18174.79"},
{"accountNumber":"MD17 PETQ QHIO S4TG 07ZH B02U","balance":"19697.56"},
{"accountNumber":"FO72 8298 2845 1620 61","balance":"24999.08"},
{"accountNumber":"FR80 2695 4101 43XH OVBY A6NC G89","balance":"702.70"},
{"accountNumber":"CY60 7759 7475 1G6A RKM0 ZUZF BQRI","balance":"13579.19"},
{"accountNumber":"FI78 0646 0136 6429 60","balance":"18335.28"},
{"accountNumber":"LB09 5136 YXOT VZKQ KNHM ZVEN KDKU","balance":"3534.86"},
{"accountNumber":"AE96 8576 2849 9795 8050 906","balance":"8357.50"},
{"accountNumber":"PL16 6004 8579 2679 8705 8809 9354","balance":"7095.29"},
{"accountNumber":"LV12 NQVI QBZ8 QECI XPHA 0","balance":"27617.23"},
{"accountNumber":"PT12 3794 6730 0694 0469 1887 8","balance":"26341.51"},
{"accountNumber":"TN77 9242 0822 8163 6735 6137","balance":"5090.88"},
{"accountNumber":"DE44 4895 4718 3754 7898 40","balance":"16339.54"},
{"accountNumber":"EE09 0540 2887 9465 3298","balance":"10187.96"},
{"accountNumber":"LT27 0863 9270 3337 0152","balance":"5466.50"},
{"accountNumber":"PL05 1209 1975 6572 5988 5625 6960","balance":"24741.94"},
{"accountNumber":"MD35 VGRK 2YRZ RFRD ONY5 5PJH","balance":"20544.28"},
{"accountNumber":"CY20 7289 0104 I5OQ YUMM CP5E R5KA","balance":"10574.94"},
{"accountNumber":"MT18 AVKR 8418 44TE ZSSU OCX0 1PBY A5V","balance":"27274.24"},
{"accountNumber":"IE83 OQLS 1019 4227 8118 85","balance":"6576.32"},
{"accountNumber":"DK50 9573 1104 6674 49","balance":"619.60"},
{"accountNumber":"BR81 2282 2836 5092 1520 1817 193X A","balance":"2963.80"},
{"accountNumber":"DO60 TMTN 2124 2546 9355 3471 1259","balance":"8435.06"},
{"accountNumber":"PL59 9604 3445 6660 8175 9429 1716","balance":"20378.45"},
{"accountNumber":"EE15 7757 6709 2918 8213","balance":"761.13"},
{"accountNumber":"RO39 QCYM KGRP VQG0 CDFW OOZK","balance":"8868.43"},
{"accountNumber":"FR88 8266 2237 06TV W17P P5TV N44","balance":"21437.63"},
{"accountNumber":"FR36 6097 6870 66AT 0TYO VI6Z R17","balance":"17370.57"},
{"accountNumber":"ME65 0653 9103 0635 4029 98","balance":"4498.20"},
{"accountNumber":"MU85 PSNZ 6977 7683 7035 1760 964K ZA","balance":"1241.46"},
{"accountNumber":"AL10 1510 3257 1PVS UNWP FJWO VODY","balance":"8537.51"},
{"accountNumber":"BE63 5260 6216 1185","balance":"16904.13"},
{"accountNumber":"FR28 0472 0284 82A8 S6PM RNGE V35","balance":"22122.21"},
{"accountNumber":"LT08 7462 2590 1647 5189","balance":"11506.80"},
{"accountNumber":"FR40 7874 0220 44QP LTDB HCAE T75","balance":"28671.34"},
{"accountNumber":"HR22 8076 1956 8945 3887 0","balance":"2905.12"},
{"accountNumber":"PL03 1940 5524 8933 5832 7896 4860","balance":"13208.77"},
{"accountNumber":"SI23 3361 6965 9818 318","balance":"956.69"},
{"accountNumber":"IL53 7296 3084 1956 9157 222","balance":"3894.13"},
{"accountNumber":"AE55 1714 7478 6242 0883 110","balance":"13881.70"},
{"accountNumber":"LB26 0522 EERC 6IWX NQKK 0EMQ LRUH","balance":"9610.79"},
{"accountNumber":"MT46 GDGP 8833 39JZ RVFC 6LWG TTHK 09T","balance":"24437.19"},
{"accountNumber":"SK12 1223 0026 9847 8578 8856","balance":"5321.37"},
{"accountNumber":"FR25 0156 5747 99ZP 5TBA O1U0 Q82","balance":"9390.45"},
{"accountNumber":"MT80 FSDE 9714 4FFA DHS9 UGAA WATY CPV","balance":"15665.90"},
{"accountNumber":"RO30 FHRG B5CH 17KX ZIAJ ZV65","balance":"3992.04"},
{"accountNumber":"RO30 ZIIX JLWP NTJV Y2S7 RYFX","balance":"29551.65"},
{"accountNumber":"FO17 3220 7837 9459 04","balance":"23822.18"},
{"accountNumber":"AL47 8962 6553 XCOX 8LRZ GGEW LWNS","balance":"10414.80"},
{"accountNumber":"HU89 2209 0865 7809 2108 0997 7682","balance":"19675.63"},
{"accountNumber":"LI32 0667 76YV FTYD ELSW G","balance":"24751.52"},
{"accountNumber":"VG03 QJOB 0639 4273 6051 4356","balance":"29537.55"},
{"accountNumber":"MD86 YSUC 2DGY JEYL MTSV C1LG","balance":"19201.33"},
{"accountNumber":"GL14 8989 0761 4277 23","balance":"28033.96"},
{"accountNumber":"IT08 B243 6958 878I KS3B CWDH KVI","balance":"3337.87"},
{"accountNumber":"MC03 0070 8507 80KG SL84 CRMQ O59","balance":"7486.26"},
{"accountNumber":"IT08 B824 2009 836S 90VR SNEG ODZ","balance":"23057.31"},
{"accountNumber":"FR75 4748 7926 73DP NT6L JGVY J35","balance":"23807.22"},
{"accountNumber":"MC58 7002 8819 91Y4 8T6O FBJ4 V10","balance":"24514.36"},
{"accountNumber":"MT69 ZQKB 6987 4DTV XGVJ TEDU QNIU IUX","balance":"3283.69"},
{"accountNumber":"MT88 KPLO 7621 9CHT JCHW AUIX MQ5V PAW","balance":"28769.04"},
{"accountNumber":"BH33 ZXSV VEHA UGXD FQLK VB","balance":"11818.67"},
{"accountNumber":"CR55 0649 2993 1162 6841 5","balance":"21297.56"},
{"accountNumber":"MD34 5OOU MK7X 4VLS 4RCS 0FSA","balance":"7274.62"},
{"accountNumber":"PT38 6743 6888 3988 4410 0299 6","balance":"27867.93"},
{"accountNumber":"FR02 3999 4163 045G K6X8 2KTT G64","balance":"25365.29"},
{"accountNumber":"GR79 0743 799I YFLK QZSF SS3P O2E","balance":"648.05"},
{"accountNumber":"LV47 NXXE WYSA YASU CZFQ E","balance":"17717.29"},
{"accountNumber":"FR50 8020 3954 85O1 ZOUK Q5N3 A73","balance":"17378.46"},
{"accountNumber":"BG29 ZSVT 4913 83MV JLLG W0","balance":"20792.72"},
{"accountNumber":"FR17 3476 5942 58QG RGTW HVIX A19","balance":"6563.83"},
{"accountNumber":"PK10 RYAO OY7W HTG4 TBHX CR4U","balance":"19221.27"},
{"accountNumber":"MC02 3260 2163 13TA EUNG TVLN 985","balance":"19819.66"},
{"accountNumber":"BA71 2612 0471 1017 4366","balance":"3638.32"},
{"accountNumber":"MC25 1838 6367 45VZ ADXY YET9 X79","balance":"1991.57"},
{"accountNumber":"SE72 0991 6051 3932 7748 7029","balance":"624.62"},
{"accountNumber":"IS93 9644 6524 7714 8140 0817 19","balance":"1556.62"},
{"accountNumber":"AE97 3492 7619 5360 3454 885","balance":"29586.43"},
{"accountNumber":"BH91 MEOB QFFW G96M 4ED2 G1","balance":"16863.35"},
{"accountNumber":"LT06 3995 0487 9783 7392","balance":"29335.83"},
{"accountNumber":"MT90 KTGV 4641 0UIH HLUY KAP1 KCB6 UTX","balance":"19528.81"},
{"accountNumber":"SI09 6668 3119 2923 412","balance":"12960.56"},
{"accountNumber":"AD97 9475 3770 WCZQ JDDC WB9I","balance":"14287.95"},
{"accountNumber":"SE06 4725 7887 7581 0520 5158","balance":"19208.31"},
{"accountNumber":"MT60 WARF 5195 0G6N A8YF BQKP YOID 93T","balance":"1314.25"},
{"accountNumber":"NO66 6732 1653 230","balance":"11630.95"},
{"accountNumber":"AL26 6154 1154 MCYC QBON MJUP UPF0","balance":"459.86"},
{"accountNumber":"BA59 8036 4353 3297 8841","balance":"18631.57"},
{"accountNumber":"AZ58 FHHO MZ84 WM97 WRQM EATS DC38","balance":"27659.53"},
{"accountNumber":"MC13 2026 4931 73PD AESH QAMC C15","balance":"14487.14"},
{"accountNumber":"LI66 7990 7AJX OXZG 8IBP V","balance":"25124.80"},
{"accountNumber":"MR59 6677 2635 2811 7796 0835 824","balance":"867.31"},
{"accountNumber":"VG53 INOM 2852 8947 2211 1570","balance":"11038.84"},
{"accountNumber":"IT90 E873 6010 513G TH5H Z2WW M7P","balance":"1309.21"},
{"accountNumber":"NO63 0473 8390 997","balance":"19427.31"},
{"accountNumber":"SI67 3333 0159 5837 323","balance":"16714.09"},
{"accountNumber":"TN92 9064 0764 0665 8536 0220","balance":"15555.14"},
{"accountNumber":"FR47 3538 4387 58RP UI83 F16E N99","balance":"20866.39"},
{"accountNumber":"PL71 8429 4269 9821 3950 8202 1709","balance":"2947.77"},
{"accountNumber":"FR54 7542 3396 56VC G2UN PTND K83","balance":"10188.18"},
{"accountNumber":"DO98 BNMX 7350 4069 9939 8019 9618","balance":"12414.83"},
{"accountNumber":"RO10 JAOW SNEK CGNS MAUM 5TML","balance":"7245.07"},
{"accountNumber":"SI85 0326 0604 5150 660","balance":"6371.10"},
{"accountNumber":"PK60 IQFG I45V MPNP 1R9L O6RC","balance":"24925.82"},
{"accountNumber":"GL82 9682 6358 4121 43","balance":"8184.73"},
{"accountNumber":"FR14 4276 3143 20YW 6RQ2 DAKC Z94","balance":"11953.03"},
{"accountNumber":"TN74 2938 9863 0071 3420 0940","balance":"801.90"},
{"accountNumber":"BH23 GIQF GETI HLPK ODJN G3","balance":"11407.53"},
{"accountNumber":"GR18 6312 451N R5U6 P1RB USJ0 QDW","balance":"29788.97"},
{"accountNumber":"FO67 3691 2444 3547 80","balance":"24222.52"},
{"accountNumber":"FR38 9253 6511 406W YNKD A58K 036","balance":"4552.34"},
{"accountNumber":"SA74 54D4 7J9B CBGZ IB1G VZOC","balance":"27596.33"},
{"accountNumber":"CR70 6016 9148 1277 1498 2","balance":"17642.86"},
{"accountNumber":"FR42 0479 8270 58LZ QE2M FJCF T67","balance":"9068.87"},
{"accountNumber":"CY69 4814 8429 JWLB SBKP YVVP IF3N","balance":"7567.55"},
{"accountNumber":"AD04 7888 3211 ONMF LRAB ROV0","balance":"9689.14"},
{"accountNumber":"ES11 6033 0311 7725 7081 4651","balance":"1143.17"},
{"accountNumber":"DO23 PGYC 0509 7132 7261 9933 8646","balance":"14408.32"},
{"accountNumber":"PT19 8063 4331 6465 8554 6901 9","balance":"27648.05"},
{"accountNumber":"BR91 8135 4209 1777 7908 8885 503G C","balance":"10714.36"},
{"accountNumber":"GE15 FA25 0564 4286 0187 36","balance":"12087.79"},
{"accountNumber":"FR90 3462 1166 982B 4SF8 UKIY L32","balance":"22682.34"},
{"accountNumber":"AE80 8814 4189 4400 5942 368","balance":"23930.80"},
{"accountNumber":"SK89 4644 7781 9740 9364 2463","balance":"18504.13"},
{"accountNumber":"LI92 8942 3XR3 UJDB OJWD 2","balance":"20191.96"},
{"accountNumber":"VG96 DPHT 3623 2899 7830 1800","balance":"7859.83"},
{"accountNumber":"CY32 7399 6502 PQ6R UJSO YAUG WBGT","balance":"12500.84"},
{"accountNumber":"EE15 4325 1565 9931 8105","balance":"27046.16"},
{"accountNumber":"BR38 9191 2426 9781 0420 7506 746K Z","balance":"21201.54"},
{"accountNumber":"LI58 5018 1HT8 JOZJ SX57 1","balance":"12215.56"},
{"accountNumber":"FR09 0389 6545 31MP 49IZ IM9E 213","balance":"21187.15"},
{"accountNumber":"MT30 VJZN 4903 6JYY 5QOA 4CKO PQIC XLP","balance":"403.03"},
{"accountNumber":"MK57 791A 7EPA DXNW F92","balance":"6148.92"},
{"accountNumber":"NL32 JRKP 8063 8777 50","balance":"2423.16"},
{"accountNumber":"LV85 IKBU GG9H VMHD KOCI O","balance":"6025.12"},
{"accountNumber":"GT58 EEXT KPN6 PNFV RN7Z JH5U OIXO","balance":"25864.58"},
{"accountNumber":"LU57 564O 7J6O XMF4 GNTA","balance":"584.09"},
{"accountNumber":"CZ70 4300 9792 8167 0188 7225","balance":"21113.66"},
{"accountNumber":"CY73 4866 6675 LPIZ G6HL 0X8S AQBB","balance":"15256.92"},
{"accountNumber":"LV34 UDSB ENAQ CXFL L0P6 I","balance":"25812.35"},
{"accountNumber":"DO05 PHJT 7283 7707 6421 4236 1808","balance":"12313.37"},
{"accountNumber":"BH27 GVRQ WBHC 7D9L AYZR Z3","balance":"21415.73"},
{"accountNumber":"HR91 7038 3354 5590 0070 8","balance":"17452.68"},
{"accountNumber":"BE68 2659 9758 5977","balance":"2438.34"},
{"accountNumber":"LT44 6524 0168 2372 9753","balance":"2134.26"},
{"accountNumber":"RO91 NKKF 0ULJ 4KJG KQKA RKVE","balance":"15059.54"},
{"accountNumber":"TR69 2197 1UAL AXB3 LDVC YJ2F PR","balance":"9928.23"},
{"accountNumber":"FR27 4930 8478 64MR WTLW PSN6 G30","balance":"17805.79"},
{"accountNumber":"FR52 5430 3287 13O6 QAQH K59N K68","balance":"28575.10"},
{"accountNumber":"GR27 4946 426U C3EA 4DVB KIZ2 JEL","balance":"14938.84"},
{"accountNumber":"AT04 2042 1241 4262 8854","balance":"6178.92"},
{"accountNumber":"FR50 3688 1710 23G6 7TLT B0XX Z67","balance":"28636.95"},
{"accountNumber":"IS75 8914 5469 6007 7900 8216 04","balance":"15306.79"},
{"accountNumber":"VG87 EWBJ 7118 1738 2823 6995","balance":"25978.50"},
{"accountNumber":"FR82 5987 9335 85IL J9RL EH5O V86","balance":"20441.50"},
{"accountNumber":"BH61 MTAH 1OGB MBLN G6NF ZI","balance":"2008.64"},
{"accountNumber":"FR18 6939 7011 81WY IBFY BURT F54","balance":"29187.87"},
{"accountNumber":"FR23 3350 9751 08IV LTOL 6SRO Z70","balance":"19578.33"},
{"accountNumber":"FR42 1015 3537 602R EEW5 OQAI X30","balance":"29043.80"},
{"accountNumber":"RO53 IZER C0NU VCQA PEVL NAQB","balance":"27549.74"},
{"accountNumber":"FO29 8336 9082 6787 52","balance":"3915.37"},
{"accountNumber":"BG64 AIWU 7591 96OI AVHM HS","balance":"10402.94"},
{"accountNumber":"IE04 ATYT 8029 6667 1242 79","balance":"17548.22"},
{"accountNumber":"FR38 2717 2718 56AJ H9GB WIX3 G35","balance":"9509.94"},
{"accountNumber":"AD87 5329 9975 ALXX C7BY DJCH","balance":"29387.77"},
{"accountNumber":"IL18 9808 6829 5754 0335 008","balance":"3337.67"},
{"accountNumber":"SA14 60GH DGGU TQJI Y2EE QKRW","balance":"13039.33"},
{"accountNumber":"CH39 6079 02XB 2J9J S8JO K","balance":"3087.29"},
{"accountNumber":"TR85 9615 9WWQ PD4N MSXJ 10JB 3A","balance":"10203.89"},
{"accountNumber":"FR55 2885 1847 36NC PQ3Y DQBQ C52","balance":"5402.28"},
{"accountNumber":"BR98 3912 0135 1454 3699 5674 931L 0","balance":"11687.33"},
{"accountNumber":"SK98 2684 0142 9864 6831 1223","balance":"10440.04"},
{"accountNumber":"HU69 5902 9554 5503 7021 3036 8411","balance":"22598.91"},
{"accountNumber":"HU49 8615 6985 9191 0432 9278 2783","balance":"27145.14"},
{"accountNumber":"LU27 2831 DHZW YBXO KV0T","balance":"12823.34"},
{"accountNumber":"DK45 5019 3285 4147 95","balance":"25790.76"},
{"accountNumber":"GR37 6124 882B AB5O PDJN JIS6 SHU","balance":"4953.94"},
{"accountNumber":"FO11 8807 2828 4127 99","balance":"8203.20"},
{"accountNumber":"BH64 FIQS K1BW RCPS 7N8E FB","balance":"25901.68"},
{"accountNumber":"MK51 234L ABXL EUZD X56","balance":"11582.47"},
{"accountNumber":"TN52 2916 2855 1638 2366 8873","balance":"16115.28"},
{"accountNumber":"MU89 IAQX 6518 3882 7225 5472 136I JJ","balance":"5380.47"},
{"accountNumber":"LI82 1260 1LYU NQEH BTIR 7","balance":"14605.21"},
{"accountNumber":"NL64 FWXH 9664 6399 63","balance":"18740.27"},
{"accountNumber":"TN89 1615 9500 9494 4960 2723","balance":"20525.32"},
{"accountNumber":"IS38 8238 4285 6318 7400 5360 47","balance":"20744.92"},
{"accountNumber":"AE54 8185 7012 6257 2700 836","balance":"21070.49"},
{"accountNumber":"GE05 CA74 5407 6656 9048 00","balance":"13555.08"},
{"accountNumber":"HU47 7237 9866 1007 5618 9134 9020","balance":"28080.72"},
{"accountNumber":"FR77 5667 4856 96KR OFRT FLKS O91","balance":"28307.90"},
{"accountNumber":"HR62 0358 7876 8634 8568 1","balance":"7876.63"},
{"accountNumber":"DE48 2509 7275 6601 3100 59","balance":"4134.32"},
{"accountNumber":"BR80 0878 2406 5982 8073 4643 746D 1","balance":"15362.39"},
{"accountNumber":"AZ79 TXGW 29ZD SYVH TF4V H5FF 4OPS","balance":"17485.38"},
{"accountNumber":"NL91 EGAI 1686 6121 63","balance":"24921.80"},
{"accountNumber":"NL76 INWK 7082 9264 50","balance":"12900.78"},
{"accountNumber":"MK64 487G RQD6 Q4AK Y61","balance":"14326.51"},
{"accountNumber":"PT75 9372 6732 1426 0358 5828 1","balance":"25472.97"},
{"accountNumber":"VG68 TBVX 9112 5438 1874 4152","balance":"21781.98"},
{"accountNumber":"MD22 TQK6 GNVL OECF 3R7B RKVN","balance":"21267.34"},
{"accountNumber":"FI52 9759 9160 8583 50","balance":"29056.28"},
{"accountNumber":"GR73 6025 070S BJXM F3OP Y6QB AD4","balance":"8885.11"},
{"accountNumber":"MC82 6029 6225 48CY MB1L ZQH7 A72","balance":"2798.75"},
{"accountNumber":"FR91 6502 1751 84P0 HVZ8 OIV0 T74","balance":"18055.92"},
{"accountNumber":"FR80 1525 7653 87MF 66JB DIR7 J75","balance":"28441.77"},
{"accountNumber":"BG90 EXZR 3104 11CB BIGO HG","balance":"11893.60"},
{"accountNumber":"GB32 QHFG 8917 7368 7931 26","balance":"18370.45"},
{"accountNumber":"FR37 2158 7290 33KG I1YN WMQ1 J70","balance":"3877.45"},
{"accountNumber":"RS41 4914 4206 8109 9042 44","balance":"22381.54"},
{"accountNumber":"CR34 9831 6315 5916 0135 5","balance":"25570.13"},
{"accountNumber":"CZ30 9018 2149 2095 1355 6317","balance":"7969.86"},
{"accountNumber":"AL91 9046 7878 IVCO 5FRB E4IU KVNO","balance":"15107.46"},
{"accountNumber":"AT22 8526 6583 4595 3388","balance":"2937.19"},
{"accountNumber":"GL84 0433 7235 5793 41","balance":"20452.99"},
{"accountNumber":"PT42 3869 7533 1708 4285 4010 5","balance":"8632.27"},
{"accountNumber":"SM88 Q359 5502 739S 9GJN BYLN XNT","balance":"4298.48"},
{"accountNumber":"NO64 0855 7371 189","balance":"1833.43"},
{"accountNumber":"IS90 2722 5663 8552 9465 3004 52","balance":"7776.88"},
{"accountNumber":"MC63 9182 8602 54XJ YAED OPFP 374","balance":"15950.23"},
{"accountNumber":"FR97 4323 1663 51VW ESUW XS90 H59","balance":"20685.53"},
{"accountNumber":"DK94 4757 4256 8474 13","balance":"15977.09"},
{"accountNumber":"FR42 1503 9624 84JZ UMQ3 OBBU X40","balance":"10525.47"},
{"accountNumber":"ES87 9720 6484 8673 4735 4878","balance":"25188.68"},
{"accountNumber":"IT70 S560 0223 556H 8JCU BCYC SAA","balance":"22270.98"},
{"accountNumber":"AL52 4269 7792 OB6T FTQM HFDK A4NK","balance":"2938.54"},
{"accountNumber":"ES27 9564 7667 7802 4912 9433","balance":"1059.69"},
{"accountNumber":"MT47 EEGP 2565 2IVH ARJU Z6K2 V5AI LVG","balance":"16573.09"},
{"accountNumber":"CY06 5761 8719 9FSN MIKI O2ZM EZA8","balance":"16336.12"},
{"accountNumber":"LB58 5498 GXPU 59WU RSDD 9XAQ QWWQ","balance":"8699.22"},
{"accountNumber":"GB53 YSZU 3519 3056 6038 43","balance":"11401.04"},
{"accountNumber":"TR39 9601 7SAX P5AD UMHM OEXO BM","balance":"18439.61"},
{"accountNumber":"FR45 6369 6385 66HN V9QF KVHE 722","balance":"20766.40"},
{"accountNumber":"VG36 WVAB 6228 6718 3485 4414","balance":"1143.20"},
{"accountNumber":"BG30 DNDZ 3144 95BE 2BPM HG","balance":"6324.80"},
{"accountNumber":"FR80 7812 4299 07XK KHKJ PFIH K50","balance":"3735.19"},
{"accountNumber":"CY43 5969 9314 9FCW LDD4 3G8Z GDPE","balance":"4387.11"},
{"accountNumber":"GI05 ZJDM 6RBX BUUV B86T NYN","balance":"19399.94"},
{"accountNumber":"KZ70 225Y Q3AL 8HVU 2XR2","balance":"21960.90"},
{"accountNumber":"AT73 4680 1532 1520 7187","balance":"29378.58"},
{"accountNumber":"FO56 0855 1439 5609 44","balance":"7059.75"},
{"accountNumber":"EE15 7473 1277 8143 1869","balance":"15413.01"},
{"accountNumber":"FI82 9823 0669 9353 27","balance":"25917.48"},
{"accountNumber":"CR84 2037 9869 2614 1832 6","balance":"2569.43"},
{"accountNumber":"DO43 BFFP 6772 6882 7766 2519 1425","balance":"26808.21"},
{"accountNumber":"SK94 5573 0526 6605 0046 0757","balance":"5955.88"},
{"accountNumber":"DE67 5780 8966 8976 1701 78","balance":"26784.46"},
{"accountNumber":"SI90 5276 1334 6709 058","balance":"15307.78"},
{"accountNumber":"FR59 7834 5140 17AH MQCC Z1SN E71","balance":"6042.75"},
{"accountNumber":"HR22 2010 4262 7062 8910 3","balance":"1293.53"},
{"accountNumber":"FI84 1720 2969 7019 15","balance":"17415.98"},
{"accountNumber":"HR63 4028 5190 7370 5052 4","balance":"23849.61"},
{"accountNumber":"FI21 7990 7354 1195 08","balance":"12180.87"},
{"accountNumber":"GB72 AGIK 1128 4868 3813 57","balance":"21745.93"},
{"accountNumber":"LB62 2100 COYY Q0BJ J5ZF I0F5 J8HD","balance":"8327.03"},
{"accountNumber":"BA43 3116 6591 7726 5472","balance":"21794.15"},
{"accountNumber":"DE38 0675 3339 5406 5855 25","balance":"19286.56"},
{"accountNumber":"KW86 ZNVG ZRKO TF6R HGQS IXOY 551U JP","balance":"29101.53"},
{"accountNumber":"GB37 CZHQ 2768 1120 1246 68","balance":"21389.58"},
{"accountNumber":"IE89 WUIP 6240 1510 3017 25","balance":"28314.86"},
{"accountNumber":"SK85 9366 3634 6631 6882 7473","balance":"12053.54"},
{"accountNumber":"SM86 C132 1876 853R ALAD QGUJ NGH","balance":"9043.03"},
{"accountNumber":"SK37 2912 0621 3851 1321 6081","balance":"19332.43"},
{"accountNumber":"BG17 WEJV 7216 19LN K8QN FU","balance":"27825.24"},
{"accountNumber":"FR50 4292 6991 05OS LZXS SMHX L36","balance":"15401.93"},
{"accountNumber":"VG14 ICAN 6287 5223 6765 0047","balance":"26634.31"},
{"accountNumber":"HR66 1826 8669 6252 5564 9","balance":"25088.81"},
{"accountNumber":"PT93 9356 6961 0196 5965 6121 8","balance":"13724.26"},
{"accountNumber":"LV84 WBNS 2DE9 VSQX B0UG C","balance":"27449.96"},
{"accountNumber":"FR80 7752 6327 08AF FI2C NA5U Q33","balance":"21746.02"},
{"accountNumber":"GL73 6823 5935 1837 71","balance":"18235.04"},
{"accountNumber":"IT08 D213 3466 906T CMWC BL78 QIX","balance":"22978.15"},
{"accountNumber":"FR31 5796 9701 17LU OWVZ IUNZ 949","balance":"10060.66"},
{"accountNumber":"GT17 HQMN 06EN PFN8 CBV6 D8JJ EFG2","balance":"21045.27"},
{"accountNumber":"GL35 8962 8340 2184 09","balance":"7943.93"},
{"accountNumber":"EE80 6234 6448 7954 7309","balance":"29649.80"},
{"accountNumber":"MU61 KFMD 9087 0227 7722 6511 970G RO","balance":"9499.82"},
{"accountNumber":"FO25 3049 9172 9474 85","balance":"25568.32"},
{"accountNumber":"GB61 IWPQ 0744 5832 6566 66","balance":"13564.69"},
{"accountNumber":"VG22 SUSP 0495 7308 5213 0152","balance":"15766.85"},
{"accountNumber":"ME59 0610 2966 2801 2843 51","balance":"24829.66"},
{"accountNumber":"GR96 6123 097T VM8P WOPJ WNNM Y6R","balance":"15920.81"},
{"accountNumber":"FR40 7059 1835 18GP ZNFS 62SA V07","balance":"12033.34"},
{"accountNumber":"BA12 5342 3331 7611 5304","balance":"21087.85"},
{"accountNumber":"LV27 TDZD IBY7 BPZJ YUOH W","balance":"15867.85"},
{"accountNumber":"CZ48 0630 7476 5262 0843 5161","balance":"20246.06"},
{"accountNumber":"MT08 NFBB 5472 0SUN GKG6 LL8N KZ9B U8X","balance":"3281.61"},
{"accountNumber":"BH15 XSLJ DDAE JM4E RUYW 4P","balance":"14999.59"},
{"accountNumber":"CZ29 9972 1865 4759 0116 9633","balance":"17101.81"},
{"accountNumber":"BG69 BZJE 9268 36J4 42EJ DB","balance":"2536.97"},
{"accountNumber":"HU26 8115 5015 7306 0330 1110 6509","balance":"6766.08"},
{"accountNumber":"FR22 3414 5752 61LA TWN2 1I68 V13","balance":"17952.16"},
{"accountNumber":"FR31 3918 7838 59Z0 J4QD GOD9 S83","balance":"15695.54"},
{"accountNumber":"MD46 C3FE TXZ1 BQ9G YWEN WHYL","balance":"3313.11"},
{"accountNumber":"NL08 XUPL 7936 8279 56","balance":"24778.59"},
{"accountNumber":"MU27 TPYO 4598 9285 5541 9184 757B MZ","balance":"21664.63"},
{"accountNumber":"HR07 0612 2028 5990 3407 1","balance":"5441.28"},
{"accountNumber":"TR63 9654 35ZX LONX 3HZK DQX4 U1","balance":"8929.93"},
{"accountNumber":"FR64 3835 7628 79CE YA4G GREK 836","balance":"22342.34"},
{"accountNumber":"DO28 VG0Z 9332 2186 7624 9484 3363","balance":"13020.32"},
{"accountNumber":"FR06 8168 0347 42M9 YDVU BUAR H32","balance":"11969.73"},
{"accountNumber":"PT08 8768 5852 2255 5269 0589 7","balance":"20233.58"},
{"accountNumber":"MU90 WBYG 7101 9011 7050 0636 554P BJ","balance":"29269.04"},
{"accountNumber":"FR31 5885 4597 681O IAOR WLW8 E06","balance":"8812.33"},
{"accountNumber":"FR76 7272 5873 92EB AAP0 ATBV E49","balance":"1081.63"},
{"accountNumber":"NO72 2422 7773 328","balance":"18581.73"},
{"accountNumber":"CZ64 6964 9138 7363 8742 4817","balance":"11914.29"},
{"accountNumber":"MK11 4319 S1QE G3AW T59","balance":"11966.54"},
{"accountNumber":"CY87 7782 2479 J8BE XIXO CVZ0 R71Z","balance":"16122.89"},
{"accountNumber":"KZ12 770M TP3M W1LO EH2D","balance":"17622.99"},
{"accountNumber":"NL15 UUIL 3286 5926 88","balance":"25205.57"},
{"accountNumber":"TN65 5500 7848 9009 8574 4904","balance":"3943.12"},
{"accountNumber":"LV63 KABR S25Y FSHU 8AJS 1","balance":"11576.20"},
{"accountNumber":"SK40 0838 6333 7962 2161 7044","balance":"19392.23"},
{"accountNumber":"GE44 PR84 5645 5284 0186 25","balance":"18520.99"},
{"accountNumber":"MK77 744Y SUBU YDHU V81","balance":"11043.36"},
{"accountNumber":"FR47 8600 1040 70I0 VZOP S9HD R80","balance":"1409.30"},
{"accountNumber":"PS84 SNBU ZBS1 QEFW 094O UPBO 6PTC D","balance":"5395.38"},
{"accountNumber":"TR29 4259 8NKX TBP5 UXDF WJND FK","balance":"23628.88"},
{"accountNumber":"IS07 7906 1611 0990 3165 9207 20","balance":"26340.15"},
{"accountNumber":"BA07 8143 1411 4638 2322","balance":"11782.97"},
{"accountNumber":"VG36 NSEG 6284 9317 5915 1997","balance":"23250.33"},
{"accountNumber":"FR68 2294 4405 757B AT5T HTJU 501","balance":"20536.67"},
{"accountNumber":"FR81 1128 8326 82WZ FCAM KYJI V09","balance":"8053.73"},
{"accountNumber":"FI77 6803 8481 2846 53","balance":"1623.80"},
{"accountNumber":"NO76 3552 3232 651","balance":"23007.66"},
{"accountNumber":"RO63 GUAU 605H HNWL RPAB JA4D","balance":"7302.63"},
{"accountNumber":"LT13 5204 3454 3349 4470","balance":"12617.55"},
{"accountNumber":"MC71 8942 1369 22CH WAKL PCJ4 Z36","balance":"16640.60"},
{"accountNumber":"CR54 7360 4494 5787 3757 3","balance":"28652.67"},
{"accountNumber":"SE27 0083 3729 4198 2519 2729","balance":"15269.49"},
{"accountNumber":"RO03 CRHN CLSL UPYO 2QLV OLVJ","balance":"14018.17"},
{"accountNumber":"BG26 JGIF 4781 99C3 RUZR UK","balance":"27980.82"},
{"accountNumber":"DE72 4847 5567 3276 9744 51","balance":"19822.86"},
{"accountNumber":"BH49 DYAN DDHK RPF9 N2SS C5","balance":"25809.21"},
{"accountNumber":"PT48 1395 6799 3739 3204 0146 8","balance":"29036.35"},
{"accountNumber":"CZ28 3871 1429 0566 1574 2516","balance":"13705.31"},
{"accountNumber":"SE73 7343 9700 1175 8746 1450","balance":"15881.00"},
{"accountNumber":"BA09 7018 8816 0291 0314","balance":"7370.99"},
{"accountNumber":"BR50 1103 1631 3582 5346 8515 184L S","balance":"26273.76"},
{"accountNumber":"FR95 2952 9869 77TN UFB4 HDRY A45","balance":"29483.25"},
{"accountNumber":"BE50 0987 7172 5636","balance":"27188.85"},
{"accountNumber":"KZ11 9549 XPF1 NQTV 6SET","balance":"17700.62"},
{"accountNumber":"IS32 9215 5050 6197 4353 2723 00","balance":"11899.22"},
{"accountNumber":"SM32 G975 9911 414H MB6O IWJT U34","balance":"28325.49"},
{"accountNumber":"GT65 PG0S XK9Z TPCZ 8FLV I5IZ KNAN","balance":"24161.52"},
{"accountNumber":"FR12 7074 9956 46SN XW7V LUFH H76","balance":"1365.54"},
{"accountNumber":"LT30 7401 4394 8902 6914","balance":"19696.21"},
{"accountNumber":"GR91 0145 449V OIGQ YBUZ SGMS WNR","balance":"27628.61"},
{"accountNumber":"VG12 DZRV 6934 6420 6093 8479","balance":"13392.97"},
{"accountNumber":"DK61 1848 7515 4599 44","balance":"4834.98"},
{"accountNumber":"SE69 3229 7655 0662 7093 0498","balance":"21135.40"},
{"accountNumber":"NL44 WYPX 6566 7813 04","balance":"17640.20"},
{"accountNumber":"AZ22 DIPJ BDKC 4UVG ONVR FB6X OK3X","balance":"3851.31"},
{"accountNumber":"MD71 L8SZ JNQU OXFS 2ETB PWWB","balance":"27637.24"},
{"accountNumber":"FR98 3042 3870 28WI XAC1 VF3S I85","balance":"3452.10"},
{"accountNumber":"RO75 QBVW RLSI X7HZ EBE5 JBZV","balance":"8748.17"},
{"accountNumber":"MU66 LMFL 1087 6194 9217 6252 144J DM","balance":"15201.50"},
{"accountNumber":"DO61 J6SE 6950 8434 9415 6674 7329","balance":"24370.01"},
{"accountNumber":"NO33 7346 9109 140","balance":"6608.07"},
{"accountNumber":"MC20 3097 9737 9408 YGOD P67C B27","balance":"6288.97"},
{"accountNumber":"FR85 9294 0565 51WQ MELN EEXH Z21","balance":"6697.39"},
{"accountNumber":"GB22 EKDX 9241 7727 7000 57","balance":"27262.31"},
{"accountNumber":"FR03 3195 9616 67DS YYWL XPXV K93","balance":"4750.19"},
{"accountNumber":"VG04 XXBB 9263 9071 8854 2454","balance":"9611.81"},
{"accountNumber":"PK25 RVSP VNDM WAOT HQRG Z1BQ","balance":"13356.98"},
{"accountNumber":"MD75 S2IQ ZMQG FBV0 4IRJ CI8W","balance":"13396.75"},
{"accountNumber":"KW18 XIYG 9SQM 6GF1 1BW8 ZBUP 0T0L TS","balance":"25887.70"},
{"accountNumber":"AE51 4825 2732 5526 1879 603","balance":"25934.48"},
{"accountNumber":"GI75 BUPQ UHL3 LFYS JHXG HR1","balance":"28083.54"},
{"accountNumber":"ES68 1579 9551 9195 6598 5787","balance":"16150.25"},
{"accountNumber":"IE68 YZHV 9453 9265 0736 29","balance":"11611.92"},
{"accountNumber":"GT34 HL9A DJCX OY2G 21E4 Q814 GZNE","balance":"26224.40"},
{"accountNumber":"AD33 4124 7843 EDIS A5N5 X8QW","balance":"16939.03"},
{"accountNumber":"SI69 8476 2254 0123 255","balance":"6693.32"},
{"accountNumber":"AT20 4202 8604 4607 8188","balance":"3726.27"},
{"accountNumber":"IL77 6147 6827 8124 2441 426","balance":"23573.48"},
{"accountNumber":"FR52 2792 9800 845E PUEA UKMM S46","balance":"15331.21"},
{"accountNumber":"IE27 DHQF 0394 5191 1611 34","balance":"1554.10"},
{"accountNumber":"PK08 VFJY RSCK I6X0 M3YI ZNXD","balance":"22948.76"},
{"accountNumber":"FO87 6057 2447 1042 54","balance":"13985.09"},
{"accountNumber":"FR82 3415 5480 26DM YPYF PMYX G49","balance":"18370.76"},
{"accountNumber":"IL12 1576 9910 3518 5417 729","balance":"8369.16"},
{"accountNumber":"KW53 FXMW IV18 QFWC BFMH P8KM HX5Z 9U","balance":"16317.77"},
{"accountNumber":"AE46 4348 8714 0787 4501 309","balance":"29594.31"},
{"accountNumber":"GT21 TNZR KAQD KRXM UETC HTOH 7N6Q","balance":"5617.09"},
{"accountNumber":"AL41 9911 9136 3DRC FLHP LXXL DOLT","balance":"9505.72"},
{"accountNumber":"FR74 0764 6536 78RG BL7B QRAC M49","balance":"22933.05"},
{"accountNumber":"LI07 8883 5EIX EQQ2 IT1R K","balance":"2954.17"},
{"accountNumber":"VG47 CTXD 3238 8068 9438 0807","balance":"15736.16"},
{"accountNumber":"FR97 4785 4113 69RV 1VJL P7OH N34","balance":"24844.20"},
{"accountNumber":"SM97 X675 5212 913E WONH DPUX HXQ","balance":"28935.88"},
{"accountNumber":"FR41 1098 6745 46DV 7N1I MDWQ P18","balance":"538.35"},
{"accountNumber":"CY60 9161 3661 VWUI 090Y T7DA 0XYG","balance":"16255.97"},
{"accountNumber":"DK27 3618 5631 7653 58","balance":"17365.30"},
{"accountNumber":"FR73 7673 9152 9405 HNBD MII5 F51","balance":"1141.68"},
{"accountNumber":"FR87 3354 4017 78BH DVFH 4MTO H09","balance":"19003.58"},
{"accountNumber":"FR23 2387 0527 71KE UUQS M3QS D85","balance":"4557.80"},
{"accountNumber":"SM11 Y718 1147 651V XHTV 6U9L Y0K","balance":"6735.30"},
{"accountNumber":"MU83 JNQC 7821 7138 7898 5591 167O YL","balance":"16783.05"},
{"accountNumber":"GT73 OZRF LUAS 4O1T EGIN QP3J P0PD","balance":"27890.38"},
{"accountNumber":"BG10 GFIV 3743 69EY QXYQ 4U","balance":"7438.67"},
{"accountNumber":"AL38 1438 1805 QJVH 5WTC RQYH NJ9Y","balance":"12176.80"},
{"accountNumber":"LU91 269S NMU9 BHO2 RBUY","balance":"2825.95"},
{"accountNumber":"HR36 1592 3061 6341 5233 8","balance":"28080.36"},
{"accountNumber":"FR46 4946 8266 16BP MZZB WDRN A37","balance":"18652.60"},
{"accountNumber":"CR72 3567 6281 2866 5707 4","balance":"17887.72"},
{"accountNumber":"FR90 7598 7038 78E6 I3L2 4JPR M40","balance":"29924.75"},
{"accountNumber":"PL08 1417 9908 1889 0897 0322 3131","balance":"24001.19"},
{"accountNumber":"CR04 2770 4176 1602 8001 3","balance":"23174.18"},
{"accountNumber":"FR90 4532 0959 22NA YZEZ Y0YO 536","balance":"29544.05"},
{"accountNumber":"NO39 7038 2511 899","balance":"6335.03"},
{"accountNumber":"ES36 1156 7286 7119 0071 8406","balance":"2945.71"},
{"accountNumber":"CZ40 2432 5597 4760 9410 3955","balance":"16218.37"},
{"accountNumber":"SA66 37MA GGNA FH74 E2US YGDI","balance":"29387.82"},
{"accountNumber":"AD55 1041 1128 M4WL 94PZ 48S8","balance":"3707.21"},
{"accountNumber":"IL74 1580 4641 6548 1251 406","balance":"2419.28"},
{"accountNumber":"ES41 4391 0254 3020 3446 6351","balance":"20264.59"},
{"accountNumber":"FR13 7965 7944 00EU RXPS EYPB P86","balance":"10616.09"},
{"accountNumber":"MU85 GDGB 4496 0837 3237 9828 939X VX","balance":"1758.22"},
{"accountNumber":"FR58 3741 9821 43NN ALL2 Z5YZ J99","balance":"20837.69"},
{"accountNumber":"FR73 6894 8982 55NE AS0S KUUP V55","balance":"7893.30"},
{"accountNumber":"GI22 LLVY AHLN ZVB5 1HBX PWL","balance":"23173.11"},
{"accountNumber":"MU86 NENX 8727 8926 9321 2980 593B QW","balance":"20612.62"},
{"accountNumber":"AE56 7704 9695 3556 3715 041","balance":"17224.16"},
{"accountNumber":"FR49 2494 7587 83BF DOAT 7WU4 B86","balance":"18378.16"},
{"accountNumber":"AD35 4330 4887 MHI4 EBUD IK7Y","balance":"19623.99"},
{"accountNumber":"ES21 8418 9468 8823 9413 0126","balance":"29626.00"},
{"accountNumber":"FR65 6918 1783 41SD XQX5 Z8WR L55","balance":"18276.46"},
{"accountNumber":"SE77 2371 7830 6873 1409 2011","balance":"8453.24"},
{"accountNumber":"FR74 3952 5395 34IW 0IM4 8WCS E53","balance":"19698.92"},
{"accountNumber":"RS61 1074 9593 9383 1343 11","balance":"20480.18"},
{"accountNumber":"GL03 0842 8822 9330 69","balance":"20929.68"},
{"accountNumber":"PT61 0938 1193 8085 6438 2014 7","balance":"16473.49"},
{"accountNumber":"PL18 2172 5636 5496 9095 1773 8936","balance":"12145.26"},
{"accountNumber":"BA38 5926 4824 9204 8176","balance":"27596.97"},
{"accountNumber":"NO28 1789 7382 915","balance":"4818.66"},
{"accountNumber":"FO23 9748 4487 1078 93","balance":"2710.29"},
{"accountNumber":"AL26 4209 1201 UNBL ZWEU 6T12 4XMH","balance":"22107.61"},
{"accountNumber":"MT24 YBYZ 0877 9GQL JYUE MYL7 SERI ARE","balance":"8815.76"},
{"accountNumber":"IT31 U598 7307 416K 4XZZ SF1L SPN","balance":"27659.06"},
{"accountNumber":"HR85 3429 2633 3785 2424 7","balance":"18768.18"},
{"accountNumber":"FR02 2759 5829 99NL WJ7R 8OM5 O53","balance":"16955.99"},
{"accountNumber":"EE64 4975 8162 7224 7347","balance":"13579.54"},
{"accountNumber":"DE53 5404 8547 3181 1215 56","balance":"1515.85"},
{"accountNumber":"FR09 4835 6882 96AL P9FW SSAW P25","balance":"3138.91"},
{"accountNumber":"FR40 9927 6711 13G9 HIGC NS8C D30","balance":"23058.81"},
{"accountNumber":"CH90 8762 8BK2 FHEQ 1J21 G","balance":"23716.87"},
{"accountNumber":"MT28 MSLH 7485 0ISU VFJI ABUL GIJE GJH","balance":"4735.06"},
{"accountNumber":"FR51 3728 0297 68G7 TKOK SOSE Z44","balance":"29512.93"},
{"accountNumber":"BA83 7193 2212 8668 5212","balance":"15235.59"},
{"accountNumber":"VG67 TTMV 3283 2017 1736 2535","balance":"3498.41"},
{"accountNumber":"LV02 SJVB B5WI KAJY IKTQ S","balance":"26752.46"},
{"accountNumber":"FR11 9972 9230 40TR CNGH 7DRA Y55","balance":"17736.64"},
{"accountNumber":"AT29 6069 5167 2637 3611","balance":"24220.55"},
{"accountNumber":"TR50 4174 5X3V DORM 1B47 ILMT 63","balance":"5274.88"},
{"accountNumber":"MK28 204R 8R1T YQL3 691","balance":"14358.56"},
{"accountNumber":"FR23 1495 3707 06LL 0OMI WHDQ U79","balance":"14528.87"},
{"accountNumber":"FR40 1093 4305 96MR WECK JGXY T47","balance":"22793.22"},
{"accountNumber":"IS89 4302 7247 5460 0489 3298 84","balance":"24307.66"},
{"accountNumber":"KW61 CKFQ ZNTW YX3O 7WJ9 JX0J 1N2T A1","balance":"25325.27"},
{"accountNumber":"GL90 1871 4164 6196 24","balance":"16950.71"},
{"accountNumber":"FO23 8913 0519 7294 01","balance":"24317.98"},
{"accountNumber":"SE58 6926 3919 9661 2163 1524","balance":"13130.79"},
{"accountNumber":"RS47 9091 0527 8622 6410 13","balance":"434.32"},
{"accountNumber":"FR95 3968 1286 31UX R04X HMEJ C47","balance":"26748.01"},
{"accountNumber":"TR58 2953 90WO 4SCV LHFV J6KE VX","balance":"19614.18"},
{"accountNumber":"MR47 7870 8782 6006 7401 3555 824","balance":"9954.92"},
{"accountNumber":"FR64 7949 0356 33UZ 7KMX GLRF 358","balance":"8366.16"},
{"accountNumber":"IL42 6104 8107 7313 0270 458","balance":"26419.57"},
{"accountNumber":"TN96 3295 6763 1778 5618 8535","balance":"14418.09"},
{"accountNumber":"DO61 CHAP 6463 3918 3297 6889 7614","balance":"22569.39"},
{"accountNumber":"GB86 QMCP 8802 9065 9237 00","balance":"2909.94"},
{"accountNumber":"SM17 P266 8661 447K RPLR KSWK KAW","balance":"28830.60"},
{"accountNumber":"FI36 7165 4474 3174 48","balance":"9994.58"},
{"accountNumber":"KW94 ATXZ W4D9 QSVG XXMM OBJW 2J9C JA","balance":"783.83"},
{"accountNumber":"TR72 0398 1IVL Q3SQ OLHU 5BB6 V0","balance":"10194.62"},
{"accountNumber":"IS63 5123 7634 4632 6457 2074 85","balance":"4624.40"},
{"accountNumber":"FR20 2817 8788 13AW GOBY X2BT D94","balance":"9064.72"},
{"accountNumber":"FR09 8594 7514 68FL 4ONN XAVR R16","balance":"25987.25"},
{"accountNumber":"AZ05 HLDZ NVLD J0LU SGVA YEWZ IUVP","balance":"20455.46"},
{"accountNumber":"RS65 5949 5803 3271 1400 74","balance":"4286.61"},
{"accountNumber":"BH46 RQZV YPFC IU9V KUA8 TN","balance":"25079.33"},
{"accountNumber":"ES39 3268 4169 2595 5178 6285","balance":"6121.65"},
{"accountNumber":"KW68 XZOV J7R9 NEBU 8X1F ICDR OM4W ZG","balance":"26957.25"},
{"accountNumber":"KZ95 678M KFHS G26L 7EBA","balance":"14516.35"},
{"accountNumber":"PS34 OKWO 0XRI KREX KCQ3 QR5R RBCY C","balance":"20878.67"},
{"accountNumber":"VG97 VPQZ 8605 9933 7871 8831","balance":"20545.47"},
{"accountNumber":"GB95 CCSR 8638 7062 5055 43","balance":"26301.68"},
{"accountNumber":"MR67 2390 3805 5875 5696 9903 528","balance":"2417.60"},
{"accountNumber":"PT61 3241 2183 3765 4458 0695 9","balance":"14027.16"},
{"accountNumber":"GB76 VYGV 1944 1547 0765 25","balance":"27759.37"},
{"accountNumber":"GB67 JZHT 8865 3774 2949 86","balance":"999.20"},
{"accountNumber":"GT36 6EB0 CNX3 GU2A IOLP RRSL 9IZP","balance":"8471.79"},
{"accountNumber":"IS16 4157 4113 1371 0027 2861 52","balance":"23635.31"},
{"accountNumber":"GI18 QMLE BNSF 61PY FATL VZP","balance":"11573.38"},
{"accountNumber":"DE25 6988 9695 5104 0338 22","balance":"12393.16"},
{"accountNumber":"FR27 6062 5003 457X AYJ3 EYHJ 683","balance":"25603.84"},
{"accountNumber":"CZ20 4114 4038 0480 2206 4698","balance":"29424.60"},
{"accountNumber":"FO66 0887 5808 8193 39","balance":"2525.57"},
{"accountNumber":"BE43 2818 6236 5555","balance":"13439.82"},
{"accountNumber":"BR94 3765 0867 5537 6855 6666 450X A","balance":"15995.00"},
{"accountNumber":"DE55 6840 2577 9784 3153 46","balance":"10576.16"},
{"accountNumber":"LB54 3614 PGLN VYPU 8OV3 J8NY JFP0","balance":"16100.73"},
{"accountNumber":"FO57 9937 7646 2337 90","balance":"17895.61"},
{"accountNumber":"GI59 MIIJ U0Z9 YITS GHOM LEO","balance":"26547.09"},
{"accountNumber":"TN91 8542 5440 5996 7512 0208","balance":"19326.86"},
{"accountNumber":"FR08 1691 3731 40TF UHJE YLTH L72","balance":"20711.95"},
{"accountNumber":"LT14 7070 4263 0619 7157","balance":"22670.51"},
{"accountNumber":"HR55 2977 5067 9194 1199 1","balance":"21836.36"},
{"accountNumber":"SI18 4760 6244 0893 806","balance":"4198.50"},
{"accountNumber":"RO41 GNZN MJMT KXFM ZOV7 EPU7","balance":"11496.43"},
{"accountNumber":"RO15 GENJ SO7S QJJW RT4F 2BHK","balance":"25849.79"},
{"accountNumber":"DO02 W0T7 2670 2130 6591 0290 8460","balance":"26039.25"},
{"accountNumber":"FR74 4597 4992 74RT KSXK DETL V84","balance":"7170.96"},
{"accountNumber":"LV24 EWSA 3R02 VVSK 2GFW T","balance":"15408.58"},
{"accountNumber":"ES59 4804 5672 4036 7113 0652","balance":"18655.81"},
{"accountNumber":"FR83 7181 5716 64SQ 6Q8U H9XT L57","balance":"25601.08"},
{"accountNumber":"CR88 1895 8343 0492 1958 4","balance":"1279.11"},
{"accountNumber":"CH88 6292 0TVW PLSY DQRO T","balance":"23227.76"},
{"accountNumber":"LB73 1867 NNKE HDSR FALX OI4Z 38XR","balance":"21392.57"},
{"accountNumber":"MC85 7091 3945 71H8 E9ZT IYH3 T90","balance":"1312.78"},
{"accountNumber":"HU52 2289 4338 9138 6768 2176 3707","balance":"27602.65"},
{"accountNumber":"GT39 DHLX I4UH O6ST XSVF QXMS L0KG","balance":"7115.49"},
{"accountNumber":"FR86 4170 8886 78A3 CDPI TKO8 L30","balance":"3313.08"},
{"accountNumber":"PK16 ZTNX 1ZHN PZ7L EPTS BORG","balance":"11016.68"},
{"accountNumber":"SK14 2663 3659 5616 6417 3050","balance":"7617.14"},
{"accountNumber":"MK53 8201 OEBT E7GL Y86","balance":"25109.91"},
{"accountNumber":"TN33 1450 2662 4821 9113 6648","balance":"22028.67"},
{"accountNumber":"IS20 8526 8656 4255 9641 9343 45","balance":"20876.43"},
{"accountNumber":"GB71 IBHR 4830 3467 9009 33","balance":"26942.78"},
{"accountNumber":"MU58 UMNZ 0789 4894 2810 2295 692L AC","balance":"18991.30"},
{"accountNumber":"FI19 6515 3518 5380 85","balance":"4210.33"},
{"accountNumber":"KZ09 595L 318H FMFX XTR7","balance":"23578.43"},
{"accountNumber":"RS40 8627 5160 8749 0104 25","balance":"26529.10"},
{"accountNumber":"NO88 3962 1908 168","balance":"1010.57"},
{"accountNumber":"TR11 5594 274E LRUO GCLK 8R5V A0","balance":"15102.83"},
{"accountNumber":"DK41 2348 2957 5604 22","balance":"26497.37"},
{"accountNumber":"ME48 9942 5774 0344 7891 92","balance":"4021.79"},
{"accountNumber":"IS31 0497 5302 4654 1452 3258 86","balance":"28266.59"},
{"accountNumber":"FR58 7948 7035 99TD FHKX FNKO 392","balance":"1978.47"},
{"accountNumber":"GE42 RS69 6995 9485 0440 18","balance":"9659.38"},
{"accountNumber":"FO19 5017 2020 1007 46","balance":"6599.29"},
{"accountNumber":"GB63 GKIM 3597 7593 5085 88","balance":"8569.91"},
{"accountNumber":"LV10 UTMP 8ABN SMF7 GUHJ F","balance":"27314.42"},
{"accountNumber":"BR55 9872 6125 4629 9545 8711 478I 5","balance":"16411.47"},
{"accountNumber":"GR60 5318 0893 KID3 TZDA RV0Y EXG","balance":"13131.22"},
{"accountNumber":"GB22 CBIE 9478 9136 0736 34","balance":"29813.30"},
{"accountNumber":"HU86 9313 0449 5831 7845 4449 9210","balance":"8210.92"},
{"accountNumber":"LI38 4226 1DHX MD05 JLJG X","balance":"5872.21"},
{"accountNumber":"FR60 1755 7897 26GY FEF0 KM97 V62","balance":"8959.58"},
{"accountNumber":"PL43 6522 6824 5330 5546 1111 4173","balance":"29279.42"},
{"accountNumber":"IT10 Y344 6202 070X SMZD VKDQ FMB","balance":"8866.46"},
{"accountNumber":"SI98 7693 9345 8336 550","balance":"756.85"},
{"accountNumber":"MT47 QOVH 5074 3B6X NOHC A0MT 0K1E 8PX","balance":"10430.75"},
{"accountNumber":"FR26 9576 8654 76XT HRVV 0VZH E24","balance":"7706.40"},
{"accountNumber":"MR96 9726 1288 1455 5538 6759 005","balance":"2464.71"},
{"accountNumber":"ES10 2151 6405 1400 6018 1019","balance":"539.51"},
{"accountNumber":"FO69 5683 5825 3206 61","balance":"3937.76"},
{"accountNumber":"FR89 8154 9717 69WP 8MDC 6XTJ G00","balance":"13383.95"},
{"accountNumber":"FR61 7285 0152 54JL SMED DD6E L42","balance":"5647.11"},
{"accountNumber":"CR52 8444 8428 6265 1015 2","balance":"20051.49"},
{"accountNumber":"BG83 XYCM 5893 20ZX 1WHL FT","balance":"8714.11"},
{"accountNumber":"FR61 1964 7261 61ZD Q79Q NDII E81","balance":"25892.70"},
{"accountNumber":"LB88 5461 CE6X YYHL W3MZ GONS GJKM","balance":"481.78"},
{"accountNumber":"BR41 9758 9476 3444 0986 3531 732N K","balance":"28727.21"},
{"accountNumber":"MU59 JAVK 2813 5260 3914 8694 199S BC","balance":"7207.45"},
{"accountNumber":"FR95 5463 3316 82IE L0BO MSDR T68","balance":"26978.18"},
{"accountNumber":"SM09 V844 1601 938E 0YEM VA2E I2M","balance":"22636.16"},
{"accountNumber":"KW17 KWQP JHJI C55J VL04 HJ1D XNDV 0D","balance":"15873.52"},
{"accountNumber":"ES77 7989 7438 5740 1162 0827","balance":"10331.33"},
{"accountNumber":"GT04 6WJB GMYR PAYJ K9N9 VYPJ DZFC","balance":"17107.24"},
{"accountNumber":"LB86 9733 DT8O HAIX 42UX ZMNP CKJ0","balance":"22562.84"},
{"accountNumber":"DE88 8794 0940 9079 5016 25","balance":"17165.15"},
{"accountNumber":"AL71 7636 0152 O5RV MPAK FSCS FX6Y","balance":"6784.83"},
{"accountNumber":"BG41 ZSNZ 6185 67F0 SDIR 8P","balance":"10595.79"},
{"accountNumber":"NO52 3057 2006 502","balance":"26429.40"},
{"accountNumber":"MT73 TUON 3311 5NMT 5OIM LAOC TXBN GHO","balance":"24424.23"},
{"accountNumber":"FR02 0882 5349 139M WCWA N5YM S16","balance":"12627.87"},
{"accountNumber":"IT75 L465 8503 1018 TE6G GFAM A4O","balance":"3684.05"},
{"accountNumber":"PL57 9336 6426 5459 4848 8019 1211","balance":"17501.28"},
{"accountNumber":"MT27 EFFD 9102 4DEG NINX DF5T DRAT 5KN","balance":"29340.98"},
{"accountNumber":"CZ82 3407 7786 3682 3384 8995","balance":"6187.40"},
{"accountNumber":"FR05 2340 0051 808Q 7N7J NEIZ Y77","balance":"23367.43"},
{"accountNumber":"BA48 9993 7048 4271 7332","balance":"7475.68"},
{"accountNumber":"FR78 8433 4628 39NZ ZDRS TM9J I31","balance":"2466.82"},
{"accountNumber":"RO17 YVVI ZPWG FVMK BMGN BPCM","balance":"7376.01"},
{"accountNumber":"GT62 QGIQ NFEL OOTS YYW2 0TJN 80JJ","balance":"15980.44"},
{"accountNumber":"PL24 2104 5448 4747 2470 0712 5247","balance":"17800.76"},
{"accountNumber":"SE55 1484 0246 2679 6142 5733","balance":"13477.33"},
{"accountNumber":"HU15 5355 1101 2796 0377 1358 3053","balance":"10120.01"},
{"accountNumber":"MT52 PDVK 6923 7IYU MGXJ CG2I 6Q6Y VBF","balance":"15138.59"},
{"accountNumber":"LU02 569S X1F7 7FUQ YACA","balance":"9661.89"},
{"accountNumber":"RO65 RJSZ M5O3 DDYM ZRFO COTP","balance":"12612.76"},
{"accountNumber":"FR79 1759 1188 28NT 7XF1 GCM2 N31","balance":"22525.17"},
{"accountNumber":"GL35 6523 5712 1493 04","balance":"11970.28"},
{"accountNumber":"BE95 5469 0471 5897","balance":"16392.31"},
{"accountNumber":"AL82 3047 1046 XXSO SGYT IAAA NHQG","balance":"9254.50"},
{"accountNumber":"BG20 GXPM 0097 86MI HURE BO","balance":"18179.38"},
{"accountNumber":"GB70 LBDL 5284 9909 4280 86","balance":"28413.34"},
{"accountNumber":"MT53 QKCW 0690 7YPA VEUZ LBQP 4ZUM M6F","balance":"8889.17"},
{"accountNumber":"GB55 VEUV 9254 2234 2973 35","balance":"3138.63"},
{"accountNumber":"PT06 8970 7747 5005 0731 7086 7","balance":"21503.54"},
{"accountNumber":"FR35 1705 4484 63OO 8XGV OQXT 068","balance":"24542.86"},
{"accountNumber":"FR31 4119 2786 45BE 3GY6 0JXV 706","balance":"24671.65"},
{"accountNumber":"FI27 5308 0883 9039 39","balance":"28386.66"},
{"accountNumber":"FR80 8479 9162 51P5 0CXA YBAB U10","balance":"21709.23"},
{"accountNumber":"RO05 CSUG GOKO T0SR RCDO DWK2","balance":"1538.75"},
{"accountNumber":"MC80 7873 1140 63CK PBUO C3LT X83","balance":"23431.59"},
{"accountNumber":"MK42 828A HVHP HW1P C45","balance":"27922.21"},
{"accountNumber":"CH57 3710 0JAB LQOZ 6VYO 6","balance":"24059.63"},
{"accountNumber":"FR12 4321 9536 41Z5 A3ZA CLXC F59","balance":"24093.29"},
{"accountNumber":"MC60 4800 1563 36TS 1L4K EOTE N43","balance":"27984.33"},
{"accountNumber":"MU57 WIFQ 8317 7995 7765 2084 064O RG","balance":"16737.34"},
{"accountNumber":"FR02 0806 8273 409J RSNE 9ZPY B85","balance":"25267.20"},
{"accountNumber":"NL50 BPNT 0028 2136 73","balance":"12985.00"},
{"accountNumber":"MU81 IGXK 8842 0864 6200 0448 334T HD","balance":"9177.76"},
{"accountNumber":"LV74 PTMH SNDU TGC6 HIZM P","balance":"21375.31"},
{"accountNumber":"FR91 5182 6406 74LQ AYWH CHIV H96","balance":"11137.56"},
{"accountNumber":"FR94 2916 3544 33AC SGG8 MVKX G53","balance":"7850.69"},
{"accountNumber":"BR72 7222 6169 9131 7347 1539 237W V","balance":"26706.36"},
{"accountNumber":"AT94 9447 8806 5007 8369","balance":"7239.28"},
{"accountNumber":"HR64 6360 1557 4702 8816 8","balance":"13079.85"},
{"accountNumber":"MR77 4655 1202 8621 3133 5898 043","balance":"10569.49"},
{"accountNumber":"FR47 2940 2725 93GE BI2F GG4Y G92","balance":"19844.50"},
{"accountNumber":"IE41 FTQY 6636 4072 3476 46","balance":"11271.31"},
{"accountNumber":"MR81 8525 7497 9401 2194 0374 490","balance":"7512.22"},
{"accountNumber":"SM50 G612 5674 803N ISOV D7PX KMB","balance":"6345.33"},
{"accountNumber":"AZ92 RIBL LB1M QZY0 JAJI OSCX TGBS","balance":"11743.65"},
{"accountNumber":"TN85 9150 3586 9219 3026 7194","balance":"19305.54"},
{"accountNumber":"IL98 5838 9359 6898 7123 278","balance":"8880.80"},
{"accountNumber":"MC08 8606 7334 26TB OLCM IE6E X36","balance":"15402.74"},
{"accountNumber":"MR39 5246 1596 7000 5213 2880 136","balance":"22767.28"},
{"accountNumber":"NL12 PSWR 0032 8241 64","balance":"5575.39"},
{"accountNumber":"GI11 BODC HYJT 0UD4 BIUO JNR","balance":"1145.42"},
{"accountNumber":"SI62 5968 8312 2960 709","balance":"5511.95"},
{"accountNumber":"FR24 9207 1047 58UB DIYM RUFM Y86","balance":"13698.03"},
{"accountNumber":"MC89 5561 3033 99VY EPLV HWCY A37","balance":"16496.54"},
{"accountNumber":"HU39 8867 1057 4189 9307 0074 0114","balance":"22223.12"},
{"accountNumber":"BR87 8614 9392 2708 9792 9896 010S J","balance":"2602.21"},
{"accountNumber":"DO88 EQXC 5948 6470 0512 5584 6902","balance":"26375.23"},
{"accountNumber":"FR43 0155 6047 76PZ HDID 2L1H M95","balance":"4469.20"},
{"accountNumber":"FR12 3416 3332 12T2 3FCF S17K U20","balance":"1675.43"},
{"accountNumber":"CH67 4482 7SET DION 3CIC K","balance":"1297.82"},
{"accountNumber":"SA58 76EP SDNA IYYX ZTSH IBIL","balance":"19456.03"},
{"accountNumber":"KZ86 7255 AHQE 9UGQ KMSV","balance":"4309.98"},
{"accountNumber":"NL53 XNQU 0854 9484 97","balance":"15951.33"},
{"accountNumber":"HR93 0101 1975 1038 3856 0","balance":"29043.05"},
{"accountNumber":"IS39 2065 3819 9207 4734 7433 37","balance":"1243.56"},
{"accountNumber":"FR51 4389 2577 00GU JJEW C78F K86","balance":"11969.56"},
{"accountNumber":"LB49 2590 KOSP BKVM 9UJ3 ERNC HERU","balance":"22948.74"},
{"accountNumber":"LU75 762U Y7CN ULPL IY4C","balance":"2906.47"},
{"accountNumber":"FR64 7319 1358 29JY G6KB 4COR 361","balance":"6051.43"},
{"accountNumber":"GE21 HG81 4493 0142 4439 21","balance":"18696.37"},
{"accountNumber":"SI05 1493 5238 6232 785","balance":"7502.30"},
{"accountNumber":"FO70 1401 9443 7275 58","balance":"9881.57"},
{"accountNumber":"MC96 3786 7665 947X VCS6 NHEJ Q41","balance":"2917.64"},
{"accountNumber":"DK55 7879 6018 3543 32","balance":"15847.79"},
{"accountNumber":"ES27 5380 0789 8189 7930 7637","balance":"19231.03"},
{"accountNumber":"CZ96 7490 2598 9299 6532 4854","balance":"19483.93"},
{"accountNumber":"AD12 6528 3363 XDHJ 83ZU SJNK","balance":"29146.19"},
{"accountNumber":"AL92 0422 6379 6MJA RGSR QL9L T7EB","balance":"29809.75"},
{"accountNumber":"BA51 3908 1605 4866 9662","balance":"20085.45"},
{"accountNumber":"EE52 5034 0062 9806 3871","balance":"19191.31"},
{"accountNumber":"DK12 3747 2628 6364 94","balance":"1885.06"},
{"accountNumber":"LV49 DRHJ JVWH JN0L ZJIQ 1","balance":"451.37"},
{"accountNumber":"SE44 9045 7066 7739 0762 8312","balance":"19206.97"},
{"accountNumber":"FR98 4194 4434 743L PLMP 2FT9 X49","balance":"28800.83"},
{"accountNumber":"HU60 3927 7458 2325 2443 9285 0644","balance":"12744.33"},
{"accountNumber":"FR13 2884 3702 82WP VTBL OTAG Y41","balance":"18290.20"},
{"accountNumber":"FR61 2640 7227 075N MSPU ZMBN F02","balance":"2865.65"},
{"accountNumber":"TN05 6463 1558 1020 1437 1829","balance":"13729.25"},
{"accountNumber":"AD22 9148 3354 JYVU 2PCM WU9F","balance":"21806.82"},
{"accountNumber":"BA82 6422 6751 7412 0250","balance":"26703.98"},
{"accountNumber":"MC40 1508 6508 06JY YALF CCNW Z55","balance":"5265.27"},
{"accountNumber":"ME84 6761 3573 2706 6595 78","balance":"2296.12"},
{"accountNumber":"DO63 H4MT 4990 7489 3468 5664 8838","balance":"8583.11"},
{"accountNumber":"CZ68 6639 9520 4043 0723 0984","balance":"27937.46"},
{"accountNumber":"FR11 4521 9763 98SN CRAW HPQE Z60","balance":"12791.79"},
{"accountNumber":"LU64 229X 6VCR EGMC Q3BU","balance":"12477.40"},
{"accountNumber":"FR14 9830 0419 59VE XK8V 12W7 U86","balance":"12065.35"},
{"accountNumber":"MK68 880N RS86 SOXW S22","balance":"20024.59"},
{"accountNumber":"GI92 OVJV JZTQ FFP1 G1SU IG0","balance":"21924.22"},
{"accountNumber":"ME54 4911 8274 7615 5997 52","balance":"27964.60"},
{"accountNumber":"FR31 5182 6106 7623 XBXZ ANJM P26","balance":"9715.28"},
{"accountNumber":"FI82 4965 2176 2357 21","balance":"9467.59"},
{"accountNumber":"FR06 3063 9438 68Q4 WWXQ E1M6 G27","balance":"28024.49"},
{"accountNumber":"FR53 2071 8708 84ZJ BCCO RMUR 515","balance":"26361.70"},
{"accountNumber":"GL75 6364 0209 7796 74","balance":"4696.38"},
{"accountNumber":"NL19 OZSO 1318 4897 21","balance":"9863.24"},
{"accountNumber":"SK62 6937 6290 1186 2034 2470","balance":"26520.38"},
{"accountNumber":"ME52 7175 3303 1054 2930 11","balance":"15455.02"},
{"accountNumber":"PS28 IVZW 3AZN FPM6 S0SH PSCW DKZ8 W","balance":"18767.07"},
{"accountNumber":"AZ98 VUXG PKFY MYII QF9P 2Z6E IQPZ","balance":"1391.49"},
{"accountNumber":"GR06 9361 539N KJUO ZTCW JY9J JNL","balance":"16560.63"},
{"accountNumber":"KZ07 793M FJGJ WHLF JKPQ","balance":"23183.35"},
{"accountNumber":"FR67 6026 9480 35GM HZHT NFFF 076","balance":"2767.37"},
{"accountNumber":"KW40 OUVF VBK1 D69S SWRS 1DVB VUXK LB","balance":"26420.37"},
{"accountNumber":"NO67 8574 0942 181","balance":"19994.97"},
{"accountNumber":"MT06 VPGV 8193 6AIG DKKD XHUR IBVC BU5","balance":"28985.75"},
{"accountNumber":"SK58 0675 4652 4188 8022 8598","balance":"7910.83"},
{"accountNumber":"FR77 9750 8982 48QF USRW E7KE P98","balance":"10441.62"},
{"accountNumber":"TN47 5085 0124 9167 6620 7465","balance":"1076.30"},
{"accountNumber":"MT87 XUAG 3971 7CVB QEMD 7GYQ 47KW D0K","balance":"23067.71"},
{"accountNumber":"LU06 374W UXOG UNVA CUIR","balance":"878.69"},
{"accountNumber":"FR98 1437 0795 29JS ZLTY WB45 Z01","balance":"7280.19"},
{"accountNumber":"LB33 9911 TBMC VIN6 SBCZ PMQ3 TYKK","balance":"16600.99"},
{"accountNumber":"KW39 OVLB WP58 FKAM DQU8 QM0R 4MMH A7","balance":"26426.60"},
{"accountNumber":"EE78 2136 0933 0396 1519","balance":"20437.93"},
{"accountNumber":"RO45 HLMW CUXK NTBP DRGG ONJQ","balance":"23552.03"},
{"accountNumber":"MR90 3503 0664 3438 1683 4703 325","balance":"7747.99"},
{"accountNumber":"DK33 3633 6067 5759 12","balance":"13786.64"},
{"accountNumber":"MR44 8977 4577 5714 6371 0459 136","balance":"29833.58"},
{"accountNumber":"BE05 7751 2108 7665","balance":"14072.83"},
{"accountNumber":"LU90 956B RTDI GJNR 6W8Y","balance":"28177.26"},
{"accountNumber":"GE22 ZC86 4010 5853 3484 20","balance":"4960.54"},
{"accountNumber":"AT48 6758 7767 1365 9742","balance":"20541.28"},
{"accountNumber":"RO97 GCXP CJGM KJOK YR5U SZ4F","balance":"11525.39"},
{"accountNumber":"IE23 TPFE 3913 2295 1722 31","balance":"16720.91"},
{"accountNumber":"CH83 1151 4OEF TGWR 8L2D B","balance":"4054.43"},
{"accountNumber":"MD57 VNA6 TTKT EOMT A1C2 VOND","balance":"4833.21"},
{"accountNumber":"PT40 8701 3375 4581 3326 7368 4","balance":"18343.70"},
{"accountNumber":"FR17 6104 6080 57YU DEPI GI4J O97","balance":"1249.11"},
{"accountNumber":"DE87 5767 3543 0243 8699 05","balance":"24796.63"},
{"accountNumber":"TN18 3221 1932 7206 8870 8495","balance":"3849.34"},
{"accountNumber":"LI61 5945 5D1N CUEB F3JT V","balance":"27888.54"},
{"accountNumber":"PS23 RNCN IQNS KEEU IAU2 UM9Y DHNJ 0","balance":"15214.25"},
{"accountNumber":"RS18 5736 9672 0609 9181 72","balance":"7944.25"},
{"accountNumber":"LB83 0954 WD2I PCWZ 8RDS TL2W NE9P","balance":"29960.65"},
{"accountNumber":"RO97 XTXS RYZR UJZF RSWG UHJ7","balance":"23804.99"},
{"accountNumber":"MT86 TQLW 3774 4WJ6 SWI8 CBYF JLSD MGL","balance":"1435.66"},
{"accountNumber":"GB44 XMWQ 1101 7155 0571 06","balance":"12020.60"},
{"accountNumber":"BR52 1738 2283 8324 7683 7828 581F 5","balance":"21378.99"},
{"accountNumber":"FR39 1403 6967 278S LXMM EJXN E71","balance":"15501.72"},
{"accountNumber":"RS66 7860 1912 8203 4412 00","balance":"7649.36"},
{"accountNumber":"CH53 2839 2AY2 AEY0 DTK8 Z","balance":"17288.35"},
{"accountNumber":"FR11 6837 3036 13V6 7IUO AVE7 Y86","balance":"2414.67"},
{"accountNumber":"PK95 PHNT ASCS ROKB OFCW TI2S","balance":"21803.94"},
{"accountNumber":"AT07 3843 4410 6780 9454","balance":"13564.01"},
{"accountNumber":"FR13 4682 4800 87WM UHZ8 Q5IM T56","balance":"10041.68"},
{"accountNumber":"SE35 0578 3689 7632 2583 3140","balance":"15646.60"},
{"accountNumber":"FO59 6950 7782 6253 47","balance":"17112.80"},
{"accountNumber":"KZ39 0846 Z6TQ XPU2 708Y","balance":"8126.80"},
{"accountNumber":"FR72 6322 9876 37V0 LHVJ Q0IM J83","balance":"20835.33"},
{"accountNumber":"KZ43 674Z S98B BHLL CPFA","balance":"16419.31"},
{"accountNumber":"LU09 6858 1QJT KOBE EQIR","balance":"8585.83"},
{"accountNumber":"FR68 5534 8747 76WL AAPJ WTQL P48","balance":"8549.74"},
{"accountNumber":"BA79 8968 3464 7218 0541","balance":"19489.49"},
{"accountNumber":"HR57 8885 8280 3833 1421 6","balance":"23263.50"},
{"accountNumber":"FR16 1502 1996 60LU SQEI BUMW Q90","balance":"3985.72"},
{"accountNumber":"ES28 3837 5941 7010 6112 3233","balance":"14098.98"},
{"accountNumber":"SA14 04ZT EUQ9 PQGL SIPI WTAL","balance":"23871.50"},
{"accountNumber":"GI09 KYCL WAJV IQOJ DF94 EYH","balance":"27155.66"},
{"accountNumber":"DO82 Q1ZT 9535 8037 7194 7927 9804","balance":"28163.78"},
{"accountNumber":"CZ58 3101 3324 4249 8503 2264","balance":"27504.52"},
{"accountNumber":"ME40 2592 2585 4435 1285 90","balance":"7627.38"},
{"accountNumber":"IL38 5629 3431 1011 2478 060","balance":"18050.02"},
{"accountNumber":"CH84 1076 2WC7 UEAW MZBF 7","balance":"8006.19"},
{"accountNumber":"GI41 SMJJ Y6AH 9W4J K0YK ONN","balance":"20624.96"},
{"accountNumber":"FR52 7275 4654 33GF XLYG SVAR P53","balance":"7832.77"},
{"accountNumber":"NO67 7048 1087 063","balance":"29265.54"},
{"accountNumber":"GI05 EBAB BEI0 C1X2 BGFR FAF","balance":"6117.58"},
{"accountNumber":"FI72 1020 1053 4781 51","balance":"14651.01"},
{"accountNumber":"KZ85 746I OPDF IXWX OFPQ","balance":"5809.83"},
{"accountNumber":"TR33 8046 4QZV ZQVH FQEJ NP3B NJ","balance":"14745.49"},
{"accountNumber":"FR93 8993 8951 67RX 4VTL IVSA E57","balance":"9681.34"},
{"accountNumber":"FR55 8035 5211 34SI 4QTO D6KX 837","balance":"24149.44"},
{"accountNumber":"MU63 WRIQ 8875 3760 7033 7991 842X NT","balance":"16150.46"},
{"accountNumber":"MU04 YYQS 0636 3619 7293 8015 346X IP","balance":"8721.60"},
{"accountNumber":"ES34 2015 1150 1257 0718 3289","balance":"2792.65"},
{"accountNumber":"TN85 3175 1180 9404 0985 6434","balance":"10200.07"},
{"accountNumber":"AE95 3559 8724 6723 9277 253","balance":"15866.36"},
{"accountNumber":"DO57 ZZF3 1932 9464 2839 2065 3591","balance":"23874.75"},
{"accountNumber":"CR92 2631 9107 0851 5931 1","balance":"25552.00"},
{"accountNumber":"IL72 2562 5658 3091 5187 274","balance":"28855.90"},
{"accountNumber":"SA91 23FU YLMH E6Y3 62L6 GKOJ","balance":"1184.41"},
{"accountNumber":"GT16 BECI Y2ZQ XIMU UDTF TOYM XSMW","balance":"9537.93"}]