[{"name":"Sage"},
{"name":"Warner"},
{"name":"Summerview"},
{"name":"Reindahl"},
{"name":"Farwell"},
{"name":"Fisk"},
{"name":"Eastlawn"},
{"name":"Ryan"},
{"name":"Hazelcrest"},
{"name":"Thierer"},
{"name":"Emmet"},
{"name":"Milwaukee"},
{"name":"Lakeland"},
{"name":"Leroy"},
{"name":"Manufacturers"},
{"name":"Green"},
{"name":"Bultman"},
{"name":"Russell"},
{"name":"Anthes"},
{"name":"Duke"},
{"name":"Gerald"},
{"name":"Farragut"},
{"name":"Arkansas"},
{"name":"3rd"},
{"name":"Manitowish"},
{"name":"Iowa"},
{"name":"Randy"},
{"name":"Mariners Cove"},
{"name":"Walton"},
{"name":"Anniversary"},
{"name":"Lukken"},
{"name":"Longview"},
{"name":"Redwing"},
{"name":"Crowley"},
{"name":"Lukken"},
{"name":"Esker"},
{"name":"Sage"},
{"name":"Ramsey"},
{"name":"Dixon"},
{"name":"Schlimgen"},
{"name":"Karstens"},
{"name":"Pierstorff"},
{"name":"Harper"},
{"name":"Oak Valley"},
{"name":"Farwell"},
{"name":"Barby"},
{"name":"Columbus"},
{"name":"Starling"},
{"name":"Mallory"},
{"name":"Eliot"},
{"name":"Northfield"},
{"name":"Eggendart"},
{"name":"Lindbergh"},
{"name":"Vermont"},
{"name":"Parkside"},
{"name":"Hallows"},
{"name":"Pearson"},
{"name":"Bobwhite"},
{"name":"Raven"},
{"name":"Grim"},
{"name":"Tomscot"},
{"name":"Clemons"},
{"name":"Homewood"},
{"name":"Becker"},
{"name":"Riverside"},
{"name":"Montana"},
{"name":"Prairie Rose"},
{"name":"Bobwhite"},
{"name":"Merchant"},
{"name":"Farwell"},
{"name":"Calypso"},
{"name":"Stang"},
{"name":"Glendale"},
{"name":"Eagan"},
{"name":"Victoria"},
{"name":"Calypso"},
{"name":"Springview"},
{"name":"Lukken"},
{"name":"Browning"},
{"name":"Maywood"},
{"name":"Beilfuss"},
{"name":"6th"},
{"name":"South"},
{"name":"Florence"},
{"name":"Mallard"},
{"name":"Mariners Cove"},
{"name":"Service"},
{"name":"American"},
{"name":"Old Gate"},
{"name":"Waxwing"},
{"name":"Claremont"},
{"name":"Thierer"},
{"name":"Michigan"},
{"name":"Dunning"},
{"name":"Forest"},
{"name":"Armistice"},
{"name":"Ruskin"},
{"name":"International"},
{"name":"Aberg"},
{"name":"Dorton"},
{"name":"Continental"},
{"name":"Merchant"},
{"name":"Drewry"},
{"name":"Esker"},
{"name":"Ronald Regan"},
{"name":"Green Ridge"},
{"name":"Corscot"},
{"name":"Blue Bill Park"},
{"name":"Shelley"},
{"name":"Kings"},
{"name":"Mariners Cove"},
{"name":"Graedel"},
{"name":"Portage"},
{"name":"Pawling"},
{"name":"Leroy"},
{"name":"Maple Wood"},
{"name":"Elka"},
{"name":"Iowa"},
{"name":"Ryan"},
{"name":"Merrick"},
{"name":"Johnson"},
{"name":"Stoughton"},
{"name":"Eagan"},
{"name":"Washington"},
{"name":"Fuller"},
{"name":"Melody"},
{"name":"Bonner"},
{"name":"Onsgard"},
{"name":"Barnett"},
{"name":"Tennyson"},
{"name":"Muir"},
{"name":"Badeau"},
{"name":"Victoria"},
{"name":"Erie"},
{"name":"Fairfield"},
{"name":"Hagan"},
{"name":"Valley Edge"},
{"name":"Fuller"},
{"name":"Ramsey"},
{"name":"Florence"},
{"name":"Paget"},
{"name":"Village"},
{"name":"Roxbury"},
{"name":"Waubesa"},
{"name":"Pleasure"},
{"name":"Gerald"},
{"name":"Mallory"},
{"name":"Waubesa"},
{"name":"Eliot"},
{"name":"Westend"},
{"name":"Vahlen"},
{"name":"Paget"},
{"name":"Village"},
{"name":"International"},
{"name":"Sullivan"},
{"name":"4th"},
{"name":"Center"},
{"name":"Marquette"},
{"name":"Grayhawk"},
{"name":"Thackeray"},
{"name":"Russell"},
{"name":"Little Fleur"},
{"name":"Russell"},
{"name":"Rockefeller"},
{"name":"Hollow Ridge"},
{"name":"Springs"},
{"name":"Fairfield"},
{"name":"Bultman"},
{"name":"Mcbride"},
{"name":"Manufacturers"},
{"name":"Northwestern"},
{"name":"Paget"},
{"name":"Quincy"},
{"name":"Boyd"},
{"name":"Pierstorff"},
{"name":"Elgar"},
{"name":"Clarendon"},
{"name":"Loftsgordon"},
{"name":"Macpherson"},
{"name":"Elgar"},
{"name":"Raven"},
{"name":"Lunder"},
{"name":"Darwin"},
{"name":"Orin"},
{"name":"Scofield"},
{"name":"Hanson"},
{"name":"Dryden"},
{"name":"Veith"},
{"name":"Harper"},
{"name":"Canary"},
{"name":"Starling"},
{"name":"Becker"},
{"name":"Brown"},
{"name":"Forster"},
{"name":"Vernon"},
{"name":"Talmadge"},
{"name":"Oneill"},
{"name":"Elmside"},
{"name":"Sloan"},
{"name":"Blue Bill Park"},
{"name":"Warbler"},
{"name":"Quincy"},
{"name":"Commercial"},
{"name":"Bobwhite"},
{"name":"Mosinee"},
{"name":"Loeprich"},
{"name":"Springs"},
{"name":"6th"},
{"name":"Cardinal"},
{"name":"South"},
{"name":"Green"},
{"name":"Dixon"},
{"name":"Blue Bill Park"},
{"name":"Claremont"},
{"name":"Hovde"},
{"name":"Loftsgordon"},
{"name":"Armistice"},
{"name":"Sunfield"},
{"name":"Little Fleur"},
{"name":"Northwestern"},
{"name":"Jay"},
{"name":"Redwing"},
{"name":"Cascade"},
{"name":"Dahle"},
{"name":"Dryden"},
{"name":"Columbus"},
{"name":"Montana"},
{"name":"Dapin"},
{"name":"Birchwood"},
{"name":"Straubel"},
{"name":"Arrowood"},
{"name":"Fieldstone"},
{"name":"Vermont"},
{"name":"Towne"},
{"name":"Mccormick"},
{"name":"Springview"},
{"name":"Artisan"},
{"name":"Dawn"},
{"name":"Mandrake"},
{"name":"Eastlawn"},
{"name":"Loomis"},
{"name":"Longview"},
{"name":"Graceland"},
{"name":"Mosinee"},
{"name":"Oneill"},
{"name":"New Castle"},
{"name":"Service"},
{"name":"Dexter"},
{"name":"Sheridan"},
{"name":"Summerview"},
{"name":"Esker"},
{"name":"Merry"},
{"name":"Bartillon"},
{"name":"Lawn"},
{"name":"Novick"},
{"name":"Commercial"},
{"name":"Hermina"},
{"name":"Arrowood"},
{"name":"Red Cloud"},
{"name":"Florence"},
{"name":"Sheridan"},
{"name":"Lakeland"},
{"name":"Grayhawk"},
{"name":"Pawling"},
{"name":"Clemons"},
{"name":"Pearson"},
{"name":"Columbus"},
{"name":"Jay"},
{"name":"Spohn"},
{"name":"Mayer"},
{"name":"Mayer"},
{"name":"Farwell"},
{"name":"Pleasure"},
{"name":"Caliangt"},
{"name":"Clove"},
{"name":"Pennsylvania"},
{"name":"Norway Maple"},
{"name":"Alpine"},
{"name":"Macpherson"},
{"name":"Southridge"},
{"name":"Troy"},
{"name":"Dayton"},
{"name":"Butterfield"},
{"name":"Corben"},
{"name":"Schiller"},
{"name":"Luster"},
{"name":"Milwaukee"},
{"name":"Killdeer"},
{"name":"Sunnyside"},
{"name":"Sugar"},
{"name":"3rd"},
{"name":"Hanson"},
{"name":"Kenwood"},
{"name":"Grasskamp"},
{"name":"Carioca"},
{"name":"Bunting"},
{"name":"Trailsway"},
{"name":"Ridge Oak"},
{"name":"Sommers"},
{"name":"School"},
{"name":"Anhalt"},
{"name":"Lien"},
{"name":"Ruskin"},
{"name":"Corscot"},
{"name":"Vera"},
{"name":"Banding"},
{"name":"6th"},
{"name":"Porter"},
{"name":"Evergreen"},
{"name":"Hallows"},
{"name":"Northwestern"},
{"name":"Holmberg"},
{"name":"Hagan"},
{"name":"Westerfield"},
{"name":"Clarendon"},
{"name":"Mallard"},
{"name":"Doe Crossing"},
{"name":"Claremont"},
{"name":"Mosinee"},
{"name":"Brickson Park"},
{"name":"Hauk"},
{"name":"Eagan"},
{"name":"Charing Cross"},
{"name":"Sundown"},
{"name":"Sachs"},
{"name":"Becker"},
{"name":"Kedzie"},
{"name":"Loeprich"},
{"name":"Bartillon"},
{"name":"Mifflin"},
{"name":"Northport"},
{"name":"Warbler"},
{"name":"Kensington"},
{"name":"Maple"},
{"name":"Comanche"},
{"name":"Duke"},
{"name":"Towne"},
{"name":"Holy Cross"},
{"name":"Lien"},
{"name":"Sycamore"},
{"name":"Acker"},
{"name":"Cardinal"},
{"name":"Bellgrove"},
{"name":"Milwaukee"},
{"name":"Dakota"},
{"name":"Becker"},
{"name":"Dixon"},
{"name":"Briar Crest"},
{"name":"Jackson"},
{"name":"Grasskamp"},
{"name":"Sycamore"},
{"name":"Lake View"},
{"name":"Beilfuss"},
{"name":"Erie"},
{"name":"Pankratz"},
{"name":"Crowley"},
{"name":"Browning"},
{"name":"Eggendart"},
{"name":"Westend"},
{"name":"Scoville"},
{"name":"Lien"},
{"name":"Talisman"},
{"name":"Crescent Oaks"},
{"name":"Randy"},
{"name":"Bartelt"},
{"name":"Hoard"},
{"name":"Longview"},
{"name":"Corry"},
{"name":"Gina"},
{"name":"Onsgard"},
{"name":"Monterey"},
{"name":"Clyde Gallagher"},
{"name":"Algoma"},
{"name":"Paget"},
{"name":"Coleman"},
{"name":"Old Gate"},
{"name":"Arkansas"},
{"name":"Anniversary"},
{"name":"7th"},
{"name":"Hallows"},
{"name":"Sloan"},
{"name":"Pierstorff"},
{"name":"Mockingbird"},
{"name":"Grayhawk"},
{"name":"Mendota"},
{"name":"Roxbury"},
{"name":"Crownhardt"},
{"name":"Meadow Vale"},
{"name":"Macpherson"},
{"name":"Holy Cross"},
{"name":"Bellgrove"},
{"name":"Golf"},
{"name":"Clyde Gallagher"},
{"name":"Jackson"},
{"name":"Debs"},
{"name":"7th"},
{"name":"Sullivan"},
{"name":"Sachs"},
{"name":"Cordelia"},
{"name":"Fieldstone"},
{"name":"Melby"},
{"name":"Talisman"},
{"name":"Katie"},
{"name":"Jenifer"},
{"name":"Luster"},
{"name":"Ohio"},
{"name":"Paget"},
{"name":"Farwell"},
{"name":"Eagle Crest"},
{"name":"Trailsway"},
{"name":"Hauk"},
{"name":"Farmco"},
{"name":"International"},
{"name":"Clyde Gallagher"},
{"name":"Moland"},
{"name":"Schiller"},
{"name":"Sommers"},
{"name":"Hagan"},
{"name":"Burning Wood"},
{"name":"Texas"},
{"name":"Marcy"},
{"name":"Autumn Leaf"},
{"name":"Manufacturers"},
{"name":"Mendota"},
{"name":"Farwell"},
{"name":"Iowa"},
{"name":"Hauk"},
{"name":"Gateway"},
{"name":"Sundown"},
{"name":"Harper"},
{"name":"Bartillon"},
{"name":"Stephen"},
{"name":"Crownhardt"},
{"name":"Westridge"},
{"name":"Scofield"},
{"name":"Macpherson"},
{"name":"Clemons"},
{"name":"Laurel"},
{"name":"Prairieview"},
{"name":"Farragut"},
{"name":"Lien"},
{"name":"Erie"},
{"name":"Florence"},
{"name":"Loeprich"},
{"name":"Everett"},
{"name":"Hoard"},
{"name":"Vidon"},
{"name":"Clemons"},
{"name":"Kinsman"},
{"name":"2nd"},
{"name":"Bonner"},
{"name":"Dovetail"},
{"name":"Stone Corner"},
{"name":"Declaration"},
{"name":"Wayridge"},
{"name":"Erie"},
{"name":"Crownhardt"},
{"name":"Atwood"},
{"name":"Little Fleur"},
{"name":"Fairfield"},
{"name":"Ramsey"},
{"name":"Memorial"},
{"name":"Stang"},
{"name":"Amoth"},
{"name":"Michigan"},
{"name":"Maryland"},
{"name":"Bobwhite"},
{"name":"Mallard"},
{"name":"Gulseth"},
{"name":"Hoard"},
{"name":"Mayfield"},
{"name":"Stephen"},
{"name":"Village"},
{"name":"Dottie"},
{"name":"International"},
{"name":"Farragut"},
{"name":"Red Cloud"},
{"name":"Aberg"},
{"name":"Moland"},
{"name":"Rusk"},
{"name":"Westridge"},
{"name":"Heath"},
{"name":"Hauk"},
{"name":"Walton"},
{"name":"Bluejay"},
{"name":"Chinook"},
{"name":"Rigney"},
{"name":"Maple Wood"},
{"name":"Delladonna"},
{"name":"Rusk"},
{"name":"Pearson"},
{"name":"Little Fleur"},
{"name":"Carioca"},
{"name":"Westerfield"},
{"name":"Lillian"},
{"name":"Little Fleur"},
{"name":"Fieldstone"},
{"name":"Bonner"},
{"name":"Parkside"},
{"name":"Dayton"},
{"name":"Hermina"},
{"name":"Hudson"},
{"name":"Buhler"},
{"name":"Sherman"},
{"name":"Glendale"},
{"name":"Valley Edge"},
{"name":"Shopko"},
{"name":"Vermont"},
{"name":"Bluejay"},
{"name":"Hazelcrest"},
{"name":"Mcbride"},
{"name":"Express"},
{"name":"Shelley"},
{"name":"Hanson"},
{"name":"North"},
{"name":"Tennessee"},
{"name":"Loeprich"},
{"name":"Artisan"},
{"name":"Surrey"},
{"name":"Becker"},
{"name":"Butterfield"},
{"name":"Chive"},
{"name":"Division"},
{"name":"Main"},
{"name":"Delaware"},
{"name":"Columbus"},
{"name":"Everett"},
{"name":"Atwood"},
{"name":"New Castle"},
{"name":"Lien"},
{"name":"Badeau"},
{"name":"Spohn"},
{"name":"Dunning"},
{"name":"Sherman"},
{"name":"Doe Crossing"},
{"name":"Troy"},
{"name":"Miller"},
{"name":"Starling"},
{"name":"Blackbird"},
{"name":"Sherman"},
{"name":"8th"},
{"name":"Little Fleur"},
{"name":"Johnson"},
{"name":"Golf Course"},
{"name":"Nobel"},
{"name":"Oak"},
{"name":"Erie"},
{"name":"Vermont"},
{"name":"Milwaukee"},
{"name":"Crownhardt"},
{"name":"Declaration"},
{"name":"East"},
{"name":"Susan"},
{"name":"Daystar"},
{"name":"Trailsway"},
{"name":"Aberg"},
{"name":"Esker"},
{"name":"Orin"},
{"name":"Claremont"},
{"name":"Hermina"},
{"name":"Sunfield"},
{"name":"Brickson Park"},
{"name":"Melrose"},
{"name":"Buell"},
{"name":"Vahlen"},
{"name":"Rieder"},
{"name":"Gateway"},
{"name":"Harper"},
{"name":"Fallview"},
{"name":"Holy Cross"},
{"name":"Parkside"},
{"name":"Laurel"},
{"name":"Maywood"},
{"name":"Barby"},
{"name":"Fairview"},
{"name":"Milwaukee"},
{"name":"Marquette"},
{"name":"Shelley"},
{"name":"Shelley"},
{"name":"Thierer"},
{"name":"Dunning"},
{"name":"Ridge Oak"},
{"name":"Straubel"},
{"name":"Lukken"},
{"name":"Novick"},
{"name":"Farragut"},
{"name":"Lake View"},
{"name":"Melvin"},
{"name":"Crownhardt"},
{"name":"Drewry"},
{"name":"Prairieview"},
{"name":"Grim"},
{"name":"Kings"},
{"name":"Pond"},
{"name":"Carberry"},
{"name":"Chinook"},
{"name":"Carpenter"},
{"name":"Buell"},
{"name":"Pepper Wood"},
{"name":"Ridgeway"},
{"name":"Sunfield"},
{"name":"Carberry"},
{"name":"Alpine"},
{"name":"Monica"},
{"name":"Artisan"},
{"name":"Lakewood Gardens"},
{"name":"Northport"},
{"name":"Truax"},
{"name":"American Ash"},
{"name":"Londonderry"},
{"name":"Northview"},
{"name":"Troy"},
{"name":"7th"},
{"name":"Rutledge"},
{"name":"Merrick"},
{"name":"Scofield"},
{"name":"Twin Pines"},
{"name":"Haas"},
{"name":"New Castle"},
{"name":"Graceland"},
{"name":"Nelson"},
{"name":"Killdeer"},
{"name":"Steensland"},
{"name":"Summerview"},
{"name":"Heffernan"},
{"name":"Kennedy"},
{"name":"Becker"},
{"name":"David"},
{"name":"Birchwood"},
{"name":"Del Mar"},
{"name":"Kenwood"},
{"name":"Gateway"},
{"name":"Westridge"},
{"name":"Mitchell"},
{"name":"Susan"},
{"name":"Arapahoe"},
{"name":"Ludington"},
{"name":"Chive"},
{"name":"Stoughton"},
{"name":"Red Cloud"},
{"name":"Riverside"},
{"name":"Schurz"},
{"name":"Cherokee"},
{"name":"Wayridge"},
{"name":"Hallows"},
{"name":"Dapin"},
{"name":"Nelson"},
{"name":"Mallard"},
{"name":"Melody"},
{"name":"Ridgeway"},
{"name":"Morrow"},
{"name":"Washington"},
{"name":"Forest Dale"},
{"name":"Sachtjen"},
{"name":"Orin"},
{"name":"Tony"},
{"name":"David"},
{"name":"Monument"},
{"name":"Troy"},
{"name":"Sugar"},
{"name":"Ridge Oak"},
{"name":"Melvin"},
{"name":"Clove"},
{"name":"Larry"},
{"name":"Haas"},
{"name":"Pearson"},
{"name":"Gale"},
{"name":"Basil"},
{"name":"Sauthoff"},
{"name":"Chinook"},
{"name":"Prairie Rose"},
{"name":"Blaine"},
{"name":"Sutherland"},
{"name":"Loomis"},
{"name":"Southridge"},
{"name":"Heath"},
{"name":"Alpine"},
{"name":"Holmberg"},
{"name":"Red Cloud"},
{"name":"Maple Wood"},
{"name":"Wayridge"},
{"name":"Ramsey"},
{"name":"North"},
{"name":"Golden Leaf"},
{"name":"Golf"},
{"name":"Claremont"},
{"name":"Loomis"},
{"name":"Washington"},
{"name":"Bunker Hill"},
{"name":"Mandrake"},
{"name":"Lukken"},
{"name":"Atwood"},
{"name":"Hintze"},
{"name":"Packers"},
{"name":"Sunbrook"},
{"name":"Weeping Birch"},
{"name":"Caliangt"},
{"name":"Katie"},
{"name":"Daystar"},
{"name":"Mendota"},
{"name":"Ridgeview"},
{"name":"Granby"},
{"name":"Summer Ridge"},
{"name":"Anniversary"},
{"name":"Bowman"},
{"name":"Evergreen"},
{"name":"Fordem"},
{"name":"Dakota"},
{"name":"Derek"},
{"name":"Badeau"},
{"name":"Fordem"},
{"name":"Oneill"},
{"name":"Anniversary"},
{"name":"Graceland"},
{"name":"Del Sol"},
{"name":"Dapin"},
{"name":"Rigney"},
{"name":"Bluestem"},
{"name":"Northridge"},
{"name":"Mockingbird"},
{"name":"Mitchell"},
{"name":"Aberg"},
{"name":"Tennessee"},
{"name":"Coleman"},
{"name":"1st"},
{"name":"Nancy"},
{"name":"Old Gate"},
{"name":"Mosinee"},
{"name":"Grasskamp"},
{"name":"Nobel"},
{"name":"Londonderry"},
{"name":"Spenser"},
{"name":"Tomscot"},
{"name":"Mccormick"},
{"name":"Burning Wood"},
{"name":"Loeprich"},
{"name":"Northwestern"},
{"name":"American"},
{"name":"Veith"},
{"name":"Summerview"},
{"name":"Vermont"},
{"name":"Hovde"},
{"name":"Thompson"},
{"name":"Talmadge"},
{"name":"Eagan"},
{"name":"Mayfield"},
{"name":"Eastlawn"},
{"name":"Schlimgen"},
{"name":"Vermont"},
{"name":"Bay"},
{"name":"Jenifer"},
{"name":"Dakota"},
{"name":"Forest"},
{"name":"Manitowish"},
{"name":"Lien"},
{"name":"Pond"},
{"name":"Clove"},
{"name":"Bartillon"},
{"name":"Hollow Ridge"},
{"name":"Manley"},
{"name":"Magdeline"},
{"name":"Grim"},
{"name":"Garrison"},
{"name":"Brentwood"},
{"name":"Judy"},
{"name":"Aberg"},
{"name":"Vahlen"},
{"name":"Kipling"},
{"name":"Rockefeller"},
{"name":"Service"},
{"name":"Florence"},
{"name":"Kedzie"},
{"name":"Fuller"},
{"name":"Talisman"},
{"name":"Village"},
{"name":"Delladonna"},
{"name":"Forster"},
{"name":"Elka"},
{"name":"Prairieview"},
{"name":"Holmberg"},
{"name":"Jana"},
{"name":"Elgar"},
{"name":"Carey"},
{"name":"Mayer"},
{"name":"Colorado"},
{"name":"Brown"},
{"name":"Bay"},
{"name":"Straubel"},
{"name":"Barby"},
{"name":"Susan"},
{"name":"Messerschmidt"},
{"name":"Anniversary"},
{"name":"Anhalt"},
{"name":"Merchant"},
{"name":"Holy Cross"},
{"name":"Cottonwood"},
{"name":"Susan"},
{"name":"Scott"},
{"name":"Ronald Regan"},
{"name":"Homewood"},
{"name":"Thompson"},
{"name":"Holmberg"},
{"name":"Hooker"},
{"name":"Brentwood"},
{"name":"Towne"},
{"name":"Colorado"},
{"name":"Golf"},
{"name":"Portage"},
{"name":"Forest Run"},
{"name":"1st"},
{"name":"Welch"},
{"name":"Randy"},
{"name":"Granby"},
{"name":"Caliangt"},
{"name":"Golden Leaf"},
{"name":"Nevada"},
{"name":"Clarendon"},
{"name":"Springs"},
{"name":"Coleman"},
{"name":"2nd"},
{"name":"Manitowish"},
{"name":"Express"},
{"name":"Sunfield"},
{"name":"Mosinee"},
{"name":"Chinook"},
{"name":"Elgar"},
{"name":"Farmco"},
{"name":"Summit"},
{"name":"Bonner"},
{"name":"Morning"},
{"name":"Hermina"},
{"name":"Park Meadow"},
{"name":"Sundown"},
{"name":"Kim"},
{"name":"International"},
{"name":"Northridge"},
{"name":"Annamark"},
{"name":"Continental"},
{"name":"High Crossing"},
{"name":"Brown"},
{"name":"Lillian"},
{"name":"Monterey"},
{"name":"Bellgrove"},
{"name":"Di Loreto"},
{"name":"Carey"},
{"name":"Hanover"},
{"name":"Hanover"},
{"name":"Oak Valley"},
{"name":"Morrow"},
{"name":"1st"},
{"name":"Portage"},
{"name":"Weeping Birch"},
{"name":"Jana"},
{"name":"Warner"},
{"name":"Karstens"},
{"name":"Mockingbird"},
{"name":"Ilene"},
{"name":"Bultman"},
{"name":"Forster"},
{"name":"Red Cloud"},
{"name":"Graceland"},
{"name":"7th"},
{"name":"Pawling"},
{"name":"Golf"},
{"name":"Emmet"},
{"name":"Mifflin"},
{"name":"Texas"},
{"name":"Northridge"},
{"name":"Petterle"},
{"name":"Lyons"},
{"name":"Monument"},
{"name":"Thompson"},
{"name":"Towne"},
{"name":"Marquette"},
{"name":"Hollow Ridge"},
{"name":"Melody"},
{"name":"Morrow"},
{"name":"Superior"},
{"name":"Heath"},
{"name":"Petterle"},
{"name":"Veith"},
{"name":"Warrior"},
{"name":"Sloan"},
{"name":"Mesta"},
{"name":"Jackson"},
{"name":"Bowman"},
{"name":"Lillian"},
{"name":"Independence"},
{"name":"Portage"},
{"name":"Monterey"},
{"name":"Manufacturers"},
{"name":"Kipling"},
{"name":"Kipling"},
{"name":"Ridgeview"},
{"name":"Buhler"},
{"name":"Rusk"},
{"name":"Merry"},
{"name":"Eagan"},
{"name":"Lighthouse Bay"},
{"name":"Lawn"},
{"name":"Coolidge"},
{"name":"Farragut"},
{"name":"Di Loreto"},
{"name":"Bunker Hill"},
{"name":"Cherokee"},
{"name":"Holmberg"},
{"name":"Thackeray"},
{"name":"Vernon"},
{"name":"Amoth"},
{"name":"Dahle"},
{"name":"Porter"},
{"name":"West"},
{"name":"Granby"},
{"name":"Mifflin"},
{"name":"Sage"},
{"name":"Milwaukee"},
{"name":"Fairview"},
{"name":"Warner"},
{"name":"Rutledge"},
{"name":"Springview"},
{"name":"Stuart"},
{"name":"Novick"},
{"name":"Portage"},
{"name":"Namekagon"},
{"name":"Esker"},
{"name":"Dottie"},
{"name":"Veith"},
{"name":"Homewood"},
{"name":"Moose"},
{"name":"Tennessee"},
{"name":"Westerfield"},
{"name":"Browning"},
{"name":"Reindahl"},
{"name":"Straubel"},
{"name":"Carey"},
{"name":"Basil"},
{"name":"Chinook"},
{"name":"Anhalt"},
{"name":"Hoard"},
{"name":"Ohio"},
{"name":"Northfield"},
{"name":"Karstens"},
{"name":"Shoshone"},
{"name":"Bayside"},
{"name":"Scott"},
{"name":"Fieldstone"},
{"name":"Bashford"},
{"name":"Kim"},
{"name":"Dwight"},
{"name":"Fulton"},
{"name":"Longview"},
{"name":"Oak"},
{"name":"Sunnyside"},
{"name":"Glacier Hill"},
{"name":"Mccormick"},
{"name":"Debra"},
{"name":"Old Gate"},
{"name":"Loftsgordon"},
{"name":"Lakeland"},
{"name":"Kenwood"},
{"name":"High Crossing"},
{"name":"Randy"},
{"name":"Valley Edge"},
{"name":"Warner"},
{"name":"Jay"},
{"name":"Randy"},
{"name":"Rigney"},
{"name":"Amoth"},
{"name":"Scott"},
{"name":"Victoria"},
{"name":"Kennedy"},
{"name":"Sunbrook"},
{"name":"Northport"},
{"name":"Rieder"},
{"name":"Vernon"},
{"name":"Schmedeman"},
{"name":"Brickson Park"},
{"name":"Vidon"},
{"name":"Summerview"},
{"name":"Memorial"},
{"name":"Becker"},
{"name":"8th"},
{"name":"Rockefeller"},
{"name":"Macpherson"},
{"name":"Trailsway"},
{"name":"Sachtjen"},
{"name":"Alpine"},
{"name":"Eastwood"},
{"name":"Moland"},
{"name":"Longview"},
{"name":"Ramsey"},
{"name":"Di Loreto"},
{"name":"Eastwood"},
{"name":"Hanover"},
{"name":"Eggendart"},
{"name":"Susan"},
{"name":"Kings"},
{"name":"Rigney"},
{"name":"Warbler"},
{"name":"Donald"}]