[{"name":"Vitz","nationality":"BH","rating":3},
{"name":"Pixoboo","nationality":"RU","rating":5},
{"name":"Myworks","nationality":"ID","rating":6},
{"name":"Photobug","nationality":"TH","rating":6},
{"name":"Mynte","nationality":"FR","rating":10},
{"name":"Oyoloo","nationality":"FR","rating":8},
{"name":"Dabvine","nationality":"CN","rating":3},
{"name":"Teklist","nationality":"PH","rating":5},
{"name":"Omba","nationality":"CN","rating":8},
{"name":"Devify","nationality":"CN","rating":3},
{"name":"Realfire","nationality":"GR","rating":8},
{"name":"Brainverse","nationality":"CN","rating":8},
{"name":"Bluezoom","nationality":"BR","rating":3},
{"name":"Viva","nationality":"CN","rating":6},
{"name":"Ainyx","nationality":"GM","rating":6},
{"name":"Camido","nationality":"HR","rating":3},
{"name":"Gabcube","nationality":"CN","rating":1},
{"name":"Voolia","nationality":"ID","rating":1},
{"name":"Fliptune","nationality":"CN","rating":2},
{"name":"Zoovu","nationality":"ID","rating":6},
{"name":"Wordware","nationality":"CI","rating":3},
{"name":"Skinix","nationality":"ZA","rating":8},
{"name":"Oyoloo","nationality":"BR","rating":1},
{"name":"Jaxbean","nationality":"CN","rating":9},
{"name":"Wordtune","nationality":"ID","rating":1},
{"name":"Shufflebeat","nationality":"PT","rating":10},
{"name":"Jatri","nationality":"IR","rating":10},
{"name":"Quimm","nationality":"KZ","rating":3},
{"name":"Digitube","nationality":"ID","rating":6},
{"name":"Yodel","nationality":"US","rating":3},
{"name":"Skaboo","nationality":"AT","rating":6},
{"name":"Skinder","nationality":"PH","rating":9},
{"name":"Vinte","nationality":"TH","rating":3},
{"name":"Kazio","nationality":"PT","rating":10},
{"name":"Dynabox","nationality":"ID","rating":3},
{"name":"Trunyx","nationality":"PL","rating":1},
{"name":"Skalith","nationality":"CI","rating":5},
{"name":"Meeveo","nationality":"BG","rating":10},
{"name":"Livetube","nationality":"FM","rating":8},
{"name":"Yodel","nationality":"US","rating":3},
{"name":"Fiveclub","nationality":"FI","rating":1},
{"name":"Meeveo","nationality":"RU","rating":9},
{"name":"Feedbug","nationality":"CA","rating":7},
{"name":"Twitterworks","nationality":"PH","rating":4},
{"name":"Twitterwire","nationality":"BD","rating":9},
{"name":"Vidoo","nationality":"GU","rating":6},
{"name":"Flipstorm","nationality":"CN","rating":9},
{"name":"Livepath","nationality":"AR","rating":5},
{"name":"Jetwire","nationality":"YE","rating":1},
{"name":"Skivee","nationality":"MX","rating":8},
{"name":"Katz","nationality":"CN","rating":2},
{"name":"Realblab","nationality":"ID","rating":9},
{"name":"DabZ","nationality":"ID","rating":4},
{"name":"Youspan","nationality":"PT","rating":9},
{"name":"Demimbu","nationality":"UA","rating":9},
{"name":"Edgewire","nationality":"TH","rating":4},
{"name":"Jaxworks","nationality":"PT","rating":3},
{"name":"Fivechat","nationality":"CA","rating":6},
{"name":"Browsebug","nationality":"NG","rating":9},
{"name":"Babbleset","nationality":"ID","rating":5},
{"name":"Youspan","nationality":"SE","rating":2},
{"name":"Jabbercube","nationality":"CN","rating":8},
{"name":"Roodel","nationality":"RU","rating":6},
{"name":"Jabbercube","nationality":"CA","rating":8},
{"name":"Quamba","nationality":"PS","rating":2},
{"name":"Dablist","nationality":"ID","rating":5},
{"name":"BlogXS","nationality":"US","rating":8},
{"name":"Jabberstorm","nationality":"ES","rating":1},
{"name":"Pixonyx","nationality":"CN","rating":6},
{"name":"Jabbersphere","nationality":"ID","rating":2},
{"name":"Skimia","nationality":"SE","rating":10},
{"name":"Flashspan","nationality":"RU","rating":10},
{"name":"Yakidoo","nationality":"CN","rating":1},
{"name":"Rhyzio","nationality":"JP","rating":1},
{"name":"Babblestorm","nationality":"MM","rating":9},
{"name":"Centidel","nationality":"ID","rating":7},
{"name":"Skajo","nationality":"ID","rating":9},
{"name":"Kwinu","nationality":"ID","rating":2},
{"name":"Yata","nationality":"CN","rating":6},
{"name":"Browseblab","nationality":"CN","rating":4},
{"name":"Kwideo","nationality":"TH","rating":5},
{"name":"Einti","nationality":"GR","rating":4},
{"name":"Aimbo","nationality":"CN","rating":4},
{"name":"Tazzy","nationality":"ID","rating":10},
{"name":"Centimia","nationality":"CI","rating":9},
{"name":"Youspan","nationality":"RS","rating":4},
{"name":"Voolith","nationality":"CO","rating":1},
{"name":"Kaymbo","nationality":"IR","rating":4},
{"name":"Wikibox","nationality":"TH","rating":5},
{"name":"InnoZ","nationality":"CA","rating":3},
{"name":"Edgetag","nationality":"US","rating":2},
{"name":"Rhybox","nationality":"CZ","rating":1},
{"name":"Twitterworks","nationality":"CN","rating":4},
{"name":"Jatri","nationality":"PH","rating":4},
{"name":"Youopia","nationality":"BR","rating":9},
{"name":"Trilith","nationality":"MD","rating":9},
{"name":"Flashspan","nationality":"CN","rating":4},
{"name":"Flipopia","nationality":"RU","rating":7},
{"name":"Ntag","nationality":"ID","rating":5},
{"name":"Zoombox","nationality":"CZ","rating":2},
{"name":"Mudo","nationality":"TJ","rating":6},
{"name":"Brainsphere","nationality":"MZ","rating":5},
{"name":"Vinte","nationality":"TH","rating":6},
{"name":"Myworks","nationality":"US","rating":5},
{"name":"Skimia","nationality":"PE","rating":3},
{"name":"Talane","nationality":"ID","rating":2},
{"name":"Fadeo","nationality":"CZ","rating":10},
{"name":"Divape","nationality":"ID","rating":8},
{"name":"Blognation","nationality":"AR","rating":9},
{"name":"Skibox","nationality":"PH","rating":9},
{"name":"Skajo","nationality":"ID","rating":5},
{"name":"Rhynyx","nationality":"NG","rating":7},
{"name":"Blogpad","nationality":"XK","rating":6},
{"name":"Feedfish","nationality":"RU","rating":9},
{"name":"Yoveo","nationality":"CN","rating":3},
{"name":"Fatz","nationality":"PH","rating":4},
{"name":"Tagfeed","nationality":"FR","rating":7},
{"name":"Realbridge","nationality":"MA","rating":3},
{"name":"Aimbo","nationality":"CN","rating":8},
{"name":"Abatz","nationality":"CN","rating":4},
{"name":"Kwinu","nationality":"LY","rating":1},
{"name":"Realbridge","nationality":"FR","rating":9},
{"name":"Oloo","nationality":"US","rating":8},
{"name":"Eayo","nationality":"PT","rating":9},
{"name":"Realcube","nationality":"CN","rating":4},
{"name":"Dynazzy","nationality":"CN","rating":5},
{"name":"Midel","nationality":"PH","rating":4},
{"name":"Dynabox","nationality":"NG","rating":3},
{"name":"Zoombeat","nationality":"SI","rating":6},
{"name":"Browsedrive","nationality":"DO","rating":1},
{"name":"Kwinu","nationality":"AF","rating":9},
{"name":"Nlounge","nationality":"NG","rating":1},
{"name":"Blogtag","nationality":"PK","rating":3},
{"name":"Talane","nationality":"VN","rating":2},
{"name":"Aimbo","nationality":"CN","rating":5},
{"name":"Linkbridge","nationality":"KP","rating":7},
{"name":"Youspan","nationality":"BR","rating":5},
{"name":"Bubbletube","nationality":"PK","rating":6},
{"name":"Katz","nationality":"BR","rating":7},
{"name":"Riffpath","nationality":"CZ","rating":2},
{"name":"Twinder","nationality":"CN","rating":9},
{"name":"Talane","nationality":"ID","rating":9},
{"name":"Innojam","nationality":"US","rating":8},
{"name":"Rhyzio","nationality":"CN","rating":1},
{"name":"Aimbo","nationality":"PH","rating":5},
{"name":"Photofeed","nationality":"CZ","rating":1},
{"name":"Dabfeed","nationality":"RU","rating":6},
{"name":"Gigazoom","nationality":"PH","rating":10},
{"name":"Riffpedia","nationality":"PT","rating":1},
{"name":"Quire","nationality":"CN","rating":1},
{"name":"Tazzy","nationality":"ID","rating":7},
{"name":"Skivee","nationality":"CN","rating":9},
{"name":"Gigazoom","nationality":"CN","rating":3},
{"name":"Yakidoo","nationality":"PH","rating":6},
{"name":"Quatz","nationality":"HN","rating":10},
{"name":"Yata","nationality":"CO","rating":5},
{"name":"Meembee","nationality":"CN","rating":3},
{"name":"Realbridge","nationality":"CN","rating":7},
{"name":"Feednation","nationality":"GR","rating":10},
{"name":"Oyoba","nationality":"YE","rating":1},
{"name":"Aimbo","nationality":"PE","rating":7},
{"name":"Meevee","nationality":"PA","rating":3},
{"name":"Wordware","nationality":"CN","rating":6},
{"name":"Voonix","nationality":"SE","rating":7},
{"name":"Skyble","nationality":"ID","rating":8},
{"name":"Eayo","nationality":"CN","rating":7},
{"name":"Cogilith","nationality":"CN","rating":3},
{"name":"Centizu","nationality":"CN","rating":6},
{"name":"Devshare","nationality":"CN","rating":10},
{"name":"Omba","nationality":"BY","rating":6},
{"name":"LiveZ","nationality":"PG","rating":6},
{"name":"Jaloo","nationality":"DO","rating":8},
{"name":"LiveZ","nationality":"FR","rating":3},
{"name":"Yadel","nationality":"AF","rating":4},
{"name":"Izio","nationality":"PH","rating":1},
{"name":"Devbug","nationality":"CN","rating":5},
{"name":"Eire","nationality":"ID","rating":6},
{"name":"Oyoba","nationality":"ID","rating":5},
{"name":"Yodoo","nationality":"CL","rating":5},
{"name":"Dynabox","nationality":"BW","rating":1},
{"name":"Buzzster","nationality":"PE","rating":1},
{"name":"Edgepulse","nationality":"CN","rating":5},
{"name":"Devcast","nationality":"MX","rating":1},
{"name":"Twitterwire","nationality":"PH","rating":4},
{"name":"Centidel","nationality":"PH","rating":4},
{"name":"Devpoint","nationality":"JP","rating":7},
{"name":"Voonder","nationality":"US","rating":10},
{"name":"Pixonyx","nationality":"PT","rating":10},
{"name":"Yakijo","nationality":"US","rating":4},
{"name":"Buzzshare","nationality":"MY","rating":9},
{"name":"Kanoodle","nationality":"CN","rating":2},
{"name":"Buzzdog","nationality":"RU","rating":3},
{"name":"Edgepulse","nationality":"LV","rating":8},
{"name":"Wikizz","nationality":"ID","rating":6},
{"name":"Shufflebeat","nationality":"PT","rating":4},
{"name":"Meemm","nationality":"DE","rating":6},
{"name":"Ailane","nationality":"UA","rating":10},
{"name":"Trunyx","nationality":"PH","rating":5},
{"name":"Skyble","nationality":"CN","rating":3},
{"name":"Wikido","nationality":"ID","rating":4},
{"name":"Rooxo","nationality":"US","rating":7},
{"name":"Blogtag","nationality":"CN","rating":1},
{"name":"Wikizz","nationality":"PE","rating":7},
{"name":"Geba","nationality":"TH","rating":4},
{"name":"Twinte","nationality":"ID","rating":1},
{"name":"Tazz","nationality":"AR","rating":4},
{"name":"Topicware","nationality":"RU","rating":9},
{"name":"Shufflester","nationality":"FR","rating":9},
{"name":"Mydo","nationality":"PL","rating":10},
{"name":"Shuffletag","nationality":"RU","rating":2},
{"name":"Zoomcast","nationality":"PL","rating":9},
{"name":"Twinte","nationality":"SE","rating":2},
{"name":"Dabfeed","nationality":"PH","rating":1},
{"name":"Chatterpoint","nationality":"SE","rating":8},
{"name":"Zoomcast","nationality":"JP","rating":3},
{"name":"Fivebridge","nationality":"PH","rating":7},
{"name":"Innojam","nationality":"PH","rating":2},
{"name":"Mynte","nationality":"ES","rating":1},
{"name":"Lazz","nationality":"BJ","rating":5},
{"name":"Dabtype","nationality":"GR","rating":7},
{"name":"Skinte","nationality":"CN","rating":1},
{"name":"Oyoba","nationality":"RU","rating":8},
{"name":"Blogspan","nationality":"SE","rating":7},
{"name":"DabZ","nationality":"CN","rating":9},
{"name":"Thoughtbeat","nationality":"ID","rating":4},
{"name":"Cogibox","nationality":"CN","rating":1},
{"name":"Bubblemix","nationality":"TH","rating":2},
{"name":"Browsecat","nationality":"SE","rating":9},
{"name":"Dabtype","nationality":"SI","rating":1},
{"name":"Thoughtstorm","nationality":"AR","rating":5},
{"name":"Ntags","nationality":"SE","rating":7},
{"name":"Feedspan","nationality":"ID","rating":5},
{"name":"Kwimbee","nationality":"KZ","rating":5},
{"name":"Zoomlounge","nationality":"PL","rating":5},
{"name":"Babbleopia","nationality":"CN","rating":8},
{"name":"Skinix","nationality":"ID","rating":7},
{"name":"Flipopia","nationality":"TZ","rating":4},
{"name":"Topicshots","nationality":"RU","rating":3},
{"name":"Thoughtblab","nationality":"VE","rating":6},
{"name":"Zoomcast","nationality":"CN","rating":3},
{"name":"Jatri","nationality":"JP","rating":7},
{"name":"Babblestorm","nationality":"ET","rating":5},
{"name":"Jetpulse","nationality":"PT","rating":1},
{"name":"Topicware","nationality":"ID","rating":4},
{"name":"Skippad","nationality":"PL","rating":1},
{"name":"Eazzy","nationality":"SE","rating":7},
{"name":"Reallinks","nationality":"BW","rating":4},
{"name":"Dablist","nationality":"PL","rating":8},
{"name":"Yata","nationality":"ID","rating":6},
{"name":"Realblab","nationality":"MM","rating":8},
{"name":"Centimia","nationality":"SE","rating":6},
{"name":"Zazio","nationality":"SC","rating":2},
{"name":"Janyx","nationality":"CN","rating":1},
{"name":"Tagtune","nationality":"BY","rating":2},
{"name":"Tagopia","nationality":"CN","rating":4},
{"name":"Talane","nationality":"CN","rating":3},
{"name":"Twimm","nationality":"ID","rating":9},
{"name":"Meemm","nationality":"RU","rating":7},
{"name":"Yoveo","nationality":"US","rating":10},
{"name":"Ooba","nationality":"GM","rating":5},
{"name":"Fadeo","nationality":"PL","rating":2},
{"name":"Lazz","nationality":"AZ","rating":1},
{"name":"Skimia","nationality":"RU","rating":2},
{"name":"Trunyx","nationality":"AR","rating":5},
{"name":"Kwideo","nationality":"PT","rating":8},
{"name":"Gabcube","nationality":"AL","rating":1},
{"name":"Roodel","nationality":"CN","rating":6},
{"name":"Quatz","nationality":"GT","rating":5},
{"name":"Skyba","nationality":"CN","rating":4},
{"name":"Youbridge","nationality":"CN","rating":8},
{"name":"Minyx","nationality":"RU","rating":4},
{"name":"Shuffledrive","nationality":"AF","rating":5},
{"name":"Flipopia","nationality":"LV","rating":6},
{"name":"Innojam","nationality":"RU","rating":2},
{"name":"Innojam","nationality":"DE","rating":3},
{"name":"Oyoloo","nationality":"NA","rating":8},
{"name":"Flashpoint","nationality":"CN","rating":8},
{"name":"Plambee","nationality":"UA","rating":5},
{"name":"Yoveo","nationality":"CZ","rating":3},
{"name":"Dazzlesphere","nationality":"CA","rating":2},
{"name":"Oyoloo","nationality":"MD","rating":6},
{"name":"Skyvu","nationality":"ME","rating":4},
{"name":"Browsedrive","nationality":"PH","rating":8},
{"name":"Lajo","nationality":"CN","rating":3},
{"name":"Quatz","nationality":"ID","rating":8},
{"name":"Photospace","nationality":"NL","rating":8},
{"name":"Voonder","nationality":"ID","rating":1},
{"name":"Wordtune","nationality":"HN","rating":9},
{"name":"Skyndu","nationality":"SE","rating":2},
{"name":"Teklist","nationality":"TH","rating":10},
{"name":"Twitterlist","nationality":"NI","rating":5},
{"name":"Demivee","nationality":"PT","rating":1},
{"name":"Twitterbeat","nationality":"CZ","rating":10},
{"name":"Roodel","nationality":"KM","rating":6},
{"name":"Twitterbeat","nationality":"ID","rating":9},
{"name":"Mudo","nationality":"SY","rating":10},
{"name":"Wordware","nationality":"PH","rating":2},
{"name":"Twimm","nationality":"RU","rating":4},
{"name":"Jaxnation","nationality":"ID","rating":1},
{"name":"Dabtype","nationality":"NG","rating":1},
{"name":"Centidel","nationality":"ID","rating":4},
{"name":"Feedmix","nationality":"UZ","rating":10},
{"name":"Eazzy","nationality":"PE","rating":8},
{"name":"Voonix","nationality":"IM","rating":9},
{"name":"Dynabox","nationality":"PH","rating":2},
{"name":"Quimba","nationality":"CN","rating":2},
{"name":"Dynabox","nationality":"CN","rating":9},
{"name":"Dabshots","nationality":"HU","rating":4},
{"name":"Wikizz","nationality":"CN","rating":2},
{"name":"Jaloo","nationality":"CN","rating":7},
{"name":"Feedfire","nationality":"BR","rating":5},
{"name":"Realbuzz","nationality":"DO","rating":4},
{"name":"Trilia","nationality":"ID","rating":8},
{"name":"Wordtune","nationality":"CN","rating":10},
{"name":"Zoombox","nationality":"NG","rating":6},
{"name":"Skiptube","nationality":"US","rating":6},
{"name":"Skipfire","nationality":"CN","rating":8},
{"name":"Divavu","nationality":"GT","rating":2},
{"name":"Skajo","nationality":"BR","rating":10},
{"name":"Dynabox","nationality":"ID","rating":8},
{"name":"Bubblebox","nationality":"NG","rating":7},
{"name":"Wikibox","nationality":"SL","rating":8},
{"name":"Yata","nationality":"CN","rating":6},
{"name":"Leenti","nationality":"ID","rating":2},
{"name":"Mymm","nationality":"AZ","rating":1},
{"name":"Myworks","nationality":"SC","rating":9},
{"name":"Voomm","nationality":"ID","rating":2},
{"name":"Twimm","nationality":"ID","rating":4},
{"name":"Youspan","nationality":"CN","rating":7},
{"name":"Yodo","nationality":"GR","rating":8},
{"name":"Thoughtblab","nationality":"TH","rating":1},
{"name":"Lazzy","nationality":"ID","rating":9},
{"name":"Topicware","nationality":"GR","rating":10},
{"name":"Wikivu","nationality":"FR","rating":2},
{"name":"Teklist","nationality":"CN","rating":4},
{"name":"Oyoyo","nationality":"BR","rating":6},
{"name":"Roomm","nationality":"PK","rating":3},
{"name":"Realpoint","nationality":"FI","rating":3},
{"name":"Voonder","nationality":"CN","rating":10},
{"name":"Brainverse","nationality":"AR","rating":4},
{"name":"Jetpulse","nationality":"MY","rating":1},
{"name":"Meetz","nationality":"CD","rating":1},
{"name":"Zoonoodle","nationality":"CN","rating":10},
{"name":"Youspan","nationality":"US","rating":7},
{"name":"Divavu","nationality":"RU","rating":8},
{"name":"JumpXS","nationality":"CN","rating":9},
{"name":"Rooxo","nationality":"ID","rating":4},
{"name":"Kayveo","nationality":"ID","rating":1},
{"name":"Jamia","nationality":"CN","rating":4},
{"name":"Snaptags","nationality":"ID","rating":10},
{"name":"Twitterbridge","nationality":"NG","rating":2},
{"name":"Photobug","nationality":"DE","rating":4},
{"name":"Photobug","nationality":"PL","rating":7},
{"name":"Zoonder","nationality":"CN","rating":1},
{"name":"Trilith","nationality":"IE","rating":4},
{"name":"Thoughtmix","nationality":"RU","rating":7},
{"name":"Yamia","nationality":"ET","rating":1},
{"name":"Babbleblab","nationality":"VE","rating":5},
{"name":"Skibox","nationality":"FR","rating":9},
{"name":"Innotype","nationality":"ID","rating":1},
{"name":"Fanoodle","nationality":"RU","rating":6},
{"name":"Brainverse","nationality":"GU","rating":2},
{"name":"Bluejam","nationality":"ID","rating":2},
{"name":"Oyonder","nationality":"PE","rating":8},
{"name":"Zoomcast","nationality":"HN","rating":7},
{"name":"Divanoodle","nationality":"CN","rating":7},
{"name":"Oyoba","nationality":"CA","rating":1},
{"name":"Fatz","nationality":"ID","rating":10},
{"name":"Kwinu","nationality":"ID","rating":3},
{"name":"Feedmix","nationality":"FR","rating":7},
{"name":"Livefish","nationality":"PH","rating":5},
{"name":"Oyoloo","nationality":"RS","rating":5},
{"name":"Trudeo","nationality":"PL","rating":5},
{"name":"Midel","nationality":"KR","rating":2},
{"name":"Riffwire","nationality":"SE","rating":8},
{"name":"Edgewire","nationality":"UG","rating":1},
{"name":"Gabtype","nationality":"KR","rating":8},
{"name":"Einti","nationality":"UA","rating":1},
{"name":"Topiclounge","nationality":"UA","rating":9},
{"name":"Thoughtbeat","nationality":"KE","rating":8},
{"name":"Twitterbridge","nationality":"JP","rating":3},
{"name":"InnoZ","nationality":"GM","rating":2},
{"name":"Plajo","nationality":"CN","rating":4},
{"name":"Zoomzone","nationality":"ID","rating":6},
{"name":"Roodel","nationality":"PF","rating":1},
{"name":"Oba","nationality":"SE","rating":1},
{"name":"Eabox","nationality":"LV","rating":4},
{"name":"Mycat","nationality":"MX","rating":9},
{"name":"Skalith","nationality":"AR","rating":5},
{"name":"Oyoyo","nationality":"CN","rating":6},
{"name":"Yacero","nationality":"CO","rating":7},
{"name":"Bubblemix","nationality":"SE","rating":8},
{"name":"Quinu","nationality":"MY","rating":10},
{"name":"Thoughtsphere","nationality":"GR","rating":10},
{"name":"Tagchat","nationality":"ID","rating":9},
{"name":"Skyvu","nationality":"AR","rating":2},
{"name":"Realcube","nationality":"CD","rating":5},
{"name":"Dablist","nationality":"UG","rating":6},
{"name":"Tagcat","nationality":"BF","rating":6},
{"name":"Avamm","nationality":"NI","rating":1},
{"name":"Zoomzone","nationality":"IE","rating":3},
{"name":"Eire","nationality":"ID","rating":9},
{"name":"Devpulse","nationality":"PE","rating":8},
{"name":"Quimba","nationality":"UA","rating":4},
{"name":"Edgeblab","nationality":"FR","rating":7},
{"name":"Voonix","nationality":"PE","rating":9},
{"name":"Zazio","nationality":"RU","rating":5},
{"name":"Fadeo","nationality":"PH","rating":2},
{"name":"Devbug","nationality":"ID","rating":4},
{"name":"Agimba","nationality":"SI","rating":5},
{"name":"Trupe","nationality":"CZ","rating":6},
{"name":"Tanoodle","nationality":"CA","rating":4},
{"name":"Yacero","nationality":"CN","rating":3},
{"name":"Meetz","nationality":"BR","rating":3},
{"name":"Skidoo","nationality":"CN","rating":8},
{"name":"Babbleblab","nationality":"ID","rating":4},
{"name":"Blogtag","nationality":"ID","rating":8},
{"name":"Flipopia","nationality":"CO","rating":1},
{"name":"Jabbersphere","nationality":"FI","rating":4},
{"name":"Jabbersphere","nationality":"CN","rating":2},
{"name":"Flashset","nationality":"CN","rating":1},
{"name":"Dynazzy","nationality":"CN","rating":9},
{"name":"Jayo","nationality":"GR","rating":3},
{"name":"Fliptune","nationality":"ID","rating":3},
{"name":"Kazu","nationality":"ID","rating":3},
{"name":"Photolist","nationality":"JP","rating":7},
{"name":"Vitz","nationality":"TH","rating":2},
{"name":"Ntags","nationality":"PL","rating":5},
{"name":"Aimbo","nationality":"CZ","rating":3},
{"name":"Oozz","nationality":"US","rating":5},
{"name":"Topiczoom","nationality":"CN","rating":7},
{"name":"Buzzshare","nationality":"PH","rating":8},
{"name":"Oyondu","nationality":"ID","rating":9},
{"name":"Eire","nationality":"ID","rating":6},
{"name":"Photolist","nationality":"PL","rating":6},
{"name":"Realpoint","nationality":"BR","rating":10},
{"name":"Babbleset","nationality":"ID","rating":10},
{"name":"Yozio","nationality":"DO","rating":3},
{"name":"Dabjam","nationality":"BG","rating":8},
{"name":"Pixoboo","nationality":"RU","rating":5},
{"name":"Photobug","nationality":"ID","rating":10},
{"name":"Skajo","nationality":"MD","rating":3},
{"name":"Brightdog","nationality":"US","rating":10},
{"name":"Skajo","nationality":"EC","rating":3},
{"name":"Dynabox","nationality":"PE","rating":4},
{"name":"Voonte","nationality":"PK","rating":4},
{"name":"Wikizz","nationality":"CN","rating":9},
{"name":"Kwinu","nationality":"BR","rating":6},
{"name":"Tagfeed","nationality":"MT","rating":8},
{"name":"Skimia","nationality":"PT","rating":5},
{"name":"Ozu","nationality":"ID","rating":6},
{"name":"Riffpath","nationality":"HU","rating":1},
{"name":"Centimia","nationality":"NO","rating":6},
{"name":"Topicstorm","nationality":"BR","rating":10},
{"name":"Edgewire","nationality":"AR","rating":2},
{"name":"Dabshots","nationality":"CD","rating":6},
{"name":"Photojam","nationality":"US","rating":1},
{"name":"Mydeo","nationality":"SY","rating":7},
{"name":"Dabvine","nationality":"CN","rating":10},
{"name":"Kwilith","nationality":"NO","rating":3},
{"name":"Flipstorm","nationality":"PH","rating":4},
{"name":"Kwilith","nationality":"EC","rating":9},
{"name":"Skimia","nationality":"IR","rating":6},
{"name":"Flashdog","nationality":"PH","rating":3},
{"name":"Topiclounge","nationality":"FR","rating":4},
{"name":"Dabshots","nationality":"ID","rating":3},
{"name":"Aimbo","nationality":"ID","rating":3},
{"name":"Skinder","nationality":"TH","rating":3},
{"name":"Thoughtsphere","nationality":"AR","rating":6},
{"name":"Lazzy","nationality":"MN","rating":7},
{"name":"Innojam","nationality":"IT","rating":3},
{"name":"Twinte","nationality":"ID","rating":1},
{"name":"Fivespan","nationality":"DE","rating":9},
{"name":"Divavu","nationality":"EG","rating":6},
{"name":"Yodoo","nationality":"JP","rating":7},
{"name":"Yacero","nationality":"FR","rating":10},
{"name":"Photobug","nationality":"ID","rating":1},
{"name":"Leexo","nationality":"MX","rating":3},
{"name":"Skalith","nationality":"PS","rating":10},
{"name":"Dynabox","nationality":"VN","rating":8},
{"name":"Vidoo","nationality":"CZ","rating":6},
{"name":"Tazzy","nationality":"NG","rating":7},
{"name":"JumpXS","nationality":"UG","rating":2},
{"name":"Oyope","nationality":"CN","rating":6},
{"name":"Linkbridge","nationality":"BR","rating":10},
{"name":"Plambee","nationality":"PK","rating":10},
{"name":"Linklinks","nationality":"CD","rating":7},
{"name":"Mita","nationality":"CO","rating":8},
{"name":"Topdrive","nationality":"EC","rating":9},
{"name":"Mydo","nationality":"US","rating":4},
{"name":"Browsezoom","nationality":"PH","rating":3},
{"name":"Wordpedia","nationality":"CN","rating":1},
{"name":"Devbug","nationality":"ID","rating":3},
{"name":"Browsetype","nationality":"US","rating":1},
{"name":"Edgeclub","nationality":"VE","rating":1},
{"name":"Browseblab","nationality":"FR","rating":7},
{"name":"Zooveo","nationality":"US","rating":4},
{"name":"Quire","nationality":"ID","rating":8},
{"name":"Mudo","nationality":"BG","rating":2},
{"name":"Jatri","nationality":"ID","rating":10},
{"name":"Einti","nationality":"HN","rating":5},
{"name":"Realcube","nationality":"SE","rating":10},
{"name":"Ozu","nationality":"CN","rating":6},
{"name":"Twitternation","nationality":"RU","rating":2},
{"name":"Devcast","nationality":"HN","rating":8},
{"name":"Skyndu","nationality":"LK","rating":6},
{"name":"Yakidoo","nationality":"CN","rating":2},
{"name":"Dynabox","nationality":"LY","rating":8},
{"name":"Rhyzio","nationality":"PL","rating":3},
{"name":"Meevee","nationality":"CA","rating":5},
{"name":"Mudo","nationality":"CO","rating":7},
{"name":"Oyonder","nationality":"PL","rating":5},
{"name":"Voonix","nationality":"UG","rating":3},
{"name":"Blogpad","nationality":"RU","rating":7},
{"name":"Riffwire","nationality":"ID","rating":3},
{"name":"Tagchat","nationality":"CU","rating":4},
{"name":"Devshare","nationality":"BR","rating":8},
{"name":"Twitterlist","nationality":"RS","rating":6},
{"name":"Dabfeed","nationality":"PH","rating":3},
{"name":"Digitube","nationality":"ID","rating":8},
{"name":"Fliptune","nationality":"CN","rating":6},
{"name":"Youopia","nationality":"ID","rating":3},
{"name":"JumpXS","nationality":"MN","rating":4},
{"name":"Topicshots","nationality":"RU","rating":6},
{"name":"Jaxbean","nationality":"MN","rating":6},
{"name":"Twinte","nationality":"EG","rating":7},
{"name":"Blognation","nationality":"PT","rating":1},
{"name":"Riffpath","nationality":"AZ","rating":8},
{"name":"Eidel","nationality":"SE","rating":5},
{"name":"Cogidoo","nationality":"PT","rating":3},
{"name":"Ntag","nationality":"AF","rating":9},
{"name":"Wordware","nationality":"CZ","rating":3},
{"name":"Tagtune","nationality":"BR","rating":7},
{"name":"Jaxspan","nationality":"US","rating":3},
{"name":"Gigabox","nationality":"ID","rating":1},
{"name":"Jetpulse","nationality":"BR","rating":9},
{"name":"Kaymbo","nationality":"HR","rating":1},
{"name":"Twitterworks","nationality":"ID","rating":3},
{"name":"Katz","nationality":"CN","rating":6},
{"name":"Dabshots","nationality":"HR","rating":10},
{"name":"Roombo","nationality":"ID","rating":8},
{"name":"Twitterbeat","nationality":"CN","rating":7},
{"name":"Tavu","nationality":"RU","rating":9},
{"name":"Flipbug","nationality":"MN","rating":10},
{"name":"Jaxnation","nationality":"BF","rating":9},
{"name":"Npath","nationality":"RU","rating":7},
{"name":"Latz","nationality":"UA","rating":6},
{"name":"Centizu","nationality":"PL","rating":8},
{"name":"Topicware","nationality":"GR","rating":3},
{"name":"Photobug","nationality":"CN","rating":3},
{"name":"Mydo","nationality":"PE","rating":7},
{"name":"Meevee","nationality":"UA","rating":5},
{"name":"Twimbo","nationality":"ID","rating":7},
{"name":"Browseblab","nationality":"VE","rating":3},
{"name":"Skaboo","nationality":"UA","rating":4},
{"name":"Zooxo","nationality":"ID","rating":8},
{"name":"Shufflester","nationality":"CN","rating":10},
{"name":"Realcube","nationality":"PL","rating":1},
{"name":"Tagfeed","nationality":"SE","rating":8},
{"name":"Linkbridge","nationality":"CN","rating":1},
{"name":"Thoughtbeat","nationality":"TH","rating":6},
{"name":"Gabspot","nationality":"CN","rating":2},
{"name":"Muxo","nationality":"RU","rating":9},
{"name":"Buzzshare","nationality":"NI","rating":8},
{"name":"Janyx","nationality":"BD","rating":2},
{"name":"Yambee","nationality":"MG","rating":3},
{"name":"Browseblab","nationality":"TH","rating":7},
{"name":"Bubblebox","nationality":"LK","rating":7},
{"name":"Kwimbee","nationality":"ID","rating":7},
{"name":"Kwilith","nationality":"VE","rating":2},
{"name":"Myworks","nationality":"GT","rating":9},
{"name":"Jabbersphere","nationality":"AR","rating":5},
{"name":"Jayo","nationality":"BY","rating":7},
{"name":"Oyoba","nationality":"NO","rating":9},
{"name":"Reallinks","nationality":"ID","rating":4},
{"name":"Brainlounge","nationality":"FO","rating":10},
{"name":"Dabjam","nationality":"PS","rating":5},
{"name":"Vinte","nationality":"US","rating":6},
{"name":"Pixope","nationality":"RU","rating":7},
{"name":"Wikizz","nationality":"FR","rating":1},
{"name":"Skyvu","nationality":"US","rating":3},
{"name":"Livetube","nationality":"ID","rating":4},
{"name":"Muxo","nationality":"CN","rating":5},
{"name":"Zoozzy","nationality":"RU","rating":3},
{"name":"Talane","nationality":"MX","rating":4},
{"name":"Tekfly","nationality":"MA","rating":10},
{"name":"Jetpulse","nationality":"ID","rating":7},
{"name":"Browsezoom","nationality":"PH","rating":1},
{"name":"Yodo","nationality":"ID","rating":1},
{"name":"Jaxbean","nationality":"CN","rating":1},
{"name":"Snaptags","nationality":"UA","rating":5},
{"name":"Feednation","nationality":"CO","rating":9},
{"name":"Browsetype","nationality":"FI","rating":8},
{"name":"Jaxbean","nationality":"CN","rating":7},
{"name":"Bubbletube","nationality":"BR","rating":8},
{"name":"Tagpad","nationality":"CN","rating":6},
{"name":"Aivee","nationality":"UA","rating":9},
{"name":"Eare","nationality":"MZ","rating":8},
{"name":"Trilia","nationality":"PT","rating":1},
{"name":"Meetz","nationality":"PL","rating":4},
{"name":"Zoomcast","nationality":"YT","rating":8},
{"name":"Livetube","nationality":"SI","rating":9},
{"name":"Feedmix","nationality":"ID","rating":10},
{"name":"Topicblab","nationality":"TZ","rating":2},
{"name":"Skilith","nationality":"ID","rating":10},
{"name":"Eimbee","nationality":"US","rating":7},
{"name":"Reallinks","nationality":"PL","rating":2},
{"name":"Skinte","nationality":"AL","rating":7},
{"name":"Jayo","nationality":"CN","rating":3},
{"name":"Oyoba","nationality":"ID","rating":6},
{"name":"Jazzy","nationality":"CN","rating":3},
{"name":"Zoomzone","nationality":"PT","rating":5},
{"name":"Zoozzy","nationality":"BR","rating":10},
{"name":"Voolia","nationality":"BR","rating":4},
{"name":"Reallinks","nationality":"TH","rating":9},
{"name":"Thoughtbeat","nationality":"SE","rating":3},
{"name":"Feedspan","nationality":"FR","rating":4},
{"name":"Wikido","nationality":"VN","rating":9},
{"name":"Divanoodle","nationality":"PT","rating":5},
{"name":"Zoozzy","nationality":"BR","rating":5},
{"name":"Skilith","nationality":"CA","rating":4},
{"name":"Realcube","nationality":"CO","rating":3},
{"name":"Flipstorm","nationality":"LR","rating":6},
{"name":"Livetube","nationality":"AR","rating":8},
{"name":"Mydeo","nationality":"TJ","rating":1},
{"name":"Thoughtstorm","nationality":"ID","rating":2},
{"name":"Oloo","nationality":"VN","rating":5},
{"name":"Centidel","nationality":"CN","rating":4},
{"name":"Rhycero","nationality":"FI","rating":10},
{"name":"Skimia","nationality":"CN","rating":1},
{"name":"Oozz","nationality":"CO","rating":3},
{"name":"Gabvine","nationality":"CN","rating":9},
{"name":"Oloo","nationality":"AF","rating":3},
{"name":"Eidel","nationality":"CN","rating":10},
{"name":"Zoovu","nationality":"PH","rating":1},
{"name":"Plajo","nationality":"PE","rating":8},
{"name":"Skiptube","nationality":"CN","rating":6},
{"name":"Skyba","nationality":"ID","rating":5},
{"name":"Eire","nationality":"CN","rating":9},
{"name":"Browsedrive","nationality":"PL","rating":6},
{"name":"Quinu","nationality":"FK","rating":10},
{"name":"Ailane","nationality":"CN","rating":4},
{"name":"Meezzy","nationality":"CN","rating":6},
{"name":"Rhyzio","nationality":"VE","rating":10},
{"name":"Oyonder","nationality":"AT","rating":1},
{"name":"Twimm","nationality":"BR","rating":5},
{"name":"Skalith","nationality":"IR","rating":5},
{"name":"Yombu","nationality":"PT","rating":3},
{"name":"Zooveo","nationality":"UA","rating":10},
{"name":"Flashspan","nationality":"PL","rating":5},
{"name":"Chatterbridge","nationality":"CZ","rating":5},
{"name":"Quire","nationality":"ID","rating":4},
{"name":"Voonyx","nationality":"CZ","rating":8},
{"name":"Zoombox","nationality":"CN","rating":5},
{"name":"Blogtags","nationality":"CM","rating":2},
{"name":"Skivee","nationality":"CN","rating":8},
{"name":"Dynazzy","nationality":"ID","rating":1},
{"name":"Shufflebeat","nationality":"IS","rating":6},
{"name":"Lazzy","nationality":"FR","rating":5},
{"name":"Jabbersphere","nationality":"PH","rating":6},
{"name":"Geba","nationality":"ID","rating":8},
{"name":"LiveZ","nationality":"SI","rating":10},
{"name":"Trilia","nationality":"HR","rating":7},
{"name":"Edgetag","nationality":"BO","rating":10},
{"name":"Eidel","nationality":"FR","rating":4},
{"name":"Zoonoodle","nationality":"PT","rating":2},
{"name":"Browsecat","nationality":"PH","rating":2},
{"name":"Mydeo","nationality":"CN","rating":2},
{"name":"Linklinks","nationality":"RU","rating":1},
{"name":"Centizu","nationality":"AR","rating":4},
{"name":"Bubblemix","nationality":"RU","rating":8},
{"name":"Dynabox","nationality":"CN","rating":9},
{"name":"Jabberstorm","nationality":"ID","rating":8},
{"name":"Midel","nationality":"CA","rating":9},
{"name":"Gabtype","nationality":"CN","rating":5},
{"name":"Jaxworks","nationality":"CN","rating":4},
{"name":"Wordpedia","nationality":"FR","rating":9},
{"name":"Brainlounge","nationality":"AL","rating":10},
{"name":"Voolith","nationality":"JP","rating":8},
{"name":"Katz","nationality":"TH","rating":4},
{"name":"Ntag","nationality":"NA","rating":1},
{"name":"Rhycero","nationality":"DO","rating":4},
{"name":"Skinder","nationality":"FR","rating":4},
{"name":"Wikizz","nationality":"PH","rating":3},
{"name":"Katz","nationality":"PH","rating":6},
{"name":"Izio","nationality":"MN","rating":4},
{"name":"Kwideo","nationality":"CA","rating":8},
{"name":"Oba","nationality":"CN","rating":7},
{"name":"Flashpoint","nationality":"ID","rating":3},
{"name":"Twitterlist","nationality":"PL","rating":8},
{"name":"Abatz","nationality":"CN","rating":8},
{"name":"Shufflester","nationality":"FI","rating":8},
{"name":"Roomm","nationality":"ID","rating":2},
{"name":"Twitterwire","nationality":"JP","rating":7},
{"name":"Podcat","nationality":"PE","rating":9},
{"name":"Yadel","nationality":"RU","rating":10},
{"name":"Realbuzz","nationality":"CN","rating":8},
{"name":"Browsedrive","nationality":"BR","rating":2},
{"name":"Kwideo","nationality":"PL","rating":5},
{"name":"Shuffletag","nationality":"CN","rating":10},
{"name":"Skiptube","nationality":"AF","rating":6},
{"name":"Photobug","nationality":"JP","rating":4},
{"name":"Skipstorm","nationality":"PH","rating":8},
{"name":"Twimbo","nationality":"AM","rating":3},
{"name":"Innotype","nationality":"NP","rating":5},
{"name":"Oodoo","nationality":"PA","rating":10},
{"name":"Browsetype","nationality":"TH","rating":1},
{"name":"Yozio","nationality":"JP","rating":6},
{"name":"Brainverse","nationality":"NZ","rating":3},
{"name":"Jaxbean","nationality":"FR","rating":1},
{"name":"Ntag","nationality":"MY","rating":9},
{"name":"Photobug","nationality":"BA","rating":10},
{"name":"Skibox","nationality":"CN","rating":10},
{"name":"Browseblab","nationality":"ID","rating":8},
{"name":"Camimbo","nationality":"RU","rating":4},
{"name":"Photofeed","nationality":"IQ","rating":6},
{"name":"Quinu","nationality":"FR","rating":4},
{"name":"Feedspan","nationality":"CA","rating":3},
{"name":"Meedoo","nationality":"RU","rating":6},
{"name":"Realcube","nationality":"CN","rating":10},
{"name":"Innojam","nationality":"CN","rating":6},
{"name":"Buzzdog","nationality":"CN","rating":3},
{"name":"Eidel","nationality":"PT","rating":8},
{"name":"Bluezoom","nationality":"ID","rating":7},
{"name":"Kwinu","nationality":"HN","rating":4},
{"name":"Realpoint","nationality":"ID","rating":9},
{"name":"Livetube","nationality":"ZM","rating":8},
{"name":"Oyoyo","nationality":"ID","rating":3},
{"name":"Pixoboo","nationality":"IR","rating":9},
{"name":"Yakidoo","nationality":"FI","rating":2},
{"name":"Photojam","nationality":"PL","rating":3},
{"name":"Gabspot","nationality":"RU","rating":4},
{"name":"Kazu","nationality":"TD","rating":6},
{"name":"Yotz","nationality":"VN","rating":1},
{"name":"Eimbee","nationality":"FR","rating":3},
{"name":"Mydeo","nationality":"IR","rating":8},
{"name":"Yambee","nationality":"CN","rating":8},
{"name":"Yozio","nationality":"NZ","rating":3},
{"name":"Gabtune","nationality":"PH","rating":3},
{"name":"Fliptune","nationality":"MD","rating":5},
{"name":"Zoovu","nationality":"FR","rating":9},
{"name":"Gigabox","nationality":"CN","rating":4},
{"name":"Edgetag","nationality":"ID","rating":8},
{"name":"Skipfire","nationality":"PH","rating":4},
{"name":"Eimbee","nationality":"MX","rating":9},
{"name":"Jayo","nationality":"AF","rating":10},
{"name":"Youspan","nationality":"RU","rating":6},
{"name":"Thoughtsphere","nationality":"AM","rating":2},
{"name":"Vipe","nationality":"CZ","rating":6},
{"name":"Jetpulse","nationality":"RU","rating":4},
{"name":"Avamba","nationality":"CN","rating":9},
{"name":"Miboo","nationality":"PL","rating":6},
{"name":"Kwimbee","nationality":"ID","rating":4},
{"name":"Gevee","nationality":"CN","rating":1},
{"name":"Photofeed","nationality":"FI","rating":6},
{"name":"Zava","nationality":"CN","rating":3},
{"name":"Riffpedia","nationality":"CN","rating":6},
{"name":"Eare","nationality":"RU","rating":10},
{"name":"Shufflester","nationality":"AL","rating":4},
{"name":"Browseblab","nationality":"GR","rating":1},
{"name":"Leexo","nationality":"CO","rating":8},
{"name":"Vimbo","nationality":"SE","rating":9},
{"name":"Skyndu","nationality":"PH","rating":4},
{"name":"Trupe","nationality":"CN","rating":7},
{"name":"Fadeo","nationality":"HR","rating":2},
{"name":"Miboo","nationality":"CN","rating":6},
{"name":"Edgetag","nationality":"YE","rating":10},
{"name":"Dynava","nationality":"CN","rating":4},
{"name":"Nlounge","nationality":"FR","rating":9},
{"name":"Yodoo","nationality":"CZ","rating":7},
{"name":"Jayo","nationality":"PH","rating":1},
{"name":"Trilia","nationality":"BR","rating":6},
{"name":"Zoozzy","nationality":"MX","rating":10},
{"name":"Aivee","nationality":"MN","rating":9},
{"name":"Yambee","nationality":"RU","rating":7},
{"name":"Babbleset","nationality":"PL","rating":4},
{"name":"Demizz","nationality":"YE","rating":5},
{"name":"Yadel","nationality":"UZ","rating":2},
{"name":"Centidel","nationality":"SI","rating":10},
{"name":"Twinder","nationality":"RU","rating":10},
{"name":"Jabbersphere","nationality":"CN","rating":3},
{"name":"Zooxo","nationality":"UY","rating":6},
{"name":"Avaveo","nationality":"ID","rating":5},
{"name":"Skipfire","nationality":"BR","rating":6},
{"name":"Kaymbo","nationality":"ID","rating":3},
{"name":"Yata","nationality":"PH","rating":5},
{"name":"Zooxo","nationality":"RU","rating":6},
{"name":"Yambee","nationality":"ID","rating":6},
{"name":"Lajo","nationality":"PL","rating":6},
{"name":"Lajo","nationality":"CN","rating":8},
{"name":"Thoughtblab","nationality":"BR","rating":8},
{"name":"Livepath","nationality":"AM","rating":6},
{"name":"Wordify","nationality":"KZ","rating":2},
{"name":"Meejo","nationality":"GB","rating":10},
{"name":"Yozio","nationality":"CN","rating":3},
{"name":"Podcat","nationality":"NG","rating":9},
{"name":"Gabtune","nationality":"CN","rating":6},
{"name":"Tagtune","nationality":"PL","rating":8},
{"name":"Photobug","nationality":"BR","rating":4},
{"name":"Babbleset","nationality":"FR","rating":4},
{"name":"Demimbu","nationality":"ID","rating":3},
{"name":"Skinte","nationality":"BR","rating":4},
{"name":"Yozio","nationality":"ID","rating":6},
{"name":"Skyba","nationality":"GR","rating":1},
{"name":"Flipopia","nationality":"RU","rating":6},
{"name":"Meeveo","nationality":"RU","rating":8},
{"name":"Photolist","nationality":"ZA","rating":5},
{"name":"Eabox","nationality":"ID","rating":6},
{"name":"Jabberbean","nationality":"UA","rating":5},
{"name":"Quimm","nationality":"GE","rating":1},
{"name":"Geba","nationality":"VE","rating":5},
{"name":"Twinder","nationality":"ID","rating":10},
{"name":"Twitterbridge","nationality":"ID","rating":9},
{"name":"Voonte","nationality":"FR","rating":3},
{"name":"Yacero","nationality":"PT","rating":10},
{"name":"Dynabox","nationality":"PL","rating":4},
{"name":"Wikizz","nationality":"AR","rating":7},
{"name":"Zoomdog","nationality":"US","rating":3},
{"name":"Tagchat","nationality":"MX","rating":5},
{"name":"Zoovu","nationality":"PK","rating":7},
{"name":"Lazz","nationality":"AR","rating":8},
{"name":"Meeveo","nationality":"RS","rating":4},
{"name":"Livefish","nationality":"AR","rating":5},
{"name":"Avaveo","nationality":"CO","rating":7},
{"name":"Tavu","nationality":"CN","rating":6},
{"name":"Voolia","nationality":"PL","rating":6},
{"name":"Skinix","nationality":"KZ","rating":8},
{"name":"Jabbersphere","nationality":"ID","rating":7},
{"name":"Trupe","nationality":"NL","rating":2},
{"name":"Skiptube","nationality":"FR","rating":2},
{"name":"Thoughtstorm","nationality":"MZ","rating":5},
{"name":"Jaxnation","nationality":"BR","rating":8},
{"name":"Demivee","nationality":"ID","rating":1},
{"name":"Gabvine","nationality":"RS","rating":9},
{"name":"Meevee","nationality":"US","rating":5},
{"name":"Feednation","nationality":"YE","rating":6},
{"name":"Tanoodle","nationality":"ID","rating":4},
{"name":"Blogspan","nationality":"UA","rating":6},
{"name":"Realblab","nationality":"MN","rating":9},
{"name":"Jabberbean","nationality":"VN","rating":6},
{"name":"Jaxbean","nationality":"RU","rating":5},
{"name":"Oyonder","nationality":"LA","rating":10},
{"name":"Twitternation","nationality":"JP","rating":8},
{"name":"Eire","nationality":"PH","rating":3},
{"name":"Devpoint","nationality":"PL","rating":10},
{"name":"Skinix","nationality":"MX","rating":7},
{"name":"Yakijo","nationality":"CN","rating":1},
{"name":"Jaxbean","nationality":"PL","rating":2},
{"name":"Twitterlist","nationality":"AL","rating":3},
{"name":"Nlounge","nationality":"ID","rating":2},
{"name":"Meemm","nationality":"CZ","rating":2},
{"name":"Thoughtworks","nationality":"AF","rating":10},
{"name":"Buzzbean","nationality":"RU","rating":1},
{"name":"Skinder","nationality":"ID","rating":5},
{"name":"Zoombox","nationality":"US","rating":5},
{"name":"Jetwire","nationality":"VN","rating":9},
{"name":"Livefish","nationality":"BR","rating":2},
{"name":"BlogXS","nationality":"ID","rating":2},
{"name":"Gigaclub","nationality":"SE","rating":1},
{"name":"Twimm","nationality":"FR","rating":5},
{"name":"Thoughtmix","nationality":"ET","rating":7},
{"name":"Zoomzone","nationality":"CN","rating":8},
{"name":"Buzzbean","nationality":"JP","rating":5},
{"name":"Brainsphere","nationality":"CZ","rating":1},
{"name":"Ozu","nationality":"ID","rating":3},
{"name":"Kwideo","nationality":"CN","rating":6},
{"name":"Pixoboo","nationality":"CN","rating":8},
{"name":"Wikido","nationality":"PT","rating":6},
{"name":"Youopia","nationality":"TH","rating":6},
{"name":"Divape","nationality":"AL","rating":9},
{"name":"Edgeblab","nationality":"CO","rating":7},
{"name":"Browsezoom","nationality":"PT","rating":5},
{"name":"LiveZ","nationality":"CO","rating":8},
{"name":"Tazzy","nationality":"PE","rating":6},
{"name":"Leexo","nationality":"ID","rating":9},
{"name":"Voonte","nationality":"BR","rating":3},
{"name":"Brainverse","nationality":"CN","rating":4},
{"name":"Livetube","nationality":"CZ","rating":4},
{"name":"Skajo","nationality":"GR","rating":6},
{"name":"Wikizz","nationality":"CM","rating":7},
{"name":"Brightdog","nationality":"PH","rating":7},
{"name":"BlogXS","nationality":"CN","rating":8},
{"name":"Ailane","nationality":"CU","rating":3},
{"name":"Blognation","nationality":"PT","rating":9},
{"name":"Voolia","nationality":"AR","rating":10},
{"name":"Oyoyo","nationality":"HR","rating":5},
{"name":"Zazio","nationality":"ID","rating":9},
{"name":"Meemm","nationality":"NZ","rating":4},
{"name":"Thoughtbeat","nationality":"CO","rating":3},
{"name":"Skyble","nationality":"ID","rating":2},
{"name":"Yakijo","nationality":"AL","rating":2},
{"name":"Tavu","nationality":"PL","rating":9},
{"name":"Kwinu","nationality":"CN","rating":2},
{"name":"Geba","nationality":"CN","rating":1},
{"name":"Yozio","nationality":"CN","rating":2},
{"name":"Tazz","nationality":"CN","rating":1},
{"name":"Chatterbridge","nationality":"CN","rating":10},
{"name":"Lazzy","nationality":"RS","rating":10},
{"name":"Camido","nationality":"TJ","rating":8},
{"name":"Devpoint","nationality":"JP","rating":4},
{"name":"Devbug","nationality":"PL","rating":8},
{"name":"Twinte","nationality":"PE","rating":1},
{"name":"Snaptags","nationality":"RU","rating":6},
{"name":"Babbleblab","nationality":"RU","rating":1},
{"name":"Vinte","nationality":"BO","rating":1},
{"name":"Wikido","nationality":"AF","rating":1},
{"name":"Thoughtmix","nationality":"ID","rating":6},
{"name":"Oozz","nationality":"EG","rating":3},
{"name":"Skinte","nationality":"FR","rating":2},
{"name":"Kamba","nationality":"US","rating":3},
{"name":"Skidoo","nationality":"AR","rating":5},
{"name":"Tagchat","nationality":"SV","rating":1},
{"name":"Blogpad","nationality":"PE","rating":10},
{"name":"Fivechat","nationality":"CN","rating":7},
{"name":"Nlounge","nationality":"ID","rating":1},
{"name":"Divape","nationality":"PH","rating":1},
{"name":"Realbridge","nationality":"BR","rating":3},
{"name":"Oyoyo","nationality":"UA","rating":8},
{"name":"Yambee","nationality":"ID","rating":1},
{"name":"Linktype","nationality":"ZW","rating":7},
{"name":"Kanoodle","nationality":"CN","rating":5},
{"name":"Jabbersphere","nationality":"JP","rating":4},
{"name":"Mydo","nationality":"YE","rating":8},
{"name":"Cogibox","nationality":"CR","rating":2},
{"name":"Fivebridge","nationality":"CZ","rating":5},
{"name":"Bubbletube","nationality":"CN","rating":2},
{"name":"Livefish","nationality":"MQ","rating":7},
{"name":"Shuffletag","nationality":"RU","rating":5},
{"name":"Camido","nationality":"CN","rating":8},
{"name":"Topicblab","nationality":"MN","rating":8},
{"name":"BlogXS","nationality":"AU","rating":10},
{"name":"Zoombeat","nationality":"CN","rating":3},
{"name":"Bluejam","nationality":"SE","rating":9},
{"name":"Voonyx","nationality":"NO","rating":7},
{"name":"Babbleset","nationality":"SE","rating":2},
{"name":"Aimbo","nationality":"AR","rating":2},
{"name":"Topicware","nationality":"CO","rating":5},
{"name":"Kayveo","nationality":"SE","rating":1},
{"name":"Avaveo","nationality":"CN","rating":10},
{"name":"Zoonder","nationality":"BJ","rating":1},
{"name":"Gigabox","nationality":"CN","rating":10},
{"name":"Skajo","nationality":"ID","rating":5},
{"name":"Yombu","nationality":"PT","rating":10},
{"name":"Devcast","nationality":"CL","rating":4},
{"name":"Agimba","nationality":"RU","rating":5},
{"name":"Shuffletag","nationality":"VE","rating":5},
{"name":"Youtags","nationality":"NI","rating":4},
{"name":"Eabox","nationality":"PE","rating":6},
{"name":"Vinte","nationality":"ID","rating":10},
{"name":"Quinu","nationality":"PH","rating":7},
{"name":"Oyondu","nationality":"CN","rating":9},
{"name":"Yakijo","nationality":"TH","rating":1},
{"name":"Brainsphere","nationality":"SN","rating":5},
{"name":"Skipstorm","nationality":"JM","rating":10},
{"name":"Vimbo","nationality":"US","rating":1},
{"name":"Divavu","nationality":"PT","rating":3},
{"name":"Plambee","nationality":"ZW","rating":1},
{"name":"Edgeblab","nationality":"UZ","rating":9},
{"name":"Zoomlounge","nationality":"AR","rating":5},
{"name":"Skinder","nationality":"PH","rating":3},
{"name":"Brainbox","nationality":"PH","rating":7},
{"name":"Dabshots","nationality":"FI","rating":2},
{"name":"Jayo","nationality":"ZA","rating":2},
{"name":"Brainsphere","nationality":"ZA","rating":7},
{"name":"Babbleopia","nationality":"TH","rating":7},
{"name":"Babbleblab","nationality":"UA","rating":2},
{"name":"Kayveo","nationality":"PA","rating":1},
{"name":"Eayo","nationality":"TN","rating":9},
{"name":"Dynava","nationality":"RU","rating":2},
{"name":"Yamia","nationality":"AL","rating":2},
{"name":"Jabberstorm","nationality":"PH","rating":4},
{"name":"Skaboo","nationality":"CN","rating":6},
{"name":"Gabspot","nationality":"ID","rating":4},
{"name":"Topicshots","nationality":"FM","rating":7},
{"name":"Flashspan","nationality":"AM","rating":5},
{"name":"Yata","nationality":"CN","rating":4},
{"name":"Wordware","nationality":"AF","rating":7},
{"name":"Agivu","nationality":"US","rating":4},
{"name":"Jabbersphere","nationality":"PL","rating":1},
{"name":"Skaboo","nationality":"CA","rating":4},
{"name":"Pixoboo","nationality":"ID","rating":9},
{"name":"Yotz","nationality":"AR","rating":5},
{"name":"Topdrive","nationality":"KZ","rating":8},
{"name":"Zazio","nationality":"CZ","rating":4},
{"name":"Wikido","nationality":"EE","rating":5},
{"name":"Wordtune","nationality":"ID","rating":2},
{"name":"Jabberstorm","nationality":"CN","rating":8},
{"name":"Skivee","nationality":"PL","rating":7},
{"name":"Skippad","nationality":"SI","rating":9},
{"name":"Thoughtstorm","nationality":"RU","rating":1},
{"name":"Rhynyx","nationality":"JP","rating":2},
{"name":"Flashspan","nationality":"PH","rating":4},
{"name":"Ozu","nationality":"CO","rating":1},
{"name":"Twinte","nationality":"PH","rating":6},
{"name":"Demizz","nationality":"ID","rating":10},
{"name":"Wikizz","nationality":"PE","rating":7},
{"name":"Dabfeed","nationality":"CN","rating":7},
{"name":"Meevee","nationality":"PL","rating":1},
{"name":"Gigashots","nationality":"CU","rating":4},
{"name":"Cogilith","nationality":"US","rating":9}]