[{"firstName":"Wayne","lastName":"Abson","gender":"Male","dateOfBirth":"9/22/2003"},
{"firstName":"Shelba","lastName":"Peyes","gender":"Female","dateOfBirth":"11/25/2003"},
{"firstName":"Kev","lastName":"Josefsson","gender":"Male","dateOfBirth":"9/30/1997"},
{"firstName":"Pauly","lastName":"Bromehead","gender":"Female","dateOfBirth":"7/3/1997"},
{"firstName":"Maressa","lastName":"D'Almeida","gender":"Female","dateOfBirth":"10/12/2009"},
{"firstName":"Jordon","lastName":"Huffa","gender":"Male","dateOfBirth":"4/12/2016"},
{"firstName":"Esta","lastName":"Lattimore","gender":"Female","dateOfBirth":"9/9/2014"},
{"firstName":"Annora","lastName":"MacRirie","gender":"Female","dateOfBirth":"6/1/2008"},
{"firstName":"Jeannine","lastName":"Brompton","gender":"Female","dateOfBirth":"2/7/2007"},
{"firstName":"Margaretta","lastName":"Phizacklea","gender":"Female","dateOfBirth":"7/22/1995"},
{"firstName":"Ara","lastName":"Parnell","gender":"Male","dateOfBirth":"1/22/2000"},
{"firstName":"Isidoro","lastName":"Ilott","gender":"Male","dateOfBirth":"5/2/2004"},
{"firstName":"Gusty","lastName":"Billyeald","gender":"Female","dateOfBirth":"1/7/2003"},
{"firstName":"Reynold","lastName":"Kennifick","gender":"Male","dateOfBirth":"3/14/2002"},
{"firstName":"Alejandro","lastName":"Armitt","gender":"Male","dateOfBirth":"8/24/1996"},
{"firstName":"Carny","lastName":"Rowter","gender":"Male","dateOfBirth":"6/20/1996"},
{"firstName":"Quentin","lastName":"Prazer","gender":"Male","dateOfBirth":"9/8/2003"},
{"firstName":"Drona","lastName":"Konke","gender":"Female","dateOfBirth":"7/4/2001"},
{"firstName":"Shari","lastName":"Pedgrift","gender":"Female","dateOfBirth":"5/26/2011"},
{"firstName":"Katine","lastName":"Koppelmann","gender":"Female","dateOfBirth":"2/27/2006"},
{"firstName":"Othello","lastName":"Baxendale","gender":"Male","dateOfBirth":"8/30/2015"},
{"firstName":"Clemmie","lastName":"Moxley","gender":"Male","dateOfBirth":"8/5/1998"},
{"firstName":"Dyann","lastName":"Bullene","gender":"Female","dateOfBirth":"9/18/1996"},
{"firstName":"Kelbee","lastName":"Ville","gender":"Male","dateOfBirth":"6/29/2004"},
{"firstName":"Domini","lastName":"Gasson","gender":"Female","dateOfBirth":"12/31/2001"},
{"firstName":"Prentice","lastName":"Simonitto","gender":"Male","dateOfBirth":"3/26/1993"},
{"firstName":"Laurie","lastName":"Ferraresi","gender":"Male","dateOfBirth":"9/27/1996"},
{"firstName":"Jamil","lastName":"Lamberth","gender":"Male","dateOfBirth":"2/14/2002"},
{"firstName":"Constantia","lastName":"Glewe","gender":"Female","dateOfBirth":"9/13/2000"},
{"firstName":"Juliane","lastName":"Ripsher","gender":"Female","dateOfBirth":"10/9/2005"},
{"firstName":"Harley","lastName":"Wiles","gender":"Male","dateOfBirth":"4/12/2007"},
{"firstName":"Lind","lastName":"Peedell","gender":"Male","dateOfBirth":"2/10/1993"},
{"firstName":"Filberto","lastName":"Dilliway","gender":"Male","dateOfBirth":"2/20/1999"},
{"firstName":"Kelli","lastName":"Horley","gender":"Female","dateOfBirth":"12/7/2015"},
{"firstName":"Lindsey","lastName":"Feldfisher","gender":"Male","dateOfBirth":"3/21/2009"},
{"firstName":"Beatrisa","lastName":"Tennewell","gender":"Female","dateOfBirth":"7/10/1999"},
{"firstName":"Christophe","lastName":"Sandison","gender":"Male","dateOfBirth":"4/3/2007"},
{"firstName":"Ludovika","lastName":"Hymers","gender":"Female","dateOfBirth":"7/26/2009"},
{"firstName":"Jackie","lastName":"Coneybeer","gender":"Male","dateOfBirth":"3/29/1997"},
{"firstName":"Elvera","lastName":"Scopes","gender":"Female","dateOfBirth":"8/27/1998"},
{"firstName":"Forbes","lastName":"McCamish","gender":"Male","dateOfBirth":"7/13/2011"},
{"firstName":"Beulah","lastName":"Duxfield","gender":"Female","dateOfBirth":"4/3/2013"},
{"firstName":"Chrissie","lastName":"Shenfish","gender":"Female","dateOfBirth":"12/7/1998"},
{"firstName":"Fey","lastName":"Lydiate","gender":"Female","dateOfBirth":"11/5/1999"},
{"firstName":"Linea","lastName":"Tosney","gender":"Female","dateOfBirth":"8/31/2010"},
{"firstName":"Chelsea","lastName":"Lerhinan","gender":"Female","dateOfBirth":"8/21/1995"},
{"firstName":"Roi","lastName":"Sarson","gender":"Male","dateOfBirth":"1/13/2002"},
{"firstName":"Selia","lastName":"Kinrade","gender":"Female","dateOfBirth":"8/21/2007"},
{"firstName":"Ailbert","lastName":"Mahaddy","gender":"Male","dateOfBirth":"9/12/1993"},
{"firstName":"Alexei","lastName":"Blasetti","gender":"Male","dateOfBirth":"10/6/2002"},
{"firstName":"Ricoriki","lastName":"Worthy","gender":"Male","dateOfBirth":"4/30/2012"},
{"firstName":"Woodman","lastName":"Labbet","gender":"Male","dateOfBirth":"6/10/2007"},
{"firstName":"Henrik","lastName":"Demanche","gender":"Male","dateOfBirth":"8/19/2006"},
{"firstName":"Hewet","lastName":"Fulleylove","gender":"Male","dateOfBirth":"7/15/1996"},
{"firstName":"Patti","lastName":"Clayton","gender":"Female","dateOfBirth":"9/27/2010"},
{"firstName":"Scarface","lastName":"Tuckwood","gender":"Male","dateOfBirth":"11/16/1992"},
{"firstName":"Pasquale","lastName":"Pitcaithly","gender":"Male","dateOfBirth":"9/23/2014"},
{"firstName":"Coleman","lastName":"Totterdell","gender":"Male","dateOfBirth":"11/26/1997"},
{"firstName":"Fremont","lastName":"Draayer","gender":"Male","dateOfBirth":"2/10/1998"},
{"firstName":"Giffard","lastName":"Van Hove","gender":"Male","dateOfBirth":"5/15/2007"},
{"firstName":"Kirsten","lastName":"Plaskitt","gender":"Female","dateOfBirth":"9/16/2005"},
{"firstName":"Adelaida","lastName":"Cicetti","gender":"Female","dateOfBirth":"7/16/2017"},
{"firstName":"Grove","lastName":"Gilcrist","gender":"Male","dateOfBirth":"9/22/1994"},
{"firstName":"Florri","lastName":"Lorain","gender":"Female","dateOfBirth":"3/2/1996"},
{"firstName":"Wendell","lastName":"Chanter","gender":"Male","dateOfBirth":"1/18/2012"},
{"firstName":"Slade","lastName":"Birtle","gender":"Male","dateOfBirth":"9/6/1992"},
{"firstName":"Vic","lastName":"Medland","gender":"Male","dateOfBirth":"7/4/2010"},
{"firstName":"Suellen","lastName":"Durrance","gender":"Female","dateOfBirth":"8/6/2007"},
{"firstName":"Court","lastName":"Drivers","gender":"Male","dateOfBirth":"9/16/2014"},
{"firstName":"Chas","lastName":"Berriman","gender":"Male","dateOfBirth":"11/12/2005"},
{"firstName":"Mordecai","lastName":"Davage","gender":"Male","dateOfBirth":"7/21/2010"},
{"firstName":"Orv","lastName":"Brownsmith","gender":"Male","dateOfBirth":"8/21/2004"},
{"firstName":"Luca","lastName":"Woodeson","gender":"Male","dateOfBirth":"12/5/1995"},
{"firstName":"Barde","lastName":"Drinnan","gender":"Male","dateOfBirth":"6/9/2001"},
{"firstName":"Mariam","lastName":"Hellier","gender":"Female","dateOfBirth":"10/30/2004"},
{"firstName":"Shannah","lastName":"Yesipov","gender":"Female","dateOfBirth":"4/30/2003"},
{"firstName":"Bjorn","lastName":"Longfellow","gender":"Male","dateOfBirth":"11/22/2013"},
{"firstName":"Sampson","lastName":"Trewinnard","gender":"Male","dateOfBirth":"8/8/1998"},
{"firstName":"Sindee","lastName":"Norval","gender":"Female","dateOfBirth":"7/5/1994"},
{"firstName":"Lesly","lastName":"Girt","gender":"Female","dateOfBirth":"4/3/1996"},
{"firstName":"Pincas","lastName":"Shallcross","gender":"Male","dateOfBirth":"1/10/1998"},
{"firstName":"Robinet","lastName":"Dunnan","gender":"Female","dateOfBirth":"8/2/1995"},
{"firstName":"Salem","lastName":"McCroft","gender":"Male","dateOfBirth":"12/27/1994"},
{"firstName":"Eddi","lastName":"Barkworth","gender":"Female","dateOfBirth":"11/5/2012"},
{"firstName":"Vonny","lastName":"Main","gender":"Female","dateOfBirth":"3/17/1993"},
{"firstName":"Arlen","lastName":"Valti","gender":"Female","dateOfBirth":"6/10/2006"},
{"firstName":"Norman","lastName":"Jovicic","gender":"Male","dateOfBirth":"11/16/2017"},
{"firstName":"Cirilo","lastName":"Angrock","gender":"Male","dateOfBirth":"11/16/1998"},
{"firstName":"Griffie","lastName":"Alman","gender":"Male","dateOfBirth":"1/31/1993"},
{"firstName":"Georgeanna","lastName":"Raiment","gender":"Female","dateOfBirth":"9/20/2008"},
{"firstName":"Dulcie","lastName":"Jerok","gender":"Female","dateOfBirth":"9/18/1998"},
{"firstName":"Miof mela","lastName":"Sprosson","gender":"Female","dateOfBirth":"3/19/1994"},
{"firstName":"Eimile","lastName":"Broadbury","gender":"Female","dateOfBirth":"11/16/1993"},
{"firstName":"Rance","lastName":"Duffit","gender":"Male","dateOfBirth":"7/29/1994"},
{"firstName":"Lionello","lastName":"Ewebank","gender":"Male","dateOfBirth":"10/19/1993"},
{"firstName":"Darrelle","lastName":"Peschet","gender":"Female","dateOfBirth":"12/16/1996"},
{"firstName":"Ryley","lastName":"Bresland","gender":"Male","dateOfBirth":"6/9/1998"},
{"firstName":"Brucie","lastName":"Mandrier","gender":"Male","dateOfBirth":"9/11/1994"},
{"firstName":"Brantley","lastName":"Redington","gender":"Male","dateOfBirth":"12/21/2002"},
{"firstName":"Minne","lastName":"Winterson","gender":"Female","dateOfBirth":"3/31/1994"},
{"firstName":"Herculie","lastName":"Meffan","gender":"Male","dateOfBirth":"11/2/2005"},
{"firstName":"Frannie","lastName":"Kybert","gender":"Male","dateOfBirth":"7/12/2007"},
{"firstName":"Kristy","lastName":"Chadwyck","gender":"Female","dateOfBirth":"11/24/2010"},
{"firstName":"Kelsi","lastName":"Van Oort","gender":"Female","dateOfBirth":"6/9/2005"},
{"firstName":"Jerrylee","lastName":"Scapelhorn","gender":"Female","dateOfBirth":"1/6/2015"},
{"firstName":"Daveen","lastName":"Gillson","gender":"Female","dateOfBirth":"12/3/2016"},
{"firstName":"Eulalie","lastName":"McDowall","gender":"Female","dateOfBirth":"9/9/2001"},
{"firstName":"Giselle","lastName":"Laugharne","gender":"Female","dateOfBirth":"5/2/2008"},
{"firstName":"Marylou","lastName":"Offell","gender":"Female","dateOfBirth":"8/26/2012"},
{"firstName":"Eryn","lastName":"Ledger","gender":"Female","dateOfBirth":"10/4/1995"},
{"firstName":"Marlin","lastName":"Tomaszewicz","gender":"Male","dateOfBirth":"9/11/2005"},
{"firstName":"Kimble","lastName":"Vizor","gender":"Male","dateOfBirth":"11/6/1995"},
{"firstName":"Yorker","lastName":"Dendon","gender":"Male","dateOfBirth":"11/5/1992"},
{"firstName":"Ardene","lastName":"Exposito","gender":"Female","dateOfBirth":"5/3/2013"},
{"firstName":"Bret","lastName":"Ragbourne","gender":"Male","dateOfBirth":"12/12/1995"},
{"firstName":"Gerladina","lastName":"Howles","gender":"Female","dateOfBirth":"10/13/1996"},
{"firstName":"Franchot","lastName":"Draysey","gender":"Male","dateOfBirth":"7/4/2007"},
{"firstName":"Kare","lastName":"Mityashin","gender":"Female","dateOfBirth":"5/22/1993"},
{"firstName":"Yettie","lastName":"Redhills","gender":"Female","dateOfBirth":"2/20/1994"},
{"firstName":"Selene","lastName":"McLucky","gender":"Female","dateOfBirth":"12/19/1995"},
{"firstName":"Lorenza","lastName":"MacAnulty","gender":"Female","dateOfBirth":"2/7/1997"},
{"firstName":"Lorianna","lastName":"Kytley","gender":"Female","dateOfBirth":"8/24/2004"},
{"firstName":"Yancey","lastName":"Nairn","gender":"Male","dateOfBirth":"9/16/2007"},
{"firstName":"Esme","lastName":"Simkiss","gender":"Female","dateOfBirth":"1/13/2016"},
{"firstName":"Benjie","lastName":"Branston","gender":"Male","dateOfBirth":"10/20/1996"},
{"firstName":"James","lastName":"Stainton - Skinn","gender":"Male","dateOfBirth":"3/2/2002"},
{"firstName":"Theodor","lastName":"Pideon","gender":"Male","dateOfBirth":"10/11/2009"},
{"firstName":"Rosana","lastName":"Kevis","gender":"Female","dateOfBirth":"5/30/2010"},
{"firstName":"Joela","lastName":"Glew","gender":"Female","dateOfBirth":"8/4/2006"},
{"firstName":"Tammy","lastName":"Diggons","gender":"Female","dateOfBirth":"8/30/2007"},
{"firstName":"Brunhilde","lastName":"Lissaman","gender":"Female","dateOfBirth":"5/25/2015"},
{"firstName":"Adolph","lastName":"Pearman","gender":"Male","dateOfBirth":"3/10/2013"},
{"firstName":"Brantley","lastName":"Dwerryhouse","gender":"Male","dateOfBirth":"8/20/2013"},
{"firstName":"Sanson","lastName":"Tuley","gender":"Male","dateOfBirth":"1/1/1994"},
{"firstName":"Shirlee","lastName":"Bonin","gender":"Female","dateOfBirth":"12/1/2002"},
{"firstName":"Aleta","lastName":"Ca","gender":"Female","dateOfBirth":"10/29/2017"},
{"firstName":"Stephine","lastName":"Russilll","gender":"Female","dateOfBirth":"10/16/2000"},
{"firstName":"Schuyler","lastName":"Sallter","gender":"Male","dateOfBirth":"1/9/2004"},
{"firstName":"Giusto","lastName":"Lethem","gender":"Male","dateOfBirth":"2/23/1994"},
{"firstName":"Sherill","lastName":"Norquay","gender":"Female","dateOfBirth":"2/1/2014"},
{"firstName":"Auguste","lastName":"Brood","gender":"Female","dateOfBirth":"1/30/2014"},
{"firstName":"Benedikt","lastName":"Burston","gender":"Male","dateOfBirth":"7/20/2013"},
{"firstName":"Sherye","lastName":"Sidery","gender":"Female","dateOfBirth":"3/5/2011"},
{"firstName":"Amory","lastName":"Yakuntzov","gender":"Male","dateOfBirth":"10/25/2002"},
{"firstName":"Phedra","lastName":"Joubert","gender":"Female","dateOfBirth":"12/7/1992"},
{"firstName":"Camile","lastName":"Chaters","gender":"Female","dateOfBirth":"11/12/2016"},
{"firstName":"Jodi","lastName":"Menci","gender":"Female","dateOfBirth":"2/26/2009"},
{"firstName":"Leta","lastName":"Maypowder","gender":"Female","dateOfBirth":"8/9/2008"},
{"firstName":"Meryl","lastName":"Crosham","gender":"Male","dateOfBirth":"11/13/1995"},
{"firstName":"Winnie","lastName":"Gilfoyle","gender":"Female","dateOfBirth":"5/13/2017"},
{"firstName":"Rosalinda","lastName":"Iacobo","gender":"Female","dateOfBirth":"7/15/2005"},
{"firstName":"Jdavie","lastName":"Ronaghan","gender":"Male","dateOfBirth":"4/3/2011"},
{"firstName":"Chris","lastName":"Edelston","gender":"Male","dateOfBirth":"8/17/2011"},
{"firstName":"Jammal","lastName":"Glenny","gender":"Male","dateOfBirth":"6/24/2005"},
{"firstName":"Norry","lastName":"Dash","gender":"Female","dateOfBirth":"12/15/2014"},
{"firstName":"Ozzie","lastName":"Mildmott","gender":"Male","dateOfBirth":"7/27/1999"},
{"firstName":"Loralyn","lastName":"Persian","gender":"Female","dateOfBirth":"11/1/2002"},
{"firstName":"Carmella","lastName":"Purdon","gender":"Female","dateOfBirth":"10/15/1992"},
{"firstName":"Camille","lastName":"Fabry","gender":"Female","dateOfBirth":"5/14/1997"},
{"firstName":"Cosimo","lastName":"Baraja","gender":"Male","dateOfBirth":"9/9/2012"},
{"firstName":"Walt","lastName":"Heare","gender":"Male","dateOfBirth":"8/20/1995"},
{"firstName":"Janice","lastName":"Wycherley","gender":"Female","dateOfBirth":"9/21/2012"},
{"firstName":"Nicki","lastName":"Grouen","gender":"Female","dateOfBirth":"7/6/2004"},
{"firstName":"Addia","lastName":"Fevier","gender":"Female","dateOfBirth":"11/16/2002"},
{"firstName":"Mellicent","lastName":"Brewers","gender":"Female","dateOfBirth":"5/16/1997"},
{"firstName":"Vinnie","lastName":"Eastment","gender":"Female","dateOfBirth":"2/24/2002"},
{"firstName":"Pate","lastName":"Killeen","gender":"Male","dateOfBirth":"9/28/2007"},
{"firstName":"Max","lastName":"Roake","gender":"Female","dateOfBirth":"9/21/2016"},
{"firstName":"Perry","lastName":"Wallege","gender":"Male","dateOfBirth":"5/24/1998"},
{"firstName":"Dalis","lastName":"Hazeltine","gender":"Male","dateOfBirth":"2/17/2006"},
{"firstName":"Maddalena","lastName":"McNeigh","gender":"Female","dateOfBirth":"11/7/2009"},
{"firstName":"Robers","lastName":"Batram","gender":"Male","dateOfBirth":"6/2/2012"},
{"firstName":"Lanita","lastName":"Halversen","gender":"Female","dateOfBirth":"7/22/2015"},
{"firstName":"Sharia","lastName":"Trumble","gender":"Female","dateOfBirth":"10/28/1995"},
{"firstName":"Lorry","lastName":"Rumney","gender":"Male","dateOfBirth":"2/20/1993"},
{"firstName":"Archibold","lastName":"Mattack","gender":"Male","dateOfBirth":"5/15/2016"},
{"firstName":"Pavel","lastName":"Cattini","gender":"Male","dateOfBirth":"8/19/2017"},
{"firstName":"Rabbi","lastName":"Plaice","gender":"Male","dateOfBirth":"12/19/1993"},
{"firstName":"Hester","lastName":"Fleet","gender":"Female","dateOfBirth":"7/22/2012"},
{"firstName":"Marion","lastName":"Awty","gender":"Male","dateOfBirth":"9/4/2011"},
{"firstName":"Alix","lastName":"Marcos","gender":"Male","dateOfBirth":"8/13/2000"},
{"firstName":"Brittaney","lastName":"Bloyes","gender":"Female","dateOfBirth":"4/8/2009"},
{"firstName":"Annaliese","lastName":"Lincoln","gender":"Female","dateOfBirth":"9/2/2004"},
{"firstName":"Candie","lastName":"Willowby","gender":"Female","dateOfBirth":"3/17/1993"},
{"firstName":"Keriann","lastName":"Micklewicz","gender":"Female","dateOfBirth":"5/13/2000"},
{"firstName":"Elliot","lastName":"Karchowski","gender":"Male","dateOfBirth":"4/3/2001"},
{"firstName":"Shamus","lastName":"Moatt","gender":"Male","dateOfBirth":"10/19/2002"},
{"firstName":"Selinda","lastName":"Challis","gender":"Female","dateOfBirth":"2/24/2005"},
{"firstName":"Cob","lastName":"Battany","gender":"Male","dateOfBirth":"1/11/2009"},
{"firstName":"Jennica","lastName":"Chainey","gender":"Female","dateOfBirth":"5/25/2011"},
{"firstName":"Phelia","lastName":"Redfern","gender":"Female","dateOfBirth":"10/9/2011"},
{"firstName":"Batsheva","lastName":"Balham","gender":"Female","dateOfBirth":"6/3/2011"},
{"firstName":"Bari","lastName":"Bardey","gender":"Female","dateOfBirth":"10/17/1999"},
{"firstName":"Jacklin","lastName":"Engledow","gender":"Female","dateOfBirth":"7/3/2008"},
{"firstName":"Stormi","lastName":"Lewis","gender":"Female","dateOfBirth":"1/7/1995"},
{"firstName":"Faustine","lastName":"Fills","gender":"Female","dateOfBirth":"11/12/1992"},
{"firstName":"Donalt","lastName":"Haynesford","gender":"Male","dateOfBirth":"9/25/1992"},
{"firstName":"Sylas","lastName":"Wilcock","gender":"Male","dateOfBirth":"9/9/2005"},
{"firstName":"Othilie","lastName":"Wenman","gender":"Female","dateOfBirth":"8/21/2001"},
{"firstName":"Beret","lastName":"Fellis","gender":"Female","dateOfBirth":"10/9/2002"},
{"firstName":"Lazare","lastName":"Augustin","gender":"Male","dateOfBirth":"12/4/2001"},
{"firstName":"Pegeen","lastName":"Wilfling","gender":"Female","dateOfBirth":"5/7/2013"},
{"firstName":"Tally","lastName":"Ewbanck","gender":"Female","dateOfBirth":"3/27/1992"},
{"firstName":"Albie","lastName":"Scurr","gender":"Male","dateOfBirth":"1/4/2000"},
{"firstName":"Dwayne","lastName":"Simonite","gender":"Male","dateOfBirth":"12/2/1998"},
{"firstName":"Dan","lastName":"Scallan","gender":"Male","dateOfBirth":"12/28/1995"},
{"firstName":"Marshal","lastName":"O'Cosgra","gender":"Male","dateOfBirth":"9/13/2004"},
{"firstName":"Algernon","lastName":"Bawcock","gender":"Male","dateOfBirth":"8/17/2003"},
{"firstName":"Norma","lastName":"Risman","gender":"Female","dateOfBirth":"4/24/2002"},
{"firstName":"Rachel","lastName":"Pow","gender":"Female","dateOfBirth":"4/23/2002"},
{"firstName":"Deeanne","lastName":"Rupert","gender":"Female","dateOfBirth":"10/15/2002"},
{"firstName":"Fawnia","lastName":"Ibbs","gender":"Female","dateOfBirth":"11/21/2015"},
{"firstName":"Haslett","lastName":"Wolfarth","gender":"Male","dateOfBirth":"3/24/2013"},
{"firstName":"Geno","lastName":"Gathercoal","gender":"Male","dateOfBirth":"5/19/2015"},
{"firstName":"Huntington","lastName":"Klouz","gender":"Male","dateOfBirth":"10/8/1999"},
{"firstName":"Cariotta","lastName":"Morales","gender":"Female","dateOfBirth":"11/3/1999"},
{"firstName":"Hi","lastName":"Pahl","gender":"Male","dateOfBirth":"2/24/2006"},
{"firstName":"Joline","lastName":"Emmison","gender":"Female","dateOfBirth":"1/5/2001"},
{"firstName":"Berte","lastName":"Carlucci","gender":"Female","dateOfBirth":"11/19/2003"},
{"firstName":"Lillian","lastName":"Millions","gender":"Female","dateOfBirth":"8/31/1996"},
{"firstName":"Olav","lastName":"Hoyes","gender":"Male","dateOfBirth":"10/10/1996"},
{"firstName":"Cleve","lastName":"Fulmen","gender":"Male","dateOfBirth":"10/28/2002"},
{"firstName":"Cal","lastName":"Lowerson","gender":"Male","dateOfBirth":"9/18/1998"},
{"firstName":"Melesa","lastName":"Hablot","gender":"Female","dateOfBirth":"1/1/1995"},
{"firstName":"Dalis","lastName":"Arents","gender":"Male","dateOfBirth":"5/30/2008"},
{"firstName":"Archambault","lastName":"Naulls","gender":"Male","dateOfBirth":"2/23/2016"},
{"firstName":"Carol-jean","lastName":"de Broke","gender":"Female","dateOfBirth":"12/30/2005"},
{"firstName":"Godiva","lastName":"Casellas","gender":"Female","dateOfBirth":"3/19/1992"},
{"firstName":"Annette","lastName":"Rheubottom","gender":"Female","dateOfBirth":"3/19/2001"},
{"firstName":"Doralynne","lastName":"Charlon","gender":"Female","dateOfBirth":"5/10/1999"},
{"firstName":"Gayleen","lastName":"Coetzee","gender":"Female","dateOfBirth":"12/28/1996"},
{"firstName":"Alick","lastName":"Fishlee","gender":"Male","dateOfBirth":"3/4/1995"},
{"firstName":"Alric","lastName":"Currey","gender":"Male","dateOfBirth":"3/31/2001"},
{"firstName":"Giralda","lastName":"Penke","gender":"Female","dateOfBirth":"6/22/2014"},
{"firstName":"Alessandro","lastName":"Boodell","gender":"Male","dateOfBirth":"4/14/2010"},
{"firstName":"Tristam","lastName":"Carreck","gender":"Male","dateOfBirth":"4/18/2006"},
{"firstName":"Rabbi","lastName":"Corselles","gender":"Male","dateOfBirth":"11/29/2011"},
{"firstName":"Binny","lastName":"Arzu","gender":"Female","dateOfBirth":"8/23/2014"},
{"firstName":"Meir","lastName":"Tremble","gender":"Male","dateOfBirth":"11/2/2015"},
{"firstName":"Bordie","lastName":"Edwicke","gender":"Male","dateOfBirth":"10/15/2014"},
{"firstName":"Temp","lastName":"Shrimpton","gender":"Male","dateOfBirth":"1/12/2006"},
{"firstName":"Eddy","lastName":"Dilgarno","gender":"Male","dateOfBirth":"4/1/2017"},
{"firstName":"Octavia","lastName":"Jehu","gender":"Female","dateOfBirth":"8/26/1997"},
{"firstName":"Ellary","lastName":"Dillamore","gender":"Male","dateOfBirth":"6/28/1997"},
{"firstName":"Cris","lastName":"Brunton","gender":"Male","dateOfBirth":"5/29/2004"},
{"firstName":"Cassi","lastName":"Hanford","gender":"Female","dateOfBirth":"8/22/2003"},
{"firstName":"Douglas","lastName":"Greenough","gender":"Male","dateOfBirth":"5/19/2001"},
{"firstName":"Rem","lastName":"Miners","gender":"Male","dateOfBirth":"2/1/2012"},
{"firstName":"Waylen","lastName":"Rowsel","gender":"Male","dateOfBirth":"9/17/2004"},
{"firstName":"Zia","lastName":"Corragan","gender":"Female","dateOfBirth":"1/8/1998"},
{"firstName":"Elga","lastName":"Harmes","gender":"Female","dateOfBirth":"4/6/2015"},
{"firstName":"Pippy","lastName":"Patient","gender":"Female","dateOfBirth":"9/8/2002"},
{"firstName":"Budd","lastName":"Caldairou","gender":"Male","dateOfBirth":"1/27/1996"},
{"firstName":"Vito","lastName":"Lambol","gender":"Male","dateOfBirth":"7/22/2015"},
{"firstName":"Malinda","lastName":"Guye","gender":"Female","dateOfBirth":"5/7/1996"},
{"firstName":"Trish","lastName":"Dibdin","gender":"Female","dateOfBirth":"7/1/2017"},
{"firstName":"Janeen","lastName":"Persse","gender":"Female","dateOfBirth":"8/28/1994"},
{"firstName":"Harmon","lastName":"Skpsey","gender":"Male","dateOfBirth":"8/2/2002"},
{"firstName":"Lindsay","lastName":"Shalders","gender":"Female","dateOfBirth":"10/30/2010"},
{"firstName":"Sonnie","lastName":"Lukas","gender":"Male","dateOfBirth":"5/23/1996"},
{"firstName":"Martynne","lastName":"Swinford","gender":"Female","dateOfBirth":"2/17/2000"},
{"firstName":"Alanna","lastName":"Vickress","gender":"Female","dateOfBirth":"11/2/2004"},
{"firstName":"Charlene","lastName":"Hallsworth","gender":"Female","dateOfBirth":"10/25/2011"},
{"firstName":"Corena","lastName":"Alpin","gender":"Female","dateOfBirth":"10/30/2003"},
{"firstName":"Lorena","lastName":"Alldritt","gender":"Female","dateOfBirth":"8/16/1992"},
{"firstName":"Shauna","lastName":"Egan","gender":"Female","dateOfBirth":"10/5/2004"},
{"firstName":"Karissa","lastName":"Gilleson","gender":"Female","dateOfBirth":"9/26/2011"},
{"firstName":"Scot","lastName":"Anshell","gender":"Male","dateOfBirth":"10/18/2013"},
{"firstName":"Persis","lastName":"Perrone","gender":"Female","dateOfBirth":"11/16/1993"},
{"firstName":"Bryn","lastName":"Stratford","gender":"Male","dateOfBirth":"7/13/1994"},
{"firstName":"Phylis","lastName":"Coda","gender":"Female","dateOfBirth":"6/27/1992"},
{"firstName":"Albert","lastName":"Langer","gender":"Male","dateOfBirth":"8/8/2016"},
{"firstName":"Shandra","lastName":"Chelam","gender":"Female","dateOfBirth":"7/11/2015"},
{"firstName":"Fredric","lastName":"Lambotin","gender":"Male","dateOfBirth":"11/28/2012"},
{"firstName":"Gordan","lastName":"Galia","gender":"Male","dateOfBirth":"3/24/2016"},
{"firstName":"Jinny","lastName":"Domerq","gender":"Female","dateOfBirth":"5/15/2008"},
{"firstName":"Dania","lastName":"Jennick","gender":"Female","dateOfBirth":"5/30/2000"},
{"firstName":"Reinhard","lastName":"Birtwhistle","gender":"Male","dateOfBirth":"7/5/1992"},
{"firstName":"Robinetta","lastName":"Helin","gender":"Female","dateOfBirth":"8/17/2000"},
{"firstName":"Devinne","lastName":"O'Kinneally","gender":"Female","dateOfBirth":"4/28/1993"},
{"firstName":"Berni","lastName":"Kilgallen","gender":"Female","dateOfBirth":"6/29/2008"},
{"firstName":"Pooh","lastName":"Thandi","gender":"Female","dateOfBirth":"2/10/2007"},
{"firstName":"Kakalina","lastName":"Kislingbury","gender":"Female","dateOfBirth":"5/23/2016"},
{"firstName":"Loydie","lastName":"Biscomb","gender":"Male","dateOfBirth":"3/29/2009"},
{"firstName":"Gustavo","lastName":"Witz","gender":"Male","dateOfBirth":"3/24/2003"},
{"firstName":"Hubey","lastName":"Draijer","gender":"Male","dateOfBirth":"5/29/2011"},
{"firstName":"Deedee","lastName":"Ruprecht","gender":"Female","dateOfBirth":"4/23/2003"},
{"firstName":"Lon","lastName":"Tookill","gender":"Male","dateOfBirth":"4/13/2014"},
{"firstName":"Betsy","lastName":"Fraczkiewicz","gender":"Female","dateOfBirth":"7/3/2014"},
{"firstName":"Norby","lastName":"Allaway","gender":"Male","dateOfBirth":"6/16/2007"},
{"firstName":"Abbot","lastName":"Petrozzi","gender":"Male","dateOfBirth":"8/6/2011"},
{"firstName":"Madalena","lastName":"Goodswen","gender":"Female","dateOfBirth":"4/16/1996"},
{"firstName":"Leena","lastName":"Huffa","gender":"Female","dateOfBirth":"8/11/1997"},
{"firstName":"Fraser","lastName":"Luisetti","gender":"Male","dateOfBirth":"4/14/1992"},
{"firstName":"Rica","lastName":"Brose","gender":"Female","dateOfBirth":"6/8/2004"},
{"firstName":"Olivette","lastName":"Barrows","gender":"Female","dateOfBirth":"2/24/1999"},
{"firstName":"Tabby","lastName":"Mawtus","gender":"Female","dateOfBirth":"7/25/2000"},
{"firstName":"Kevina","lastName":"Stolting","gender":"Female","dateOfBirth":"2/27/2014"},
{"firstName":"Lila","lastName":"Breinlein","gender":"Female","dateOfBirth":"5/16/2008"},
{"firstName":"Feodor","lastName":"Roloff","gender":"Male","dateOfBirth":"8/29/2017"},
{"firstName":"Cull","lastName":"Sargant","gender":"Male","dateOfBirth":"10/6/2001"},
{"firstName":"Garret","lastName":"Reppaport","gender":"Male","dateOfBirth":"1/31/1998"},
{"firstName":"Had","lastName":"Dougher","gender":"Male","dateOfBirth":"8/9/1992"},
{"firstName":"Conni","lastName":"Coweuppe","gender":"Female","dateOfBirth":"12/17/2004"},
{"firstName":"Archibold","lastName":"Gryglewski","gender":"Male","dateOfBirth":"8/9/1998"},
{"firstName":"Mag","lastName":"Lindsey","gender":"Female","dateOfBirth":"7/22/1997"},
{"firstName":"Harwell","lastName":"Christoffels","gender":"Male","dateOfBirth":"1/29/2003"},
{"firstName":"Karlan","lastName":"Faherty","gender":"Male","dateOfBirth":"4/8/1992"},
{"firstName":"Raddy","lastName":"Wilmot","gender":"Male","dateOfBirth":"2/23/2013"},
{"firstName":"Giavani","lastName":"Origan","gender":"Male","dateOfBirth":"5/28/2007"},
{"firstName":"Olenolin","lastName":"Mundford","gender":"Male","dateOfBirth":"9/20/1997"},
{"firstName":"Bridie","lastName":"Drillingcourt","gender":"Female","dateOfBirth":"6/10/2010"},
{"firstName":"Pepita","lastName":"Kesper","gender":"Female","dateOfBirth":"9/1/1992"},
{"firstName":"Perceval","lastName":"McCowen","gender":"Male","dateOfBirth":"5/18/2012"},
{"firstName":"Kyla","lastName":"Ruddom","gender":"Female","dateOfBirth":"7/1/2004"},
{"firstName":"Christian","lastName":"McKomb","gender":"Male","dateOfBirth":"5/21/2001"},
{"firstName":"Jeremiah","lastName":"Jeffry","gender":"Male","dateOfBirth":"5/20/2017"},
{"firstName":"Kerri","lastName":"Esbrook","gender":"Female","dateOfBirth":"6/12/1995"},
{"firstName":"Reagan","lastName":"Chessun","gender":"Male","dateOfBirth":"10/5/2012"},
{"firstName":"Harlene","lastName":"MacTurlough","gender":"Female","dateOfBirth":"9/6/2012"},
{"firstName":"Riccardo","lastName":"Haskell","gender":"Male","dateOfBirth":"10/4/1993"},
{"firstName":"Melodie","lastName":"Fayter","gender":"Female","dateOfBirth":"9/7/2010"},
{"firstName":"Salomo","lastName":"Cubley","gender":"Male","dateOfBirth":"6/4/2004"},
{"firstName":"Marshall","lastName":"Lapley","gender":"Male","dateOfBirth":"3/10/2001"},
{"firstName":"Nanci","lastName":"Cleyburn","gender":"Female","dateOfBirth":"4/29/2002"},
{"firstName":"Jada","lastName":"Fairbard","gender":"Female","dateOfBirth":"3/17/1993"},
{"firstName":"Lexi","lastName":"Danby","gender":"Female","dateOfBirth":"10/7/2000"},
{"firstName":"Lucie","lastName":"Hollingsby","gender":"Female","dateOfBirth":"1/3/2011"},
{"firstName":"Frederick","lastName":"Wain","gender":"Male","dateOfBirth":"6/1/1999"},
{"firstName":"Scarlet","lastName":"Kapelhof","gender":"Female","dateOfBirth":"5/15/2003"},
{"firstName":"Terrye","lastName":"Loomis","gender":"Female","dateOfBirth":"11/29/2014"},
{"firstName":"Brandise","lastName":"Dobson","gender":"Female","dateOfBirth":"3/29/1992"},
{"firstName":"Nicholas","lastName":"Sillett","gender":"Male","dateOfBirth":"12/8/2015"},
{"firstName":"Felix","lastName":"Gomez","gender":"Male","dateOfBirth":"6/13/2003"},
{"firstName":"Laetitia","lastName":"Crossingham","gender":"Female","dateOfBirth":"11/9/2010"},
{"firstName":"Pamela","lastName":"Laurisch","gender":"Female","dateOfBirth":"8/1/2011"},
{"firstName":"Klarrisa","lastName":"Mussettini","gender":"Female","dateOfBirth":"3/23/2002"},
{"firstName":"Emalia","lastName":"Kerrane","gender":"Female","dateOfBirth":"1/12/1994"},
{"firstName":"Gardie","lastName":"Jamieson","gender":"Male","dateOfBirth":"4/20/2002"},
{"firstName":"Beltran","lastName":"Hairs","gender":"Male","dateOfBirth":"10/26/2010"},
{"firstName":"Franklin","lastName":"Shellum","gender":"Male","dateOfBirth":"11/14/1999"},
{"firstName":"Rriocard","lastName":"Heggie","gender":"Male","dateOfBirth":"10/22/2014"},
{"firstName":"Micheline","lastName":"Minthorpe","gender":"Female","dateOfBirth":"10/17/2002"},
{"firstName":"Ketti","lastName":"Kirsche","gender":"Female","dateOfBirth":"12/24/2007"},
{"firstName":"Lemuel","lastName":"Purkis","gender":"Male","dateOfBirth":"5/21/2010"},
{"firstName":"Celestyna","lastName":"Godon","gender":"Female","dateOfBirth":"6/29/2009"},
{"firstName":"Caprice","lastName":"Klyner","gender":"Female","dateOfBirth":"3/9/2005"},
{"firstName":"Stoddard","lastName":"Roskelley","gender":"Female","dateOfBirth":"8/28/1992"},
{"firstName":"Berkly","lastName":"Compford","gender":"Male","dateOfBirth":"4/14/2005"},
{"firstName":"Kandy","lastName":"Ascrofte","gender":"Female","dateOfBirth":"12/15/2004"},
{"firstName":"Bax","lastName":"Seven","gender":"Male","dateOfBirth":"3/2/2014"},
{"firstName":"Francesca","lastName":"Hirschmann","gender":"Female","dateOfBirth":"1/12/1998"},
{"firstName":"Carly","lastName":"Gianninotti","gender":"Female","dateOfBirth":"1/29/2017"},
{"firstName":"Kimble","lastName":"Dober","gender":"Male","dateOfBirth":"2/7/2004"},
{"firstName":"Rickert","lastName":"Ilyukhov","gender":"Male","dateOfBirth":"5/22/1997"},
{"firstName":"Hyacinth","lastName":"Mayers","gender":"Female","dateOfBirth":"1/13/2007"},
{"firstName":"Brock","lastName":"Sydall","gender":"Male","dateOfBirth":"8/21/2005"},
{"firstName":"Pierre","lastName":"Hovell","gender":"Male","dateOfBirth":"5/30/1996"},
{"firstName":"Pat","lastName":"Palethorpe","gender":"Female","dateOfBirth":"11/24/2010"},
{"firstName":"Gregoor","lastName":"Talby","gender":"Male","dateOfBirth":"12/9/2010"},
{"firstName":"Barth","lastName":"Plail","gender":"Male","dateOfBirth":"10/22/2000"},
{"firstName":"Thorvald","lastName":"Landreth","gender":"Male","dateOfBirth":"2/3/2000"},
{"firstName":"Elise","lastName":"Bloodworthe","gender":"Female","dateOfBirth":"7/30/2014"},
{"firstName":"Brigida","lastName":"Gonnelly","gender":"Female","dateOfBirth":"2/23/1999"},
{"firstName":"Bradan","lastName":"Deaves","gender":"Male","dateOfBirth":"5/6/2002"},
{"firstName":"Ethan","lastName":"Ramos","gender":"Male","dateOfBirth":"9/1/2014"},
{"firstName":"Yardley","lastName":"Rumbelow","gender":"Male","dateOfBirth":"7/30/2010"},
{"firstName":"Padget","lastName":"Cess","gender":"Male","dateOfBirth":"8/3/2001"},
{"firstName":"Cosmo","lastName":"Tamsett","gender":"Male","dateOfBirth":"11/9/1997"},
{"firstName":"Bradney","lastName":"Staddon","gender":"Male","dateOfBirth":"10/14/2002"},
{"firstName":"Joshuah","lastName":"Casson","gender":"Male","dateOfBirth":"7/17/2005"},
{"firstName":"Malinda","lastName":"Courtenay","gender":"Female","dateOfBirth":"7/16/2010"},
{"firstName":"Delainey","lastName":"Dyke","gender":"Male","dateOfBirth":"1/7/2000"},
{"firstName":"Joyous","lastName":"Little","gender":"Female","dateOfBirth":"9/19/2004"},
{"firstName":"Bamby","lastName":"Blackboro","gender":"Female","dateOfBirth":"7/5/2011"},
{"firstName":"Freemon","lastName":"Sadler","gender":"Male","dateOfBirth":"4/24/1997"},
{"firstName":"Carolin","lastName":"Oldroyd","gender":"Female","dateOfBirth":"8/28/2000"},
{"firstName":"Niles","lastName":"Ceely","gender":"Male","dateOfBirth":"7/20/2002"},
{"firstName":"Latashia","lastName":"Hackney","gender":"Female","dateOfBirth":"7/15/2006"},
{"firstName":"Tannie","lastName":"Kift","gender":"Male","dateOfBirth":"11/19/2015"},
{"firstName":"Bobinette","lastName":"Sheepy","gender":"Female","dateOfBirth":"3/18/2012"},
{"firstName":"Lorianna","lastName":"Rossetti","gender":"Female","dateOfBirth":"4/12/2012"},
{"firstName":"Karrie","lastName":"Binne","gender":"Female","dateOfBirth":"4/15/2011"},
{"firstName":"Sean","lastName":"Dovydenas","gender":"Female","dateOfBirth":"11/19/2012"},
{"firstName":"Ferne","lastName":"Druitt","gender":"Female","dateOfBirth":"11/6/1997"},
{"firstName":"Elie","lastName":"De Cruz","gender":"Female","dateOfBirth":"10/11/2003"},
{"firstName":"Star","lastName":"Adamoli","gender":"Female","dateOfBirth":"8/30/2011"},
{"firstName":"Ax","lastName":"McInulty","gender":"Male","dateOfBirth":"1/11/2017"},
{"firstName":"Hazel","lastName":"Beech","gender":"Female","dateOfBirth":"1/4/2015"},
{"firstName":"Rea","lastName":"Northall","gender":"Female","dateOfBirth":"4/7/2003"},
{"firstName":"Rudyard","lastName":"Klemps","gender":"Male","dateOfBirth":"5/17/2008"},
{"firstName":"Lynne","lastName":"Abraham","gender":"Female","dateOfBirth":"4/22/2004"},
{"firstName":"Idalina","lastName":"Kimm","gender":"Female","dateOfBirth":"6/27/2000"},
{"firstName":"Dave","lastName":"Bukowski","gender":"Male","dateOfBirth":"8/12/1995"},
{"firstName":"Morry","lastName":"Massingberd","gender":"Male","dateOfBirth":"6/23/2003"},
{"firstName":"Allegra","lastName":"Adanez","gender":"Female","dateOfBirth":"10/11/2002"},
{"firstName":"Sallie","lastName":"Huguet","gender":"Female","dateOfBirth":"2/16/1995"},
{"firstName":"Deanne","lastName":"Abadam","gender":"Female","dateOfBirth":"4/7/2016"},
{"firstName":"Sandye","lastName":"Bonellie","gender":"Female","dateOfBirth":"8/28/2008"},
{"firstName":"Caryl","lastName":"Glencorse","gender":"Female","dateOfBirth":"2/16/2017"},
{"firstName":"Anabal","lastName":"Melby","gender":"Female","dateOfBirth":"4/8/2007"},
{"firstName":"Collin","lastName":"Medgwick","gender":"Male","dateOfBirth":"4/22/1999"},
{"firstName":"Jeramey","lastName":"Sultana","gender":"Male","dateOfBirth":"9/15/2015"},
{"firstName":"Gray","lastName":"Symcoxe","gender":"Female","dateOfBirth":"1/4/1993"},
{"firstName":"Aimil","lastName":"Zupo","gender":"Female","dateOfBirth":"2/17/2011"},
{"firstName":"Wildon","lastName":"Seares","gender":"Male","dateOfBirth":"10/2/1995"},
{"firstName":"Zoe","lastName":"Baraja","gender":"Female","dateOfBirth":"11/8/2003"},
{"firstName":"Doralia","lastName":"Macilhench","gender":"Female","dateOfBirth":"11/13/1994"},
{"firstName":"Paulita","lastName":"Grayland","gender":"Female","dateOfBirth":"8/3/2001"},
{"firstName":"Silvio","lastName":"Pointin","gender":"Male","dateOfBirth":"1/9/1998"},
{"firstName":"Karol","lastName":"Perks","gender":"Female","dateOfBirth":"4/9/2011"},
{"firstName":"Ezequiel","lastName":"Bernucci","gender":"Male","dateOfBirth":"6/3/2001"},
{"firstName":"Deeanne","lastName":"Kesby","gender":"Female","dateOfBirth":"6/9/1998"},
{"firstName":"Ingra","lastName":"Wincer","gender":"Male","dateOfBirth":"8/27/2000"},
{"firstName":"Terencio","lastName":"Bartzen","gender":"Male","dateOfBirth":"8/26/2016"},
{"firstName":"Filmer","lastName":"Milkins","gender":"Male","dateOfBirth":"1/29/1996"},
{"firstName":"Alexandrina","lastName":"Friman","gender":"Female","dateOfBirth":"9/11/2008"},
{"firstName":"Adolf","lastName":"Brockton","gender":"Male","dateOfBirth":"7/17/2000"},
{"firstName":"Isis","lastName":"MacKaig","gender":"Female","dateOfBirth":"12/15/2004"},
{"firstName":"Normand","lastName":"Millwater","gender":"Male","dateOfBirth":"9/21/2007"},
{"firstName":"Kiley","lastName":"Itzkin","gender":"Female","dateOfBirth":"6/1/2006"},
{"firstName":"Cherianne","lastName":"Wagge","gender":"Female","dateOfBirth":"12/17/2007"},
{"firstName":"Hephzibah","lastName":"Alenichicov","gender":"Female","dateOfBirth":"6/28/1998"},
{"firstName":"Giles","lastName":"Digger","gender":"Male","dateOfBirth":"8/5/2016"},
{"firstName":"Nari","lastName":"Peckitt","gender":"Female","dateOfBirth":"8/29/2015"},
{"firstName":"Sasha","lastName":"Apthorpe","gender":"Female","dateOfBirth":"9/8/2006"},
{"firstName":"Denna","lastName":"Howton","gender":"Female","dateOfBirth":"3/21/2005"},
{"firstName":"Electra","lastName":"Labeuil","gender":"Female","dateOfBirth":"8/11/2014"},
{"firstName":"Trula","lastName":"Caudle","gender":"Female","dateOfBirth":"4/26/2014"},
{"firstName":"Odelle","lastName":"McCambrois","gender":"Female","dateOfBirth":"1/26/2003"},
{"firstName":"Pincus","lastName":"Barstock","gender":"Male","dateOfBirth":"11/29/2003"},
{"firstName":"Dalila","lastName":"Pavolillo","gender":"Female","dateOfBirth":"12/13/1998"},
{"firstName":"Cecilia","lastName":"Currie","gender":"Female","dateOfBirth":"1/27/2013"},
{"firstName":"Thaine","lastName":"Dorran","gender":"Male","dateOfBirth":"7/4/1996"},
{"firstName":"Adara","lastName":"Peak","gender":"Female","dateOfBirth":"7/4/2000"},
{"firstName":"Gabriella","lastName":"Antognazzi","gender":"Female","dateOfBirth":"3/6/1995"},
{"firstName":"Edouard","lastName":"Chitham","gender":"Male","dateOfBirth":"4/27/2017"},
{"firstName":"Mariya","lastName":"Hincks","gender":"Female","dateOfBirth":"6/30/2011"},
{"firstName":"Clare","lastName":"Ross","gender":"Male","dateOfBirth":"4/7/2003"},
{"firstName":"Julieta","lastName":"Zanni","gender":"Female","dateOfBirth":"1/24/2006"},
{"firstName":"Kerry","lastName":"Melendez","gender":"Male","dateOfBirth":"3/14/2003"},
{"firstName":"Bamby","lastName":"Dufaire","gender":"Female","dateOfBirth":"12/15/2003"},
{"firstName":"Hans","lastName":"Seel","gender":"Male","dateOfBirth":"5/16/2011"},
{"firstName":"Kimberley","lastName":"Wetwood","gender":"Female","dateOfBirth":"11/15/2015"},
{"firstName":"Harp","lastName":"Stratley","gender":"Male","dateOfBirth":"1/12/2009"},
{"firstName":"Jervis","lastName":"Achurch","gender":"Male","dateOfBirth":"9/29/2008"},
{"firstName":"Neron","lastName":"Heinig","gender":"Male","dateOfBirth":"8/1/2000"},
{"firstName":"Allys","lastName":"Mollison","gender":"Female","dateOfBirth":"12/21/1991"},
{"firstName":"Hillel","lastName":"Dowry","gender":"Male","dateOfBirth":"7/29/2002"},
{"firstName":"Hesther","lastName":"Symers","gender":"Female","dateOfBirth":"6/25/2017"},
{"firstName":"Jack","lastName":"Batchan","gender":"Male","dateOfBirth":"7/25/1998"},
{"firstName":"Feliza","lastName":"Hapke","gender":"Female","dateOfBirth":"4/28/2000"},
{"firstName":"Caren","lastName":"Occleshaw","gender":"Female","dateOfBirth":"4/21/1999"},
{"firstName":"Raimondo","lastName":"Gabriely","gender":"Male","dateOfBirth":"5/23/2001"},
{"firstName":"Dre","lastName":"Legge","gender":"Female","dateOfBirth":"3/19/2012"},
{"firstName":"Rinaldo","lastName":"Goldthorpe","gender":"Male","dateOfBirth":"5/3/2006"},
{"firstName":"Marnia","lastName":"Ramalho","gender":"Female","dateOfBirth":"3/22/1998"},
{"firstName":"Parker","lastName":"Aldington","gender":"Male","dateOfBirth":"5/3/2017"},
{"firstName":"Olympe","lastName":"Tremble","gender":"Female","dateOfBirth":"1/4/1999"},
{"firstName":"Ingra","lastName":"Juhruke","gender":"Male","dateOfBirth":"11/10/2007"},
{"firstName":"Annice","lastName":"Skitch","gender":"Female","dateOfBirth":"12/30/2004"},
{"firstName":"Jennie","lastName":"Mattiassi","gender":"Female","dateOfBirth":"9/25/2017"},
{"firstName":"Nariko","lastName":"Hamlyn","gender":"Female","dateOfBirth":"10/6/1999"},
{"firstName":"Brigitta","lastName":"Blabie","gender":"Female","dateOfBirth":"4/5/1999"},
{"firstName":"Molly","lastName":"Crannell","gender":"Female","dateOfBirth":"10/3/2004"},
{"firstName":"Reeva","lastName":"Phillipp","gender":"Female","dateOfBirth":"7/16/2010"},
{"firstName":"Miltie","lastName":"Poolman","gender":"Male","dateOfBirth":"6/27/2011"},
{"firstName":"Sherman","lastName":"Siene","gender":"Male","dateOfBirth":"10/11/2005"},
{"firstName":"Drew","lastName":"Dendle","gender":"Male","dateOfBirth":"2/28/2009"},
{"firstName":"Hardy","lastName":"Brandham","gender":"Male","dateOfBirth":"10/8/2010"},
{"firstName":"Nester","lastName":"O'Kane","gender":"Male","dateOfBirth":"1/11/2011"},
{"firstName":"Hendrik","lastName":"Martinello","gender":"Male","dateOfBirth":"12/6/2014"},
{"firstName":"Cornell","lastName":"Iskov","gender":"Male","dateOfBirth":"8/22/1993"},
{"firstName":"Austin","lastName":"Jest","gender":"Female","dateOfBirth":"8/2/2003"},
{"firstName":"Trueman","lastName":"Walbridge","gender":"Male","dateOfBirth":"10/26/2003"},
{"firstName":"Tedman","lastName":"Stode","gender":"Male","dateOfBirth":"8/10/1993"},
{"firstName":"Quint","lastName":"Rubica","gender":"Male","dateOfBirth":"5/5/2004"},
{"firstName":"Karl","lastName":"Blesing","gender":"Male","dateOfBirth":"4/30/2008"},
{"firstName":"Lewes","lastName":"Stoodley","gender":"Male","dateOfBirth":"2/2/2007"},
{"firstName":"Ansel","lastName":"Schimmang","gender":"Male","dateOfBirth":"6/4/2015"},
{"firstName":"Jeremy","lastName":"Monte","gender":"Male","dateOfBirth":"8/14/2001"},
{"firstName":"Terrijo","lastName":"Danzey","gender":"Female","dateOfBirth":"12/4/2013"},
{"firstName":"Lydon","lastName":"Doel","gender":"Male","dateOfBirth":"4/4/2012"},
{"firstName":"Shantee","lastName":"MacCarrick","gender":"Female","dateOfBirth":"10/29/2017"},
{"firstName":"Shelden","lastName":"Extall","gender":"Male","dateOfBirth":"3/27/1997"},
{"firstName":"Dicky","lastName":"Emms","gender":"Male","dateOfBirth":"6/17/2003"},
{"firstName":"Halimeda","lastName":"Binnall","gender":"Female","dateOfBirth":"11/5/2016"},
{"firstName":"Mina","lastName":"De Vile","gender":"Female","dateOfBirth":"5/21/2012"},
{"firstName":"Harriett","lastName":"Gullen","gender":"Female","dateOfBirth":"1/1/2017"},
{"firstName":"Sophey","lastName":"Keeton","gender":"Female","dateOfBirth":"8/29/2012"},
{"firstName":"Yetty","lastName":"Woodcock","gender":"Female","dateOfBirth":"5/21/1994"},
{"firstName":"Carney","lastName":"Geater","gender":"Male","dateOfBirth":"10/6/2002"},
{"firstName":"Aimee","lastName":"Conor","gender":"Female","dateOfBirth":"3/22/2009"},
{"firstName":"Bernard","lastName":"Fewkes","gender":"Male","dateOfBirth":"9/21/1997"},
{"firstName":"Sherwynd","lastName":"Northwood","gender":"Male","dateOfBirth":"4/25/1994"},
{"firstName":"Bent","lastName":"Joannet","gender":"Male","dateOfBirth":"1/21/2010"},
{"firstName":"Niel","lastName":"Linfitt","gender":"Male","dateOfBirth":"8/10/2017"},
{"firstName":"Leanora","lastName":"Champniss","gender":"Female","dateOfBirth":"8/28/2015"},
{"firstName":"Delinda","lastName":"Hove","gender":"Female","dateOfBirth":"10/22/2013"},
{"firstName":"Bo","lastName":"Shewring","gender":"Male","dateOfBirth":"2/15/1996"},
{"firstName":"Ernesto","lastName":"Pagram","gender":"Male","dateOfBirth":"6/18/2011"},
{"firstName":"Yance","lastName":"Atteridge","gender":"Male","dateOfBirth":"2/8/2009"},
{"firstName":"Sibby","lastName":"Espley","gender":"Female","dateOfBirth":"7/23/2009"},
{"firstName":"Fair","lastName":"Wybrew","gender":"Male","dateOfBirth":"8/9/1996"},
{"firstName":"Monroe","lastName":"Taffrey","gender":"Male","dateOfBirth":"4/19/1996"},
{"firstName":"Aharon","lastName":"Donisi","gender":"Male","dateOfBirth":"5/19/2006"},
{"firstName":"Laurianne","lastName":"Halgarth","gender":"Female","dateOfBirth":"8/6/2012"},
{"firstName":"Mordecai","lastName":"Seer","gender":"Male","dateOfBirth":"7/22/1994"},
{"firstName":"Gwyneth","lastName":"Timperley","gender":"Female","dateOfBirth":"8/14/2013"},
{"firstName":"Lewiss","lastName":"Stitson","gender":"Male","dateOfBirth":"1/2/2003"},
{"firstName":"Sheryl","lastName":"Antoniak","gender":"Female","dateOfBirth":"3/7/1993"},
{"firstName":"Baxter","lastName":"Crockford","gender":"Male","dateOfBirth":"12/21/1993"},
{"firstName":"Brion","lastName":"Bassford","gender":"Male","dateOfBirth":"7/21/1992"},
{"firstName":"Conney","lastName":"Peotz","gender":"Male","dateOfBirth":"7/26/2012"},
{"firstName":"Caren","lastName":"Thome","gender":"Female","dateOfBirth":"12/18/2003"},
{"firstName":"Spenser","lastName":"Bessent","gender":"Male","dateOfBirth":"5/13/2001"},
{"firstName":"Allison","lastName":"Sibery","gender":"Female","dateOfBirth":"12/15/1994"},
{"firstName":"Mordy","lastName":"Georgot","gender":"Male","dateOfBirth":"3/6/2008"},
{"firstName":"Car","lastName":"McGlew","gender":"Male","dateOfBirth":"7/3/1998"},
{"firstName":"Charmaine","lastName":"Sargood","gender":"Female","dateOfBirth":"5/7/2006"},
{"firstName":"Nathanial","lastName":"Dart","gender":"Male","dateOfBirth":"8/24/1993"},
{"firstName":"Jervis","lastName":"Durrans","gender":"Male","dateOfBirth":"5/11/2003"},
{"firstName":"Gilligan","lastName":"Demann","gender":"Female","dateOfBirth":"11/26/2005"},
{"firstName":"Sebastien","lastName":"Littledyke","gender":"Male","dateOfBirth":"9/7/2006"},
{"firstName":"Ransom","lastName":"Capsey","gender":"Male","dateOfBirth":"1/14/2017"},
{"firstName":"Claude","lastName":"Simeoli","gender":"Female","dateOfBirth":"3/14/2009"},
{"firstName":"Allina","lastName":"Jerson","gender":"Female","dateOfBirth":"12/6/2009"},
{"firstName":"Giorgio","lastName":"Trainor","gender":"Male","dateOfBirth":"11/19/1994"},
{"firstName":"Rozella","lastName":"Anand","gender":"Female","dateOfBirth":"6/8/1997"},
{"firstName":"Evey","lastName":"Arnason","gender":"Female","dateOfBirth":"7/4/2009"},
{"firstName":"Felicio","lastName":"Druhan","gender":"Male","dateOfBirth":"9/30/1995"},
{"firstName":"Arlin","lastName":"Quarrie","gender":"Male","dateOfBirth":"12/28/1998"},
{"firstName":"Tandy","lastName":"Baskeyfield","gender":"Female","dateOfBirth":"1/9/2017"},
{"firstName":"Tandi","lastName":"Onions","gender":"Female","dateOfBirth":"2/24/2004"},
{"firstName":"Meara","lastName":"Baudasso","gender":"Female","dateOfBirth":"1/12/2011"},
{"firstName":"Noah","lastName":"Jennison","gender":"Male","dateOfBirth":"1/25/2003"},
{"firstName":"Joscelin","lastName":"Yurenin","gender":"Female","dateOfBirth":"10/21/2000"},
{"firstName":"Fae","lastName":"De Normanville","gender":"Female","dateOfBirth":"10/20/2010"},
{"firstName":"Welsh","lastName":"Calderhead","gender":"Male","dateOfBirth":"12/17/2005"},
{"firstName":"Marmaduke","lastName":"Feacham","gender":"Male","dateOfBirth":"8/8/2008"},
{"firstName":"Corissa","lastName":"Rennolds","gender":"Female","dateOfBirth":"12/22/2010"},
{"firstName":"Auberta","lastName":"Hexum","gender":"Female","dateOfBirth":"12/23/2014"},
{"firstName":"Paolo","lastName":"Duprey","gender":"Male","dateOfBirth":"9/8/1998"},
{"firstName":"Kimbell","lastName":"Lovelady","gender":"Male","dateOfBirth":"4/27/2007"},
{"firstName":"Garrek","lastName":"Stiles","gender":"Male","dateOfBirth":"12/18/1999"},
{"firstName":"Jules","lastName":"Wrightim","gender":"Male","dateOfBirth":"5/12/1994"},
{"firstName":"Joanie","lastName":"Foxton","gender":"Female","dateOfBirth":"1/26/2015"},
{"firstName":"Clea","lastName":"Arzu","gender":"Female","dateOfBirth":"9/15/2006"},
{"firstName":"Bridget","lastName":"Oseland","gender":"Female","dateOfBirth":"9/15/2007"},
{"firstName":"Perrine","lastName":"Fletcher","gender":"Female","dateOfBirth":"8/28/2007"},
{"firstName":"Chryste","lastName":"Grelka","gender":"Female","dateOfBirth":"3/3/1996"},
{"firstName":"Reggi","lastName":"Harrhy","gender":"Female","dateOfBirth":"1/4/2017"},
{"firstName":"Leif","lastName":"Castillon","gender":"Male","dateOfBirth":"7/5/2010"},
{"firstName":"Evaleen","lastName":"Grishankov","gender":"Female","dateOfBirth":"4/23/2000"},
{"firstName":"Aindrea","lastName":"Truce","gender":"Female","dateOfBirth":"4/17/1992"},
{"firstName":"Brendin","lastName":"Gallamore","gender":"Male","dateOfBirth":"7/31/2013"},
{"firstName":"Lena","lastName":"Kniveton","gender":"Female","dateOfBirth":"12/19/2015"},
{"firstName":"Augusto","lastName":"Shavel","gender":"Male","dateOfBirth":"12/4/1991"},
{"firstName":"Fields","lastName":"Yarr","gender":"Male","dateOfBirth":"5/4/1994"},
{"firstName":"Kylie","lastName":"Ghidoli","gender":"Male","dateOfBirth":"4/14/1999"},
{"firstName":"Ardyth","lastName":"Eastmead","gender":"Female","dateOfBirth":"2/8/2001"},
{"firstName":"Pebrook","lastName":"Reeder","gender":"Male","dateOfBirth":"10/27/2015"},
{"firstName":"Adria","lastName":"Forder","gender":"Female","dateOfBirth":"7/8/2010"},
{"firstName":"Danella","lastName":"Shipley","gender":"Female","dateOfBirth":"2/4/2007"},
{"firstName":"Lucie","lastName":"Lindwall","gender":"Female","dateOfBirth":"5/9/1996"},
{"firstName":"Jenelle","lastName":"Tongs","gender":"Female","dateOfBirth":"2/16/2017"},
{"firstName":"Farrel","lastName":"Farrall","gender":"Male","dateOfBirth":"8/7/1999"},
{"firstName":"Dimitri","lastName":"Stallwood","gender":"Male","dateOfBirth":"3/7/2015"},
{"firstName":"Harley","lastName":"Holtaway","gender":"Female","dateOfBirth":"8/28/2011"},
{"firstName":"Delly","lastName":"Toller","gender":"Female","dateOfBirth":"11/20/2006"},
{"firstName":"Juliana","lastName":"Cords","gender":"Female","dateOfBirth":"8/30/1999"},
{"firstName":"Annmaria","lastName":"Leney","gender":"Female","dateOfBirth":"8/16/2011"},
{"firstName":"Jolee","lastName":"McMeeking","gender":"Female","dateOfBirth":"9/23/2000"},
{"firstName":"Nathaniel","lastName":"Creeboe","gender":"Male","dateOfBirth":"3/22/2007"},
{"firstName":"Grant","lastName":"Hackwell","gender":"Male","dateOfBirth":"7/13/2001"},
{"firstName":"Murvyn","lastName":"Wadelin","gender":"Male","dateOfBirth":"10/22/2012"},
{"firstName":"Yank","lastName":"O'Lenechan","gender":"Male","dateOfBirth":"1/20/1997"},
{"firstName":"Jarrett","lastName":"Heyns","gender":"Male","dateOfBirth":"8/21/2003"},
{"firstName":"Conant","lastName":"Mannagh","gender":"Male","dateOfBirth":"12/30/1994"},
{"firstName":"Aubrie","lastName":"Brabender","gender":"Female","dateOfBirth":"6/30/2010"},
{"firstName":"Nisse","lastName":"Melendez","gender":"Female","dateOfBirth":"12/22/2007"},
{"firstName":"Vittoria","lastName":"Grigolashvill","gender":"Female","dateOfBirth":"1/1/1995"},
{"firstName":"Megen","lastName":"Kadwallider","gender":"Female","dateOfBirth":"11/10/1997"},
{"firstName":"Douglass","lastName":"Epple","gender":"Male","dateOfBirth":"11/2/1998"},
{"firstName":"Sollie","lastName":"Doidge","gender":"Male","dateOfBirth":"5/29/2006"},
{"firstName":"Gian","lastName":"Ferronier","gender":"Male","dateOfBirth":"11/6/2015"},
{"firstName":"Locke","lastName":"Harrigan","gender":"Male","dateOfBirth":"9/8/2017"},
{"firstName":"Lisabeth","lastName":"Noblet","gender":"Female","dateOfBirth":"9/26/2015"},
{"firstName":"Gracie","lastName":"Indruch","gender":"Female","dateOfBirth":"9/18/1995"},
{"firstName":"Prisca","lastName":"Golde","gender":"Female","dateOfBirth":"12/6/1999"},
{"firstName":"Heidi","lastName":"Pauling","gender":"Female","dateOfBirth":"7/11/2016"},
{"firstName":"Andie","lastName":"Shotbolt","gender":"Male","dateOfBirth":"10/10/2017"},
{"firstName":"Robinetta","lastName":"Hallt","gender":"Female","dateOfBirth":"8/8/1993"},
{"firstName":"Eward","lastName":"Defraine","gender":"Male","dateOfBirth":"10/11/2011"},
{"firstName":"Sid","lastName":"Gobbet","gender":"Male","dateOfBirth":"6/5/2002"},
{"firstName":"Verla","lastName":"Custed","gender":"Female","dateOfBirth":"8/16/2003"},
{"firstName":"Elysee","lastName":"Fairweather","gender":"Female","dateOfBirth":"12/7/1994"},
{"firstName":"Goddart","lastName":"Braksper","gender":"Male","dateOfBirth":"1/24/2010"},
{"firstName":"Evin","lastName":"Paylie","gender":"Male","dateOfBirth":"8/15/2014"},
{"firstName":"Chloette","lastName":"Shimmin","gender":"Female","dateOfBirth":"9/1/2007"},
{"firstName":"Brendin","lastName":"Choffin","gender":"Male","dateOfBirth":"12/16/2007"},
{"firstName":"Emlynn","lastName":"Hanscome","gender":"Female","dateOfBirth":"7/25/1999"},
{"firstName":"Greta","lastName":"Worrill","gender":"Female","dateOfBirth":"2/17/2017"},
{"firstName":"Dannie","lastName":"Pietruszewicz","gender":"Female","dateOfBirth":"10/21/2014"},
{"firstName":"Myrtie","lastName":"McLaine","gender":"Female","dateOfBirth":"10/24/1994"},
{"firstName":"Dionis","lastName":"Reeves","gender":"Female","dateOfBirth":"10/13/1995"},
{"firstName":"Wini","lastName":"Naseby","gender":"Female","dateOfBirth":"2/17/1997"},
{"firstName":"Jemima","lastName":"Naile","gender":"Female","dateOfBirth":"3/5/1996"},
{"firstName":"Hollyanne","lastName":"Macauley","gender":"Female","dateOfBirth":"6/9/2015"},
{"firstName":"Janka","lastName":"Brazener","gender":"Female","dateOfBirth":"3/23/2005"},
{"firstName":"Aila","lastName":"Biagini","gender":"Female","dateOfBirth":"3/21/2000"},
{"firstName":"Melita","lastName":"Castella","gender":"Female","dateOfBirth":"12/20/2010"},
{"firstName":"Bekki","lastName":"Bullar","gender":"Female","dateOfBirth":"10/5/2004"},
{"firstName":"Francesca","lastName":"Sexon","gender":"Female","dateOfBirth":"10/12/2011"},
{"firstName":"Cristina","lastName":"Delete","gender":"Female","dateOfBirth":"4/6/2009"},
{"firstName":"Kennett","lastName":"Zoppo","gender":"Male","dateOfBirth":"12/10/2002"},
{"firstName":"Dill","lastName":"Beebee","gender":"Male","dateOfBirth":"8/17/2011"},
{"firstName":"Donnie","lastName":"McCord","gender":"Male","dateOfBirth":"11/26/2001"},
{"firstName":"Alessandro","lastName":"Pepperell","gender":"Male","dateOfBirth":"6/28/2011"},
{"firstName":"Halette","lastName":"Woolerton","gender":"Female","dateOfBirth":"7/12/2003"},
{"firstName":"Hailey","lastName":"Hambleton","gender":"Male","dateOfBirth":"3/10/2003"},
{"firstName":"Paddy","lastName":"Riddich","gender":"Male","dateOfBirth":"2/15/2007"},
{"firstName":"Claus","lastName":"Yersin","gender":"Male","dateOfBirth":"7/30/2016"},
{"firstName":"Kile","lastName":"MacIan","gender":"Male","dateOfBirth":"4/21/2003"},
{"firstName":"Brant","lastName":"Cobelli","gender":"Male","dateOfBirth":"8/1/2002"},
{"firstName":"Merrile","lastName":"Robic","gender":"Female","dateOfBirth":"8/27/2007"},
{"firstName":"Thacher","lastName":"Dybell","gender":"Male","dateOfBirth":"5/9/2003"},
{"firstName":"Lou","lastName":"Ghest","gender":"Female","dateOfBirth":"9/5/2013"},
{"firstName":"Ivie","lastName":"Claydon","gender":"Female","dateOfBirth":"1/31/2006"},
{"firstName":"Noll","lastName":"Tomes","gender":"Male","dateOfBirth":"10/26/2016"},
{"firstName":"Papagena","lastName":"Morrowe","gender":"Female","dateOfBirth":"5/8/1999"},
{"firstName":"Renault","lastName":"Littleover","gender":"Male","dateOfBirth":"6/19/2005"},
{"firstName":"Gaile","lastName":"Brookesbie","gender":"Male","dateOfBirth":"7/10/2014"},
{"firstName":"Dinnie","lastName":"Flecknoe","gender":"Female","dateOfBirth":"12/29/2003"},
{"firstName":"Kean","lastName":"Maffiotti","gender":"Male","dateOfBirth":"8/16/2009"},
{"firstName":"Zita","lastName":"Inch","gender":"Female","dateOfBirth":"6/16/2015"},
{"firstName":"Marcy","lastName":"Jennison","gender":"Female","dateOfBirth":"6/9/2009"},
{"firstName":"Neile","lastName":"Cowdrey","gender":"Female","dateOfBirth":"3/20/2012"},
{"firstName":"Vassily","lastName":"Giannotti","gender":"Male","dateOfBirth":"1/8/1997"},
{"firstName":"Trula","lastName":"Kilfoyle","gender":"Female","dateOfBirth":"2/5/1999"},
{"firstName":"Eldridge","lastName":"Pallant","gender":"Male","dateOfBirth":"4/21/2017"},
{"firstName":"Cristine","lastName":"Astlett","gender":"Female","dateOfBirth":"7/26/1993"},
{"firstName":"Trev","lastName":"Knightsbridge","gender":"Male","dateOfBirth":"7/27/2003"},
{"firstName":"Marquita","lastName":"Jirzik","gender":"Female","dateOfBirth":"10/18/2012"},
{"firstName":"Orelee","lastName":"Szachniewicz","gender":"Female","dateOfBirth":"6/23/2017"},
{"firstName":"Read","lastName":"Harfleet","gender":"Male","dateOfBirth":"12/27/2009"},
{"firstName":"Germana","lastName":"Hindrich","gender":"Female","dateOfBirth":"11/5/1996"},
{"firstName":"Coleman","lastName":"Blaisdell","gender":"Male","dateOfBirth":"9/28/2004"},
{"firstName":"Hillie","lastName":"Extence","gender":"Male","dateOfBirth":"10/2/2017"},
{"firstName":"Tore","lastName":"Bottelstone","gender":"Male","dateOfBirth":"7/2/2017"},
{"firstName":"Reuven","lastName":"Yeeles","gender":"Male","dateOfBirth":"12/31/2002"},
{"firstName":"Fedora","lastName":"Havik","gender":"Female","dateOfBirth":"9/14/2003"},
{"firstName":"Dru","lastName":"Mirrlees","gender":"Male","dateOfBirth":"12/31/2011"},
{"firstName":"Isador","lastName":"Pitkins","gender":"Male","dateOfBirth":"1/27/2004"},
{"firstName":"Boris","lastName":"Allum","gender":"Male","dateOfBirth":"7/2/2002"},
{"firstName":"Tabbi","lastName":"Moultrie","gender":"Female","dateOfBirth":"11/8/1993"},
{"firstName":"Tommi","lastName":"Renouf","gender":"Female","dateOfBirth":"1/22/2000"},
{"firstName":"Jimmy","lastName":"Pulteneye","gender":"Male","dateOfBirth":"9/10/1995"},
{"firstName":"Deni","lastName":"Lillistone","gender":"Female","dateOfBirth":"10/17/2011"},
{"firstName":"Euell","lastName":"Born","gender":"Male","dateOfBirth":"3/17/2010"},
{"firstName":"Hadrian","lastName":"Baud","gender":"Male","dateOfBirth":"11/6/1995"},
{"firstName":"Rhody","lastName":"Brouard","gender":"Female","dateOfBirth":"3/31/2007"},
{"firstName":"Zorana","lastName":"Quipp","gender":"Female","dateOfBirth":"9/22/1997"},
{"firstName":"Norina","lastName":"McCallum","gender":"Female","dateOfBirth":"7/17/1997"},
{"firstName":"Adolphus","lastName":"Balsellie","gender":"Male","dateOfBirth":"8/26/2017"},
{"firstName":"Alwyn","lastName":"Chidler","gender":"Male","dateOfBirth":"11/27/2015"},
{"firstName":"Clio","lastName":"Robrow","gender":"Female","dateOfBirth":"5/28/1994"},
{"firstName":"Scarlett","lastName":"Gover","gender":"Female","dateOfBirth":"2/22/1999"},
{"firstName":"Raychel","lastName":"Rush","gender":"Female","dateOfBirth":"1/17/2014"},
{"firstName":"Linnie","lastName":"Presnail","gender":"Female","dateOfBirth":"7/4/2011"},
{"firstName":"Gerladina","lastName":"Pinnigar","gender":"Female","dateOfBirth":"8/3/2006"},
{"firstName":"Bernadine","lastName":"Georgins","gender":"Female","dateOfBirth":"8/11/1992"},
{"firstName":"Hugo","lastName":"O'Flaherty","gender":"Male","dateOfBirth":"5/24/2012"},
{"firstName":"Lenee","lastName":"Swenson","gender":"Female","dateOfBirth":"12/3/2009"},
{"firstName":"Rouvin","lastName":"Lydford","gender":"Male","dateOfBirth":"6/25/2010"},
{"firstName":"Amerigo","lastName":"Wims","gender":"Male","dateOfBirth":"4/10/1992"},
{"firstName":"Giacobo","lastName":"Kervin","gender":"Male","dateOfBirth":"1/1/2011"},
{"firstName":"Faith","lastName":"Gorler","gender":"Female","dateOfBirth":"7/19/2007"},
{"firstName":"Marwin","lastName":"Stoakley","gender":"Male","dateOfBirth":"9/9/1995"},
{"firstName":"Miran","lastName":"Trolley","gender":"Female","dateOfBirth":"2/13/1998"},
{"firstName":"Bride","lastName":"Cordaroy","gender":"Female","dateOfBirth":"1/2/1998"},
{"firstName":"Philippine","lastName":"Overel","gender":"Female","dateOfBirth":"5/4/2011"},
{"firstName":"Ali","lastName":"Eisold","gender":"Male","dateOfBirth":"8/10/1996"},
{"firstName":"Francoise","lastName":"Brinicombe","gender":"Female","dateOfBirth":"7/19/2007"},
{"firstName":"Christoph","lastName":"Le Count","gender":"Male","dateOfBirth":"2/21/1997"},
{"firstName":"Chloe","lastName":"Verrier","gender":"Female","dateOfBirth":"8/31/2014"},
{"firstName":"Eziechiele","lastName":"Evens","gender":"Male","dateOfBirth":"11/6/1994"},
{"firstName":"Robinia","lastName":"Gerard","gender":"Female","dateOfBirth":"3/14/2003"},
{"firstName":"Fina","lastName":"McAusland","gender":"Female","dateOfBirth":"8/9/2006"},
{"firstName":"Shea","lastName":"Sorsbie","gender":"Female","dateOfBirth":"3/25/2002"},
{"firstName":"Ulysses","lastName":"Owttrim","gender":"Male","dateOfBirth":"7/18/1996"},
{"firstName":"Jessee","lastName":"Pawlett","gender":"Male","dateOfBirth":"10/26/1995"},
{"firstName":"Thaddeus","lastName":"O'Fearguise","gender":"Male","dateOfBirth":"3/9/2002"},
{"firstName":"Susi","lastName":"Saiens","gender":"Female","dateOfBirth":"9/26/1999"},
{"firstName":"Johannah","lastName":"Faers","gender":"Female","dateOfBirth":"7/3/1994"},
{"firstName":"Kirsten","lastName":"Licciardi","gender":"Female","dateOfBirth":"11/13/2002"},
{"firstName":"Tiena","lastName":"Brechin","gender":"Female","dateOfBirth":"12/8/2014"},
{"firstName":"Cristen","lastName":"Glitherow","gender":"Female","dateOfBirth":"6/20/1996"},
{"firstName":"Bertrando","lastName":"Mebes","gender":"Male","dateOfBirth":"2/8/2010"},
{"firstName":"Iggy","lastName":"Bonner","gender":"Male","dateOfBirth":"1/15/2011"},
{"firstName":"Vina","lastName":"Lemmers","gender":"Female","dateOfBirth":"8/31/1996"},
{"firstName":"Franny","lastName":"Wiburn","gender":"Male","dateOfBirth":"7/30/2012"},
{"firstName":"Hymie","lastName":"Sumers","gender":"Male","dateOfBirth":"10/31/1995"},
{"firstName":"Goldie","lastName":"Adam","gender":"Female","dateOfBirth":"5/18/2010"},
{"firstName":"Celestyn","lastName":"Cansdell","gender":"Female","dateOfBirth":"12/20/2008"},
{"firstName":"Seline","lastName":"Rassmann","gender":"Female","dateOfBirth":"5/1/2010"},
{"firstName":"Errol","lastName":"Gladden","gender":"Male","dateOfBirth":"12/22/2012"},
{"firstName":"Tadio","lastName":"Walas","gender":"Male","dateOfBirth":"12/21/2002"},
{"firstName":"Kingsly","lastName":"Apperley","gender":"Male","dateOfBirth":"8/2/1993"},
{"firstName":"Maxwell","lastName":"Wingatt","gender":"Male","dateOfBirth":"9/14/2008"},
{"firstName":"Layne","lastName":"Aikett","gender":"Female","dateOfBirth":"1/1/2012"},
{"firstName":"Randolph","lastName":"Dooher","gender":"Male","dateOfBirth":"1/1/2001"},
{"firstName":"Toiboid","lastName":"Sidworth","gender":"Male","dateOfBirth":"8/14/2016"},
{"firstName":"Phyllida","lastName":"Stoodley","gender":"Female","dateOfBirth":"11/28/2006"},
{"firstName":"Byron","lastName":"Yard","gender":"Male","dateOfBirth":"9/7/2010"},
{"firstName":"Roderick","lastName":"Siebert","gender":"Male","dateOfBirth":"4/17/2000"},
{"firstName":"Darlene","lastName":"Roget","gender":"Female","dateOfBirth":"10/26/2005"},
{"firstName":"Josy","lastName":"Woods","gender":"Female","dateOfBirth":"10/9/1998"},
{"firstName":"Lodovico","lastName":"Mead","gender":"Male","dateOfBirth":"4/5/1999"},
{"firstName":"Ursola","lastName":"McCumskay","gender":"Female","dateOfBirth":"2/25/1996"},
{"firstName":"Ollie","lastName":"Colcutt","gender":"Male","dateOfBirth":"3/3/1995"},
{"firstName":"Guendolen","lastName":"Gobel","gender":"Female","dateOfBirth":"8/26/2011"},
{"firstName":"Ashley","lastName":"Killingsworth","gender":"Female","dateOfBirth":"9/7/2008"},
{"firstName":"Damian","lastName":"Giorgio","gender":"Male","dateOfBirth":"2/11/2004"},
{"firstName":"Audrie","lastName":"Rawlence","gender":"Female","dateOfBirth":"9/16/2011"},
{"firstName":"Maria","lastName":"Crysell","gender":"Female","dateOfBirth":"8/29/2015"},
{"firstName":"Raoul","lastName":"Donlon","gender":"Male","dateOfBirth":"8/12/1996"},
{"firstName":"Obadiah","lastName":"Coop","gender":"Male","dateOfBirth":"12/25/2002"},
{"firstName":"Yorgo","lastName":"Puckrin","gender":"Male","dateOfBirth":"1/19/1999"},
{"firstName":"Wini","lastName":"Friel","gender":"Female","dateOfBirth":"2/27/2007"},
{"firstName":"Cherilyn","lastName":"Syvret","gender":"Female","dateOfBirth":"10/3/2016"},
{"firstName":"Irv","lastName":"Medendorp","gender":"Male","dateOfBirth":"3/16/2009"},
{"firstName":"Caterina","lastName":"Mullarkey","gender":"Female","dateOfBirth":"1/25/2007"},
{"firstName":"Joachim","lastName":"Whitlaw","gender":"Male","dateOfBirth":"6/8/2016"},
{"firstName":"Iolanthe","lastName":"Lukesch","gender":"Female","dateOfBirth":"1/18/2014"},
{"firstName":"Georgianna","lastName":"Armell","gender":"Female","dateOfBirth":"11/16/2010"},
{"firstName":"Tamra","lastName":"Palfreeman","gender":"Female","dateOfBirth":"3/27/2010"},
{"firstName":"Chastity","lastName":"Twyning","gender":"Female","dateOfBirth":"11/11/2003"},
{"firstName":"Inger","lastName":"Burgis","gender":"Male","dateOfBirth":"6/19/2014"},
{"firstName":"Veronica","lastName":"Finci","gender":"Female","dateOfBirth":"6/8/2010"},
{"firstName":"Melicent","lastName":"Flew","gender":"Female","dateOfBirth":"12/10/2006"},
{"firstName":"Karla","lastName":"Ausher","gender":"Female","dateOfBirth":"11/28/2008"},
{"firstName":"Josy","lastName":"Bernon","gender":"Female","dateOfBirth":"8/7/1996"},
{"firstName":"Astrix","lastName":"Piggens","gender":"Female","dateOfBirth":"11/4/2013"},
{"firstName":"Noach","lastName":"Baterip","gender":"Male","dateOfBirth":"9/13/2014"},
{"firstName":"Bentley","lastName":"Riggoll","gender":"Male","dateOfBirth":"8/30/2009"},
{"firstName":"Lawry","lastName":"Smaridge","gender":"Male","dateOfBirth":"3/15/2011"},
{"firstName":"Rodney","lastName":"Kose","gender":"Male","dateOfBirth":"10/16/2012"},
{"firstName":"Abner","lastName":"O'Neal","gender":"Male","dateOfBirth":"1/31/2017"},
{"firstName":"Iggie","lastName":"Blackwell","gender":"Male","dateOfBirth":"7/25/1993"},
{"firstName":"Helga","lastName":"Thorsen","gender":"Female","dateOfBirth":"2/24/2010"},
{"firstName":"Coleman","lastName":"Bluett","gender":"Male","dateOfBirth":"7/13/2002"},
{"firstName":"Idell","lastName":"Helix","gender":"Female","dateOfBirth":"7/4/2000"},
{"firstName":"Egor","lastName":"Huish","gender":"Male","dateOfBirth":"1/27/1992"},
{"firstName":"Sasha","lastName":"Tompsett","gender":"Male","dateOfBirth":"10/12/2006"},
{"firstName":"Russell","lastName":"Carek","gender":"Male","dateOfBirth":"11/8/2014"},
{"firstName":"Bryan","lastName":"Dukes","gender":"Male","dateOfBirth":"2/13/2014"},
{"firstName":"Harald","lastName":"Bottelstone","gender":"Male","dateOfBirth":"12/13/2004"},
{"firstName":"Anjanette","lastName":"Sargent","gender":"Female","dateOfBirth":"7/15/2012"},
{"firstName":"Margot","lastName":"Greenan","gender":"Female","dateOfBirth":"2/24/2014"},
{"firstName":"Coleen","lastName":"Fardoe","gender":"Female","dateOfBirth":"2/29/2000"},
{"firstName":"Udale","lastName":"Orpwood","gender":"Male","dateOfBirth":"8/20/2005"},
{"firstName":"Charity","lastName":"Skatcher","gender":"Female","dateOfBirth":"10/4/2002"},
{"firstName":"Katusha","lastName":"Ganiford","gender":"Female","dateOfBirth":"9/23/1996"},
{"firstName":"Mordy","lastName":"Hamberstone","gender":"Male","dateOfBirth":"7/30/2003"},
{"firstName":"Tonie","lastName":"McWaters","gender":"Female","dateOfBirth":"5/13/1997"},
{"firstName":"Grier","lastName":"Durran","gender":"Female","dateOfBirth":"1/29/1997"},
{"firstName":"Marcie","lastName":"Wintle","gender":"Female","dateOfBirth":"9/12/2016"},
{"firstName":"Maribelle","lastName":"Penritt","gender":"Female","dateOfBirth":"2/17/2012"},
{"firstName":"Sissy","lastName":"Allcott","gender":"Female","dateOfBirth":"10/5/1992"},
{"firstName":"Mercedes","lastName":"McCallam","gender":"Female","dateOfBirth":"7/2/2004"},
{"firstName":"Tye","lastName":"Beyn","gender":"Male","dateOfBirth":"7/10/1993"},
{"firstName":"Pam","lastName":"MacDavitt","gender":"Female","dateOfBirth":"8/14/2006"},
{"firstName":"Ellissa","lastName":"Blowick","gender":"Female","dateOfBirth":"2/20/2008"},
{"firstName":"Becky","lastName":"Juschka","gender":"Female","dateOfBirth":"3/9/2016"},
{"firstName":"Caldwell","lastName":"Gleaves","gender":"Male","dateOfBirth":"12/17/1993"},
{"firstName":"Romain","lastName":"Dominey","gender":"Male","dateOfBirth":"10/13/2001"},
{"firstName":"Donna","lastName":"Birtchnell","gender":"Female","dateOfBirth":"12/5/1993"},
{"firstName":"Dolly","lastName":"Elkington","gender":"Female","dateOfBirth":"5/26/1993"},
{"firstName":"Barn","lastName":"Hartlebury","gender":"Male","dateOfBirth":"6/14/2007"},
{"firstName":"Andre","lastName":"Keith","gender":"Male","dateOfBirth":"7/15/2004"},
{"firstName":"Ransell","lastName":"Strahan","gender":"Male","dateOfBirth":"12/22/2016"},
{"firstName":"Towney","lastName":"Corter","gender":"Male","dateOfBirth":"7/3/2012"},
{"firstName":"Cristie","lastName":"Lorey","gender":"Female","dateOfBirth":"4/23/1994"},
{"firstName":"Nickie","lastName":"Bole","gender":"Male","dateOfBirth":"11/21/2006"},
{"firstName":"Maegan","lastName":"Shaw","gender":"Female","dateOfBirth":"4/19/2001"},
{"firstName":"Gerek","lastName":"Libermore","gender":"Male","dateOfBirth":"7/12/1997"},
{"firstName":"Ximenes","lastName":"Darke","gender":"Male","dateOfBirth":"4/30/2000"},
{"firstName":"Kimberlee","lastName":"Zannetti","gender":"Female","dateOfBirth":"6/2/2016"},
{"firstName":"Bear","lastName":"Darke","gender":"Male","dateOfBirth":"4/23/2009"},
{"firstName":"Brinna","lastName":"Momford","gender":"Female","dateOfBirth":"7/26/2013"},
{"firstName":"Karyl","lastName":"Cawthorne","gender":"Female","dateOfBirth":"5/13/2015"},
{"firstName":"Edmon","lastName":"Wilden","gender":"Male","dateOfBirth":"10/21/2012"},
{"firstName":"Lynea","lastName":"Pettko","gender":"Female","dateOfBirth":"7/5/2003"},
{"firstName":"Symon","lastName":"Norree","gender":"Male","dateOfBirth":"12/11/2010"},
{"firstName":"Lucie","lastName":"Carp","gender":"Female","dateOfBirth":"8/14/2000"},
{"firstName":"Pietro","lastName":"Wyeth","gender":"Male","dateOfBirth":"6/26/2007"},
{"firstName":"Ronica","lastName":"Moger","gender":"Female","dateOfBirth":"11/21/2017"},
{"firstName":"Jane","lastName":"Bruckmann","gender":"Female","dateOfBirth":"1/11/1992"},
{"firstName":"Robby","lastName":"D'Alwis","gender":"Female","dateOfBirth":"8/5/2014"},
{"firstName":"Carlene","lastName":"Kenwrick","gender":"Female","dateOfBirth":"3/14/2005"},
{"firstName":"Rudolfo","lastName":"Tatters","gender":"Male","dateOfBirth":"1/27/2005"},
{"firstName":"Martin","lastName":"Bocke","gender":"Male","dateOfBirth":"4/18/2001"},
{"firstName":"Rowland","lastName":"Gatecliff","gender":"Male","dateOfBirth":"8/27/2011"},
{"firstName":"Fran","lastName":"Dodson","gender":"Male","dateOfBirth":"2/16/2003"},
{"firstName":"Earl","lastName":"Allsepp","gender":"Male","dateOfBirth":"7/31/2012"},
{"firstName":"Hamilton","lastName":"Habbergham","gender":"Male","dateOfBirth":"2/15/1993"},
{"firstName":"Darcy","lastName":"Pothergill","gender":"Female","dateOfBirth":"11/20/2006"},
{"firstName":"Dante","lastName":"Beneteau","gender":"Male","dateOfBirth":"2/13/2008"},
{"firstName":"Ambros","lastName":"Footitt","gender":"Male","dateOfBirth":"12/4/2015"},
{"firstName":"Amii","lastName":"Lethem","gender":"Female","dateOfBirth":"5/17/2006"},
{"firstName":"Kathe","lastName":"Linch","gender":"Female","dateOfBirth":"1/10/2013"},
{"firstName":"Nanny","lastName":"Leipelt","gender":"Female","dateOfBirth":"2/6/2016"},
{"firstName":"Caritta","lastName":"Corless","gender":"Female","dateOfBirth":"4/27/2012"},
{"firstName":"Gilbert","lastName":"Bellanger","gender":"Male","dateOfBirth":"5/22/2014"},
{"firstName":"Blayne","lastName":"Keelinge","gender":"Male","dateOfBirth":"4/13/2006"},
{"firstName":"Davine","lastName":"Saffen","gender":"Female","dateOfBirth":"10/20/1998"},
{"firstName":"Wilek","lastName":"Ruvel","gender":"Male","dateOfBirth":"5/27/2016"},
{"firstName":"Cori","lastName":"Tite","gender":"Female","dateOfBirth":"1/30/2016"},
{"firstName":"Hendrik","lastName":"Kitchaside","gender":"Male","dateOfBirth":"10/4/2006"},
{"firstName":"Maxim","lastName":"Footitt","gender":"Male","dateOfBirth":"7/19/2003"},
{"firstName":"Elston","lastName":"Messham","gender":"Male","dateOfBirth":"8/3/2007"},
{"firstName":"Lucas","lastName":"Berzons","gender":"Male","dateOfBirth":"2/24/1995"},
{"firstName":"Hector","lastName":"Peschka","gender":"Male","dateOfBirth":"5/20/1993"},
{"firstName":"Lanita","lastName":"Blaxton","gender":"Female","dateOfBirth":"5/23/2008"},
{"firstName":"Culver","lastName":"Oleszczak","gender":"Male","dateOfBirth":"1/29/1993"},
{"firstName":"Vere","lastName":"Jaulmes","gender":"Female","dateOfBirth":"10/9/2000"},
{"firstName":"Marybeth","lastName":"Anton","gender":"Female","dateOfBirth":"2/3/2013"},
{"firstName":"Sayers","lastName":"Canape","gender":"Male","dateOfBirth":"4/20/2002"},
{"firstName":"Adrien","lastName":"Lohoar","gender":"Male","dateOfBirth":"6/1/2015"},
{"firstName":"Ruth","lastName":"Pratt","gender":"Female","dateOfBirth":"2/1/2007"},
{"firstName":"Marc","lastName":"Zisneros","gender":"Male","dateOfBirth":"11/26/2009"},
{"firstName":"Veronique","lastName":"Ottosen","gender":"Female","dateOfBirth":"4/16/2006"},
{"firstName":"Alfons","lastName":"Monument","gender":"Male","dateOfBirth":"2/20/2008"},
{"firstName":"Feodora","lastName":"Easterbrook","gender":"Female","dateOfBirth":"11/9/2000"},
{"firstName":"Paulo","lastName":"Risborough","gender":"Male","dateOfBirth":"1/2/2011"},
{"firstName":"Rosemaria","lastName":"Hogsden","gender":"Female","dateOfBirth":"3/20/2004"},
{"firstName":"Terry","lastName":"Stanlack","gender":"Female","dateOfBirth":"6/6/2014"},
{"firstName":"Rowney","lastName":"Threlfall","gender":"Male","dateOfBirth":"1/17/2017"},
{"firstName":"Chalmers","lastName":"Ludron","gender":"Male","dateOfBirth":"9/20/2000"},
{"firstName":"Nadia","lastName":"Cawkill","gender":"Female","dateOfBirth":"11/10/2012"},
{"firstName":"Abbey","lastName":"Peel","gender":"Female","dateOfBirth":"4/24/2008"},
{"firstName":"Salomon","lastName":"Kondrachenko","gender":"Male","dateOfBirth":"1/20/2005"},
{"firstName":"Minnie","lastName":"Peasey","gender":"Female","dateOfBirth":"8/14/1997"},
{"firstName":"Raina","lastName":"Haspineall","gender":"Female","dateOfBirth":"9/5/2008"},
{"firstName":"Bogart","lastName":"Richemond","gender":"Male","dateOfBirth":"9/7/1993"},
{"firstName":"Jonah","lastName":"Gridley","gender":"Male","dateOfBirth":"8/1/1993"},
{"firstName":"Wilona","lastName":"Blanden","gender":"Female","dateOfBirth":"2/5/2015"},
{"firstName":"Ingeberg","lastName":"Blissitt","gender":"Female","dateOfBirth":"7/23/2004"},
{"firstName":"Modestia","lastName":"Yokley","gender":"Female","dateOfBirth":"2/2/1993"},
{"firstName":"Sterling","lastName":"Richley","gender":"Male","dateOfBirth":"10/21/2001"},
{"firstName":"Kurt","lastName":"Bessett","gender":"Male","dateOfBirth":"1/30/1994"},
{"firstName":"Reta","lastName":"Tutin","gender":"Female","dateOfBirth":"10/11/2004"},
{"firstName":"Augustin","lastName":"Wellwood","gender":"Male","dateOfBirth":"1/27/2006"},
{"firstName":"Wilburt","lastName":"Arnley","gender":"Male","dateOfBirth":"7/17/2012"},
{"firstName":"Tamas","lastName":"Sinderson","gender":"Male","dateOfBirth":"9/25/2011"},
{"firstName":"Tracey","lastName":"Rulf","gender":"Male","dateOfBirth":"6/12/2017"},
{"firstName":"Jaye","lastName":"Ballance","gender":"Male","dateOfBirth":"4/3/2015"},
{"firstName":"Leesa","lastName":"Lovett","gender":"Female","dateOfBirth":"3/16/2013"},
{"firstName":"Lizabeth","lastName":"Vanne","gender":"Female","dateOfBirth":"2/28/2009"},
{"firstName":"Lennie","lastName":"Dougher","gender":"Male","dateOfBirth":"5/17/1997"},
{"firstName":"Salem","lastName":"Amsden","gender":"Male","dateOfBirth":"12/17/2015"},
{"firstName":"Mabelle","lastName":"Shillinglaw","gender":"Female","dateOfBirth":"10/28/2016"},
{"firstName":"Jereme","lastName":"Hale","gender":"Male","dateOfBirth":"12/29/2011"},
{"firstName":"Rosabella","lastName":"Houseman","gender":"Female","dateOfBirth":"10/26/2012"},
{"firstName":"Morgun","lastName":"Marran","gender":"Male","dateOfBirth":"1/27/1996"},
{"firstName":"Kelly","lastName":"Buttler","gender":"Female","dateOfBirth":"2/16/2005"},
{"firstName":"Ethelda","lastName":"Shiliton","gender":"Female","dateOfBirth":"4/6/1999"},
{"firstName":"Gerald","lastName":"Duns","gender":"Male","dateOfBirth":"4/7/2009"},
{"firstName":"Clevie","lastName":"Docherty","gender":"Male","dateOfBirth":"6/12/2013"},
{"firstName":"Carmelina","lastName":"Vearncomb","gender":"Female","dateOfBirth":"12/27/2010"},
{"firstName":"Jade","lastName":"Blown","gender":"Female","dateOfBirth":"5/17/2014"},
{"firstName":"Lucila","lastName":"Clougher","gender":"Female","dateOfBirth":"5/31/2017"},
{"firstName":"Jessie","lastName":"Bockett","gender":"Female","dateOfBirth":"1/21/2003"},
{"firstName":"Penrod","lastName":"Toombs","gender":"Male","dateOfBirth":"5/7/1994"},
{"firstName":"Elonore","lastName":"Braunton","gender":"Female","dateOfBirth":"10/1/1992"},
{"firstName":"Ario","lastName":"Broggini","gender":"Male","dateOfBirth":"2/12/2015"},
{"firstName":"Harlene","lastName":"Calbert","gender":"Female","dateOfBirth":"8/11/2005"},
{"firstName":"Hannis","lastName":"Rosengarten","gender":"Female","dateOfBirth":"2/5/2003"},
{"firstName":"Terrence","lastName":"Arkill","gender":"Male","dateOfBirth":"7/14/1996"},
{"firstName":"Claiborne","lastName":"Behan","gender":"Male","dateOfBirth":"8/18/1994"},
{"firstName":"Hymie","lastName":"Asser","gender":"Male","dateOfBirth":"11/14/2015"},
{"firstName":"Dickie","lastName":"Tuke","gender":"Male","dateOfBirth":"8/27/2004"},
{"firstName":"Nicolais","lastName":"Goodricke","gender":"Male","dateOfBirth":"11/22/2011"},
{"firstName":"Madella","lastName":"Muffin","gender":"Female","dateOfBirth":"10/18/2000"},
{"firstName":"Griswold","lastName":"Burkin","gender":"Male","dateOfBirth":"3/24/1997"},
{"firstName":"Horatio","lastName":"Hollyman","gender":"Male","dateOfBirth":"1/4/2014"},
{"firstName":"Lyndell","lastName":"Ondrasek","gender":"Female","dateOfBirth":"10/3/2010"},
{"firstName":"Dorice","lastName":"Danielsson","gender":"Female","dateOfBirth":"5/14/2007"},
{"firstName":"Marius","lastName":"O'Kelly","gender":"Male","dateOfBirth":"1/21/2006"},
{"firstName":"Earvin","lastName":"Nowaczyk","gender":"Male","dateOfBirth":"3/5/1993"},
{"firstName":"Tina","lastName":"Domb","gender":"Female","dateOfBirth":"9/8/1996"},
{"firstName":"Allistir","lastName":"Kitchingman","gender":"Male","dateOfBirth":"3/23/1996"},
{"firstName":"Ivor","lastName":"Walworche","gender":"Male","dateOfBirth":"12/8/1993"},
{"firstName":"Van","lastName":"Mulvenna","gender":"Male","dateOfBirth":"6/28/2002"},
{"firstName":"Franny","lastName":"Canlin","gender":"Male","dateOfBirth":"8/14/2012"},
{"firstName":"Carolan","lastName":"Dzenisenka","gender":"Female","dateOfBirth":"8/5/2000"},
{"firstName":"Desirae","lastName":"Peppin","gender":"Female","dateOfBirth":"6/8/2001"},
{"firstName":"Vaughan","lastName":"Ginty","gender":"Male","dateOfBirth":"11/26/2000"},
{"firstName":"Nelly","lastName":"Godbehere","gender":"Female","dateOfBirth":"11/30/1993"},
{"firstName":"Finn","lastName":"Morford","gender":"Male","dateOfBirth":"7/27/2011"},
{"firstName":"Vitia","lastName":"Hardiman","gender":"Female","dateOfBirth":"12/12/2012"},
{"firstName":"Maribel","lastName":"Jakubovsky","gender":"Female","dateOfBirth":"4/1/2016"},
{"firstName":"Joshia","lastName":"Burles","gender":"Male","dateOfBirth":"2/2/1998"},
{"firstName":"Myrtice","lastName":"Triner","gender":"Female","dateOfBirth":"5/13/2014"},
{"firstName":"Valenka","lastName":"Stubbins","gender":"Female","dateOfBirth":"11/17/2004"},
{"firstName":"Ricki","lastName":"Jacks","gender":"Female","dateOfBirth":"6/8/1997"},
{"firstName":"Roley","lastName":"Dodwell","gender":"Male","dateOfBirth":"8/16/2013"},
{"firstName":"Connor","lastName":"Shord","gender":"Male","dateOfBirth":"11/24/1996"},
{"firstName":"Lyon","lastName":"Nano","gender":"Male","dateOfBirth":"4/21/1992"},
{"firstName":"Ransell","lastName":"Bendik","gender":"Male","dateOfBirth":"7/5/2007"},
{"firstName":"Berna","lastName":"Caslake","gender":"Female","dateOfBirth":"11/29/1994"},
{"firstName":"Garrik","lastName":"Padberry","gender":"Male","dateOfBirth":"5/16/2003"},
{"firstName":"Tanitansy","lastName":"Jaegar","gender":"Female","dateOfBirth":"3/24/1994"},
{"firstName":"Gail","lastName":"Petticrow","gender":"Male","dateOfBirth":"1/28/1999"},
{"firstName":"Josh","lastName":"Bowdrey","gender":"Male","dateOfBirth":"11/27/1996"},
{"firstName":"Kinsley","lastName":"Roullier","gender":"Male","dateOfBirth":"12/18/2008"},
{"firstName":"Lacie","lastName":"Vaughn","gender":"Female","dateOfBirth":"10/20/2000"},
{"firstName":"Gerhard","lastName":"Kinnar","gender":"Male","dateOfBirth":"3/9/2008"},
{"firstName":"Elysha","lastName":"Rubanenko","gender":"Female","dateOfBirth":"4/24/2001"},
{"firstName":"Rickie","lastName":"Kingscott","gender":"Male","dateOfBirth":"8/30/1992"},
{"firstName":"Alexandrina","lastName":"Rushby","gender":"Female","dateOfBirth":"5/6/2016"},
{"firstName":"Darby","lastName":"Perin","gender":"Male","dateOfBirth":"3/24/2000"},
{"firstName":"Eleonore","lastName":"Conwell","gender":"Female","dateOfBirth":"2/10/2005"},
{"firstName":"Darrel","lastName":"Baglow","gender":"Male","dateOfBirth":"2/15/2012"},
{"firstName":"Mala","lastName":"Sergant","gender":"Female","dateOfBirth":"8/26/1999"},
{"firstName":"Delphinia","lastName":"Gurery","gender":"Female","dateOfBirth":"11/16/1992"},
{"firstName":"Yoshiko","lastName":"Steggals","gender":"Female","dateOfBirth":"4/24/1996"},
{"firstName":"Alaster","lastName":"Erratt","gender":"Male","dateOfBirth":"9/26/2011"},
{"firstName":"Marven","lastName":"Painten","gender":"Male","dateOfBirth":"8/31/2013"},
{"firstName":"Robbi","lastName":"Odo","gender":"Female","dateOfBirth":"1/16/1994"},
{"firstName":"Ab","lastName":"Gracey","gender":"Male","dateOfBirth":"2/11/1997"},
{"firstName":"Ailsun","lastName":"Sedgwick","gender":"Female","dateOfBirth":"6/9/2014"},
{"firstName":"Whittaker","lastName":"Dunabie","gender":"Male","dateOfBirth":"5/1/2010"},
{"firstName":"Tansy","lastName":"McKeran","gender":"Female","dateOfBirth":"2/15/1997"},
{"firstName":"Merralee","lastName":"Emps","gender":"Female","dateOfBirth":"6/11/2003"},
{"firstName":"Tuckie","lastName":"Ainscow","gender":"Male","dateOfBirth":"9/13/1993"},
{"firstName":"Gladys","lastName":"Reddick","gender":"Female","dateOfBirth":"7/2/1997"},
{"firstName":"Carmine","lastName":"M'Chirrie","gender":"Male","dateOfBirth":"7/12/2008"},
{"firstName":"Nola","lastName":"Segrott","gender":"Female","dateOfBirth":"5/8/2014"},
{"firstName":"Eliot","lastName":"Hartill","gender":"Male","dateOfBirth":"12/23/1998"},
{"firstName":"Raye","lastName":"Dillimore","gender":"Female","dateOfBirth":"10/21/2006"},
{"firstName":"Bradney","lastName":"Coils","gender":"Male","dateOfBirth":"7/14/1998"},
{"firstName":"Vale","lastName":"Caton","gender":"Female","dateOfBirth":"10/16/1994"},
{"firstName":"Wade","lastName":"Stainer","gender":"Male","dateOfBirth":"5/16/2002"},
{"firstName":"Hashim","lastName":"Dunsire","gender":"Male","dateOfBirth":"9/7/2016"},
{"firstName":"Danni","lastName":"Mannin","gender":"Female","dateOfBirth":"4/24/2017"},
{"firstName":"Renaud","lastName":"Wrassell","gender":"Male","dateOfBirth":"9/3/2008"},
{"firstName":"Leonhard","lastName":"Hughman","gender":"Male","dateOfBirth":"3/3/2013"},
{"firstName":"Salomon","lastName":"Arnau","gender":"Male","dateOfBirth":"1/12/2007"},
{"firstName":"Merwin","lastName":"Joynes","gender":"Male","dateOfBirth":"3/10/2016"},
{"firstName":"Gayleen","lastName":"Dunge","gender":"Female","dateOfBirth":"2/22/2008"},
{"firstName":"Manfred","lastName":"Flemyng","gender":"Male","dateOfBirth":"7/16/2009"},
{"firstName":"Dotty","lastName":"Petschelt","gender":"Female","dateOfBirth":"10/8/2010"},
{"firstName":"Chrisy","lastName":"Champniss","gender":"Male","dateOfBirth":"10/30/2001"},
{"firstName":"Edmon","lastName":"Shwalbe","gender":"Male","dateOfBirth":"1/31/2008"},
{"firstName":"Lynsey","lastName":"Pohl","gender":"Female","dateOfBirth":"2/12/1995"},
{"firstName":"Isabeau","lastName":"Diviney","gender":"Female","dateOfBirth":"9/20/2013"},
{"firstName":"Johna","lastName":"Yeld","gender":"Female","dateOfBirth":"7/8/1995"},
{"firstName":"Ilysa","lastName":"Steketee","gender":"Female","dateOfBirth":"12/22/1999"},
{"firstName":"Leticia","lastName":"Capitano","gender":"Female","dateOfBirth":"5/16/1997"},
{"firstName":"Julianne","lastName":"Linsley","gender":"Female","dateOfBirth":"6/21/2001"},
{"firstName":"Lacee","lastName":"Staniford","gender":"Female","dateOfBirth":"3/11/2004"},
{"firstName":"Jens","lastName":"Austing","gender":"Male","dateOfBirth":"3/25/2006"},
{"firstName":"Dominique","lastName":"Punch","gender":"Male","dateOfBirth":"3/12/2011"},
{"firstName":"Reginald","lastName":"Woller","gender":"Male","dateOfBirth":"11/19/2017"},
{"firstName":"Erwin","lastName":"Foggo","gender":"Male","dateOfBirth":"12/12/2014"},
{"firstName":"Johnathan","lastName":"Bonett","gender":"Male","dateOfBirth":"5/15/2003"},
{"firstName":"Huey","lastName":"Ballantyne","gender":"Male","dateOfBirth":"3/31/2009"},
{"firstName":"Martguerita","lastName":"Frankcombe","gender":"Female","dateOfBirth":"9/12/1996"},
{"firstName":"Gaye","lastName":"Ghelardi","gender":"Female","dateOfBirth":"7/8/2000"},
{"firstName":"Veronike","lastName":"Maltby","gender":"Female","dateOfBirth":"5/1/1994"},
{"firstName":"Tricia","lastName":"Croote","gender":"Female","dateOfBirth":"3/27/1992"},
{"firstName":"Tito","lastName":"Aaronson","gender":"Male","dateOfBirth":"8/31/1992"},
{"firstName":"Hymie","lastName":"Hatt","gender":"Male","dateOfBirth":"2/24/2001"},
{"firstName":"Beatrice","lastName":"Finlay","gender":"Female","dateOfBirth":"1/6/2017"},
{"firstName":"Fredi","lastName":"Oldfield-Cherry","gender":"Female","dateOfBirth":"7/30/1998"},
{"firstName":"Oralle","lastName":"Whichelow","gender":"Female","dateOfBirth":"3/17/2012"},
{"firstName":"Wald","lastName":"Keyzor","gender":"Male","dateOfBirth":"11/3/1997"},
{"firstName":"Stern","lastName":"Wehnerr","gender":"Male","dateOfBirth":"7/31/1997"},
{"firstName":"Marcy","lastName":"Sisse","gender":"Female","dateOfBirth":"4/2/2004"},
{"firstName":"Gunar","lastName":"Hanks","gender":"Male","dateOfBirth":"11/26/1993"},
{"firstName":"Megen","lastName":"Jaycox","gender":"Female","dateOfBirth":"11/6/2001"},
{"firstName":"Karna","lastName":"Malamore","gender":"Female","dateOfBirth":"3/24/1995"},
{"firstName":"Kimble","lastName":"Hatje","gender":"Male","dateOfBirth":"6/5/1996"},
{"firstName":"Suzette","lastName":"Ranshaw","gender":"Female","dateOfBirth":"2/14/2011"},
{"firstName":"Isidro","lastName":"Waterstone","gender":"Male","dateOfBirth":"9/16/1993"},
{"firstName":"Hillary","lastName":"De Lacey","gender":"Male","dateOfBirth":"8/8/2007"},
{"firstName":"Baldwin","lastName":"Moppett","gender":"Male","dateOfBirth":"1/31/2007"},
{"firstName":"Batholomew","lastName":"Martinek","gender":"Male","dateOfBirth":"4/7/1994"},
{"firstName":"Jeffry","lastName":"Labro","gender":"Male","dateOfBirth":"4/13/2007"},
{"firstName":"Felice","lastName":"MacRury","gender":"Female","dateOfBirth":"7/2/2016"},
{"firstName":"Deana","lastName":"Cloney","gender":"Female","dateOfBirth":"8/27/2011"},
{"firstName":"Eustace","lastName":"Carlozzi","gender":"Male","dateOfBirth":"4/16/1998"},
{"firstName":"Jecho","lastName":"Vanyarkin","gender":"Male","dateOfBirth":"4/19/2015"},
{"firstName":"Kristoffer","lastName":"Trulock","gender":"Male","dateOfBirth":"12/24/2015"},
{"firstName":"Abby","lastName":"Rouchy","gender":"Male","dateOfBirth":"1/17/2007"},
{"firstName":"Sophia","lastName":"Gallehawk","gender":"Female","dateOfBirth":"3/19/2017"},
{"firstName":"Charissa","lastName":"Ferrarin","gender":"Female","dateOfBirth":"6/5/1997"},
{"firstName":"Jill","lastName":"Coyett","gender":"Female","dateOfBirth":"2/13/2012"}]