[{"price":"132.00","seat":3},
{"price":"39.52","seat":32},
{"price":"226.52","seat":5},
{"price":"27.87","seat":6},
{"price":"72.46","seat":11},
{"price":"136.30","seat":8},
{"price":"194.33","seat":41},
{"price":"128.44","seat":18},
{"price":"203.10","seat":34},
{"price":"203.83","seat":1},
{"price":"205.49","seat":38},
{"price":"18.22","seat":13},
{"price":"140.38","seat":5},
{"price":"155.83","seat":13},
{"price":"130.80","seat":7},
{"price":"41.23","seat":24},
{"price":"166.19","seat":36},
{"price":"107.12","seat":21},
{"price":"34.55","seat":13},
{"price":"122.44","seat":18},
{"price":"72.96","seat":40},
{"price":"228.75","seat":10},
{"price":"195.09","seat":28},
{"price":"15.79","seat":41},
{"price":"193.77","seat":27},
{"price":"75.72","seat":37},
{"price":"99.64","seat":43},
{"price":"207.07","seat":34},
{"price":"47.83","seat":24},
{"price":"52.69","seat":27},
{"price":"111.61","seat":2},
{"price":"180.40","seat":31},
{"price":"199.45","seat":9},
{"price":"71.19","seat":31},
{"price":"148.61","seat":36},
{"price":"59.99","seat":36},
{"price":"138.64","seat":10},
{"price":"15.07","seat":31},
{"price":"209.36","seat":42},
{"price":"225.38","seat":18},
{"price":"120.68","seat":36},
{"price":"145.67","seat":44},
{"price":"229.46","seat":17},
{"price":"151.93","seat":25},
{"price":"41.98","seat":10},
{"price":"213.79","seat":37},
{"price":"35.94","seat":40},
{"price":"49.17","seat":13},
{"price":"17.79","seat":22},
{"price":"75.45","seat":38},
{"price":"171.04","seat":36},
{"price":"14.91","seat":1},
{"price":"185.34","seat":23},
{"price":"149.67","seat":32},
{"price":"143.56","seat":35},
{"price":"203.58","seat":2},
{"price":"124.64","seat":25},
{"price":"70.87","seat":16},
{"price":"89.67","seat":9},
{"price":"188.99","seat":17},
{"price":"204.36","seat":25},
{"price":"185.47","seat":43},
{"price":"39.88","seat":38},
{"price":"38.92","seat":16},
{"price":"78.51","seat":15},
{"price":"135.62","seat":38},
{"price":"203.44","seat":22},
{"price":"141.94","seat":1},
{"price":"210.64","seat":38},
{"price":"189.03","seat":40},
{"price":"109.81","seat":20},
{"price":"67.35","seat":44},
{"price":"94.06","seat":39},
{"price":"13.15","seat":38},
{"price":"83.84","seat":38},
{"price":"217.66","seat":35},
{"price":"70.68","seat":38},
{"price":"210.73","seat":34},
{"price":"74.55","seat":34},
{"price":"225.39","seat":9},
{"price":"69.81","seat":14},
{"price":"96.50","seat":30},
{"price":"81.01","seat":7},
{"price":"26.36","seat":35},
{"price":"176.70","seat":1},
{"price":"134.68","seat":44},
{"price":"20.73","seat":44},
{"price":"116.20","seat":44},
{"price":"167.52","seat":35},
{"price":"150.81","seat":42},
{"price":"39.46","seat":8},
{"price":"14.82","seat":33},
{"price":"193.05","seat":18},
{"price":"193.50","seat":40},
{"price":"133.08","seat":33},
{"price":"39.37","seat":22},
{"price":"162.52","seat":21},
{"price":"232.35","seat":7},
{"price":"207.95","seat":35},
{"price":"174.11","seat":22},
{"price":"110.89","seat":18},
{"price":"177.33","seat":20},
{"price":"36.35","seat":8},
{"price":"116.44","seat":15},
{"price":"152.14","seat":28},
{"price":"169.42","seat":31},
{"price":"26.27","seat":19},
{"price":"200.88","seat":17},
{"price":"63.61","seat":25},
{"price":"12.39","seat":15},
{"price":"81.77","seat":2},
{"price":"141.32","seat":41},
{"price":"33.63","seat":31},
{"price":"17.04","seat":11},
{"price":"54.73","seat":20},
{"price":"137.69","seat":21},
{"price":"175.03","seat":2},
{"price":"115.32","seat":15},
{"price":"53.83","seat":6},
{"price":"222.33","seat":37},
{"price":"196.74","seat":23},
{"price":"163.65","seat":31},
{"price":"33.77","seat":21},
{"price":"118.24","seat":7},
{"price":"181.15","seat":44},
{"price":"167.40","seat":35},
{"price":"36.42","seat":10},
{"price":"133.15","seat":4},
{"price":"181.18","seat":34},
{"price":"137.64","seat":25},
{"price":"105.65","seat":8},
{"price":"226.89","seat":42},
{"price":"13.05","seat":38},
{"price":"20.48","seat":23},
{"price":"165.49","seat":33},
{"price":"135.73","seat":23},
{"price":"163.90","seat":41},
{"price":"141.73","seat":23},
{"price":"144.51","seat":1},
{"price":"82.51","seat":11},
{"price":"98.74","seat":30},
{"price":"44.18","seat":44},
{"price":"196.21","seat":7},
{"price":"147.69","seat":16},
{"price":"29.31","seat":14},
{"price":"83.78","seat":21},
{"price":"50.61","seat":3},
{"price":"86.57","seat":31},
{"price":"98.33","seat":9},
{"price":"184.47","seat":41},
{"price":"44.45","seat":44},
{"price":"23.63","seat":34},
{"price":"163.86","seat":44},
{"price":"195.22","seat":7},
{"price":"107.86","seat":13},
{"price":"77.05","seat":11},
{"price":"55.94","seat":34},
{"price":"110.18","seat":27},
{"price":"183.85","seat":12},
{"price":"171.09","seat":30},
{"price":"95.88","seat":11},
{"price":"56.00","seat":16},
{"price":"216.29","seat":1},
{"price":"74.18","seat":17},
{"price":"166.33","seat":1},
{"price":"192.04","seat":32},
{"price":"54.67","seat":21},
{"price":"101.14","seat":13},
{"price":"116.74","seat":38},
{"price":"124.21","seat":1},
{"price":"74.33","seat":42},
{"price":"46.21","seat":40},
{"price":"115.31","seat":15},
{"price":"173.78","seat":8},
{"price":"96.65","seat":8},
{"price":"162.55","seat":20},
{"price":"95.75","seat":39},
{"price":"133.81","seat":40},
{"price":"48.27","seat":33},
{"price":"210.37","seat":12},
{"price":"210.35","seat":16},
{"price":"138.74","seat":41},
{"price":"182.04","seat":2},
{"price":"115.91","seat":44},
{"price":"194.39","seat":1},
{"price":"59.97","seat":36},
{"price":"84.71","seat":33},
{"price":"55.83","seat":17},
{"price":"215.27","seat":18},
{"price":"125.08","seat":9},
{"price":"32.67","seat":11},
{"price":"183.26","seat":9},
{"price":"80.07","seat":11},
{"price":"58.29","seat":39},
{"price":"177.15","seat":35},
{"price":"144.07","seat":1},
{"price":"64.97","seat":40},
{"price":"57.91","seat":34},
{"price":"220.91","seat":5},
{"price":"165.51","seat":9},
{"price":"58.05","seat":17},
{"price":"63.24","seat":14},
{"price":"102.89","seat":5},
{"price":"116.13","seat":33},
{"price":"225.25","seat":36},
{"price":"168.81","seat":26},
{"price":"77.35","seat":8},
{"price":"56.24","seat":37},
{"price":"150.34","seat":43},
{"price":"162.62","seat":12},
{"price":"128.00","seat":37},
{"price":"221.95","seat":21},
{"price":"88.11","seat":25},
{"price":"156.15","seat":23},
{"price":"195.11","seat":17},
{"price":"177.05","seat":9},
{"price":"128.54","seat":43},
{"price":"18.85","seat":10},
{"price":"107.21","seat":14},
{"price":"80.30","seat":1},
{"price":"198.05","seat":29},
{"price":"87.21","seat":39},
{"price":"92.23","seat":41},
{"price":"225.30","seat":22},
{"price":"69.06","seat":43},
{"price":"117.92","seat":44},
{"price":"83.55","seat":5},
{"price":"121.52","seat":44},
{"price":"42.22","seat":42},
{"price":"142.65","seat":11},
{"price":"140.35","seat":26},
{"price":"71.66","seat":22},
{"price":"191.12","seat":14},
{"price":"62.34","seat":1},
{"price":"42.44","seat":9},
{"price":"147.32","seat":33},
{"price":"139.96","seat":21},
{"price":"33.22","seat":7},
{"price":"199.92","seat":32},
{"price":"169.16","seat":35},
{"price":"126.47","seat":41},
{"price":"202.72","seat":8},
{"price":"148.54","seat":42},
{"price":"15.52","seat":19},
{"price":"97.74","seat":40},
{"price":"99.36","seat":3},
{"price":"105.90","seat":21},
{"price":"96.84","seat":25},
{"price":"128.64","seat":36},
{"price":"192.62","seat":43},
{"price":"103.73","seat":29},
{"price":"70.13","seat":3},
{"price":"34.32","seat":14},
{"price":"150.75","seat":5},
{"price":"69.55","seat":13},
{"price":"221.76","seat":34},
{"price":"100.23","seat":37},
{"price":"56.78","seat":11},
{"price":"21.70","seat":43},
{"price":"197.86","seat":21},
{"price":"182.71","seat":27},
{"price":"201.41","seat":13},
{"price":"163.98","seat":1},
{"price":"126.53","seat":38},
{"price":"100.92","seat":21},
{"price":"199.84","seat":20},
{"price":"61.88","seat":28},
{"price":"138.75","seat":3},
{"price":"43.57","seat":33},
{"price":"166.70","seat":37},
{"price":"14.95","seat":42},
{"price":"154.35","seat":18},
{"price":"225.55","seat":43},
{"price":"89.14","seat":41},
{"price":"18.47","seat":23},
{"price":"47.17","seat":5},
{"price":"13.61","seat":30},
{"price":"55.34","seat":42},
{"price":"180.16","seat":2},
{"price":"74.06","seat":31},
{"price":"38.97","seat":29},
{"price":"157.35","seat":27},
{"price":"57.14","seat":34},
{"price":"89.55","seat":4},
{"price":"21.02","seat":1},
{"price":"165.72","seat":16},
{"price":"66.68","seat":25},
{"price":"76.86","seat":15},
{"price":"211.75","seat":6},
{"price":"182.39","seat":10},
{"price":"181.62","seat":19},
{"price":"175.44","seat":37},
{"price":"175.01","seat":15},
{"price":"59.90","seat":37},
{"price":"58.81","seat":16},
{"price":"162.84","seat":25},
{"price":"219.72","seat":32},
{"price":"180.44","seat":1},
{"price":"140.20","seat":32},
{"price":"82.23","seat":35},
{"price":"110.43","seat":32},
{"price":"148.20","seat":28},
{"price":"200.92","seat":33},
{"price":"55.43","seat":17},
{"price":"110.38","seat":35},
{"price":"199.65","seat":30},
{"price":"186.97","seat":22},
{"price":"66.59","seat":43},
{"price":"83.78","seat":32},
{"price":"130.21","seat":24},
{"price":"92.61","seat":24},
{"price":"159.40","seat":16},
{"price":"111.86","seat":26},
{"price":"195.64","seat":7},
{"price":"47.41","seat":44},
{"price":"52.10","seat":32},
{"price":"126.32","seat":36},
{"price":"114.62","seat":1},
{"price":"202.31","seat":39},
{"price":"88.76","seat":1},
{"price":"35.91","seat":35},
{"price":"135.67","seat":12},
{"price":"96.80","seat":24},
{"price":"147.56","seat":15},
{"price":"94.47","seat":18},
{"price":"155.36","seat":11},
{"price":"179.72","seat":5},
{"price":"206.08","seat":8},
{"price":"178.23","seat":40},
{"price":"54.57","seat":16},
{"price":"70.18","seat":32},
{"price":"34.10","seat":34},
{"price":"171.76","seat":12},
{"price":"195.10","seat":9},
{"price":"76.01","seat":8},
{"price":"54.70","seat":27},
{"price":"224.09","seat":10},
{"price":"109.98","seat":11},
{"price":"120.53","seat":37},
{"price":"184.73","seat":3},
{"price":"36.06","seat":34},
{"price":"161.28","seat":1},
{"price":"113.11","seat":41},
{"price":"121.48","seat":39},
{"price":"217.25","seat":3},
{"price":"216.85","seat":20},
{"price":"59.90","seat":15},
{"price":"12.65","seat":11},
{"price":"113.54","seat":44},
{"price":"205.64","seat":3},
{"price":"164.31","seat":12},
{"price":"223.81","seat":42},
{"price":"39.51","seat":24},
{"price":"218.77","seat":4},
{"price":"179.28","seat":23},
{"price":"91.58","seat":38},
{"price":"120.90","seat":5},
{"price":"29.71","seat":33},
{"price":"138.82","seat":7},
{"price":"57.61","seat":16},
{"price":"137.88","seat":19},
{"price":"168.41","seat":1},
{"price":"138.94","seat":16},
{"price":"48.47","seat":25},
{"price":"87.92","seat":37},
{"price":"82.64","seat":34},
{"price":"118.40","seat":28},
{"price":"204.82","seat":19},
{"price":"217.67","seat":27},
{"price":"27.91","seat":39},
{"price":"46.55","seat":39},
{"price":"32.16","seat":41},
{"price":"110.43","seat":38},
{"price":"16.18","seat":4},
{"price":"83.58","seat":31},
{"price":"36.32","seat":41},
{"price":"16.18","seat":29},
{"price":"185.47","seat":34},
{"price":"223.21","seat":11},
{"price":"139.15","seat":11},
{"price":"86.18","seat":28},
{"price":"65.87","seat":12},
{"price":"135.29","seat":9},
{"price":"13.01","seat":40},
{"price":"82.32","seat":35},
{"price":"94.07","seat":41},
{"price":"72.76","seat":13},
{"price":"196.15","seat":13},
{"price":"152.56","seat":41},
{"price":"133.43","seat":10},
{"price":"64.91","seat":44},
{"price":"18.29","seat":21},
{"price":"210.35","seat":16},
{"price":"196.96","seat":41},
{"price":"124.67","seat":23},
{"price":"202.23","seat":7},
{"price":"109.65","seat":43},
{"price":"66.31","seat":34},
{"price":"76.49","seat":34},
{"price":"67.69","seat":18},
{"price":"21.10","seat":33},
{"price":"58.79","seat":18},
{"price":"105.80","seat":15},
{"price":"192.62","seat":31},
{"price":"59.38","seat":40},
{"price":"104.22","seat":10},
{"price":"228.71","seat":40},
{"price":"112.43","seat":6},
{"price":"14.09","seat":3},
{"price":"216.74","seat":36},
{"price":"22.45","seat":11},
{"price":"189.09","seat":10},
{"price":"35.25","seat":14},
{"price":"214.59","seat":27},
{"price":"88.14","seat":19},
{"price":"46.01","seat":8},
{"price":"177.73","seat":35},
{"price":"190.58","seat":21},
{"price":"21.22","seat":18},
{"price":"114.68","seat":39},
{"price":"114.14","seat":41},
{"price":"162.44","seat":44},
{"price":"40.23","seat":43},
{"price":"228.02","seat":37},
{"price":"173.03","seat":41},
{"price":"175.67","seat":10},
{"price":"110.96","seat":5},
{"price":"204.29","seat":26},
{"price":"213.75","seat":3},
{"price":"50.51","seat":19},
{"price":"43.83","seat":1},
{"price":"79.36","seat":35},
{"price":"168.86","seat":15},
{"price":"146.12","seat":28},
{"price":"201.98","seat":41},
{"price":"170.79","seat":21},
{"price":"166.42","seat":8},
{"price":"101.72","seat":9},
{"price":"182.68","seat":41},
{"price":"152.94","seat":17},
{"price":"83.90","seat":7},
{"price":"181.19","seat":11},
{"price":"66.70","seat":33},
{"price":"215.18","seat":26},
{"price":"30.96","seat":14},
{"price":"205.76","seat":6},
{"price":"30.95","seat":39},
{"price":"45.92","seat":10},
{"price":"228.87","seat":7},
{"price":"52.76","seat":31},
{"price":"70.54","seat":8},
{"price":"114.39","seat":5},
{"price":"110.77","seat":12},
{"price":"215.75","seat":20},
{"price":"189.97","seat":8},
{"price":"26.32","seat":16},
{"price":"82.71","seat":13},
{"price":"61.81","seat":20},
{"price":"209.18","seat":27},
{"price":"149.40","seat":16},
{"price":"87.13","seat":20},
{"price":"176.53","seat":31},
{"price":"31.53","seat":26},
{"price":"156.43","seat":29},
{"price":"113.97","seat":23},
{"price":"63.65","seat":24},
{"price":"224.99","seat":41},
{"price":"67.87","seat":18},
{"price":"211.71","seat":40},
{"price":"209.43","seat":4},
{"price":"118.96","seat":8},
{"price":"83.32","seat":11},
{"price":"118.04","seat":19},
{"price":"23.53","seat":33},
{"price":"96.47","seat":26},
{"price":"174.92","seat":21},
{"price":"233.46","seat":27},
{"price":"163.75","seat":24},
{"price":"171.82","seat":31},
{"price":"91.61","seat":35},
{"price":"184.03","seat":5},
{"price":"52.83","seat":39},
{"price":"145.86","seat":13},
{"price":"122.53","seat":9},
{"price":"171.99","seat":35},
{"price":"13.19","seat":35},
{"price":"231.99","seat":3},
{"price":"54.29","seat":35},
{"price":"25.95","seat":8},
{"price":"130.02","seat":37},
{"price":"30.88","seat":3},
{"price":"143.83","seat":23},
{"price":"112.21","seat":14},
{"price":"17.71","seat":44},
{"price":"155.72","seat":9},
{"price":"31.17","seat":39},
{"price":"128.03","seat":7},
{"price":"220.03","seat":44},
{"price":"179.46","seat":23},
{"price":"220.03","seat":18},
{"price":"176.44","seat":11},
{"price":"155.10","seat":41},
{"price":"196.04","seat":2},
{"price":"184.11","seat":43},
{"price":"72.21","seat":36},
{"price":"233.91","seat":24},
{"price":"83.95","seat":27},
{"price":"112.27","seat":29},
{"price":"30.81","seat":32},
{"price":"12.08","seat":31},
{"price":"212.51","seat":18},
{"price":"77.27","seat":19},
{"price":"53.04","seat":32},
{"price":"141.97","seat":1},
{"price":"223.99","seat":29},
{"price":"110.72","seat":33},
{"price":"53.78","seat":3},
{"price":"196.74","seat":41},
{"price":"195.67","seat":11},
{"price":"154.80","seat":32},
{"price":"16.61","seat":34},
{"price":"29.04","seat":24},
{"price":"117.54","seat":9},
{"price":"144.36","seat":24},
{"price":"228.87","seat":18},
{"price":"145.95","seat":4},
{"price":"121.55","seat":2},
{"price":"186.24","seat":28},
{"price":"40.35","seat":41},
{"price":"85.15","seat":21},
{"price":"30.83","seat":37},
{"price":"107.45","seat":30},
{"price":"50.11","seat":30},
{"price":"144.81","seat":20},
{"price":"115.89","seat":40},
{"price":"200.64","seat":19},
{"price":"16.84","seat":17},
{"price":"167.04","seat":37},
{"price":"159.64","seat":37},
{"price":"48.25","seat":36},
{"price":"45.80","seat":38},
{"price":"125.77","seat":36},
{"price":"147.68","seat":41},
{"price":"141.36","seat":1},
{"price":"116.76","seat":44},
{"price":"225.19","seat":4},
{"price":"116.91","seat":12},
{"price":"133.26","seat":43},
{"price":"22.55","seat":44},
{"price":"17.02","seat":41},
{"price":"132.96","seat":41},
{"price":"165.84","seat":24},
{"price":"141.14","seat":4},
{"price":"225.64","seat":6},
{"price":"14.37","seat":21},
{"price":"177.64","seat":7},
{"price":"189.78","seat":5},
{"price":"75.97","seat":28},
{"price":"227.07","seat":26},
{"price":"152.16","seat":38},
{"price":"127.03","seat":1},
{"price":"147.08","seat":16},
{"price":"146.70","seat":8},
{"price":"172.06","seat":3},
{"price":"226.97","seat":12},
{"price":"49.65","seat":18},
{"price":"45.89","seat":39},
{"price":"51.19","seat":9},
{"price":"43.76","seat":38},
{"price":"69.63","seat":3},
{"price":"229.20","seat":34},
{"price":"87.58","seat":7},
{"price":"44.57","seat":18},
{"price":"197.10","seat":24},
{"price":"117.69","seat":33},
{"price":"220.81","seat":35},
{"price":"70.31","seat":3},
{"price":"180.98","seat":9},
{"price":"93.20","seat":5},
{"price":"229.51","seat":40},
{"price":"222.67","seat":27},
{"price":"183.75","seat":18},
{"price":"114.35","seat":17},
{"price":"153.99","seat":1},
{"price":"228.13","seat":12},
{"price":"89.42","seat":6},
{"price":"140.63","seat":20},
{"price":"14.02","seat":15},
{"price":"201.49","seat":38},
{"price":"28.57","seat":37},
{"price":"19.70","seat":6},
{"price":"114.49","seat":16},
{"price":"217.08","seat":14},
{"price":"111.18","seat":33},
{"price":"181.03","seat":16},
{"price":"227.06","seat":23},
{"price":"184.57","seat":26},
{"price":"179.29","seat":8},
{"price":"31.63","seat":23},
{"price":"16.53","seat":9},
{"price":"188.72","seat":20},
{"price":"184.27","seat":4},
{"price":"14.25","seat":39},
{"price":"228.76","seat":33},
{"price":"179.65","seat":1},
{"price":"230.61","seat":30},
{"price":"19.93","seat":9},
{"price":"160.14","seat":34},
{"price":"215.25","seat":3},
{"price":"133.85","seat":35},
{"price":"128.21","seat":4},
{"price":"71.39","seat":4},
{"price":"161.57","seat":12},
{"price":"83.14","seat":19},
{"price":"21.05","seat":10},
{"price":"145.53","seat":40},
{"price":"156.05","seat":13},
{"price":"142.43","seat":11},
{"price":"159.79","seat":13},
{"price":"228.34","seat":20},
{"price":"16.68","seat":30},
{"price":"117.70","seat":40},
{"price":"84.68","seat":26},
{"price":"109.93","seat":39},
{"price":"147.31","seat":17},
{"price":"195.89","seat":7},
{"price":"184.09","seat":9},
{"price":"178.15","seat":10},
{"price":"184.07","seat":6},
{"price":"222.89","seat":3},
{"price":"145.77","seat":24},
{"price":"111.87","seat":4},
{"price":"98.63","seat":26},
{"price":"173.05","seat":32},
{"price":"52.79","seat":22},
{"price":"97.58","seat":42},
{"price":"204.09","seat":40},
{"price":"134.96","seat":12},
{"price":"106.74","seat":10},
{"price":"12.95","seat":43},
{"price":"159.70","seat":20},
{"price":"132.62","seat":19},
{"price":"143.76","seat":7},
{"price":"154.96","seat":3},
{"price":"159.39","seat":37},
{"price":"159.00","seat":14},
{"price":"230.10","seat":15},
{"price":"213.20","seat":14},
{"price":"193.91","seat":21},
{"price":"202.20","seat":44},
{"price":"176.87","seat":8},
{"price":"186.88","seat":29},
{"price":"110.50","seat":18},
{"price":"119.61","seat":39},
{"price":"156.63","seat":17},
{"price":"206.87","seat":41},
{"price":"133.02","seat":5},
{"price":"168.59","seat":4},
{"price":"88.47","seat":13},
{"price":"159.85","seat":16},
{"price":"209.88","seat":41},
{"price":"114.62","seat":38},
{"price":"203.01","seat":38},
{"price":"139.63","seat":40},
{"price":"171.74","seat":3},
{"price":"174.18","seat":4},
{"price":"31.31","seat":3},
{"price":"139.31","seat":36},
{"price":"179.47","seat":13},
{"price":"94.00","seat":35},
{"price":"57.55","seat":2},
{"price":"91.82","seat":32},
{"price":"171.92","seat":33},
{"price":"96.03","seat":17},
{"price":"77.73","seat":42},
{"price":"19.54","seat":25},
{"price":"77.68","seat":23},
{"price":"164.67","seat":17},
{"price":"167.85","seat":2},
{"price":"176.91","seat":13},
{"price":"194.86","seat":2},
{"price":"116.39","seat":40},
{"price":"111.33","seat":11},
{"price":"76.77","seat":21},
{"price":"94.50","seat":3},
{"price":"111.64","seat":26},
{"price":"178.35","seat":27},
{"price":"231.75","seat":39},
{"price":"223.92","seat":38},
{"price":"16.26","seat":32},
{"price":"214.25","seat":34},
{"price":"64.12","seat":29},
{"price":"104.84","seat":1},
{"price":"126.67","seat":2},
{"price":"73.71","seat":43},
{"price":"170.56","seat":37},
{"price":"92.63","seat":2},
{"price":"80.75","seat":6},
{"price":"191.49","seat":18},
{"price":"125.04","seat":42},
{"price":"45.15","seat":40},
{"price":"207.34","seat":38},
{"price":"19.12","seat":34},
{"price":"179.57","seat":26},
{"price":"56.50","seat":31},
{"price":"156.62","seat":7},
{"price":"44.00","seat":5},
{"price":"203.37","seat":28},
{"price":"114.79","seat":31},
{"price":"157.99","seat":33},
{"price":"112.24","seat":36},
{"price":"98.02","seat":24},
{"price":"62.82","seat":1},
{"price":"22.76","seat":23},
{"price":"83.01","seat":23},
{"price":"89.52","seat":5},
{"price":"58.45","seat":35},
{"price":"127.99","seat":20},
{"price":"124.47","seat":1},
{"price":"14.54","seat":41},
{"price":"172.89","seat":24},
{"price":"168.82","seat":10},
{"price":"218.98","seat":18},
{"price":"227.39","seat":25},
{"price":"111.80","seat":10},
{"price":"72.69","seat":36},
{"price":"137.64","seat":44},
{"price":"133.24","seat":33},
{"price":"113.15","seat":16},
{"price":"203.90","seat":28},
{"price":"143.67","seat":29},
{"price":"76.54","seat":32},
{"price":"232.53","seat":12},
{"price":"81.83","seat":15},
{"price":"164.60","seat":25},
{"price":"145.65","seat":9},
{"price":"56.02","seat":7},
{"price":"133.02","seat":20},
{"price":"77.49","seat":4},
{"price":"185.89","seat":34},
{"price":"75.69","seat":15},
{"price":"205.43","seat":21},
{"price":"163.44","seat":13},
{"price":"160.17","seat":1},
{"price":"124.70","seat":9},
{"price":"149.44","seat":4},
{"price":"184.22","seat":7},
{"price":"28.24","seat":16},
{"price":"115.68","seat":3},
{"price":"129.01","seat":26},
{"price":"88.16","seat":13},
{"price":"148.06","seat":5},
{"price":"168.62","seat":43},
{"price":"176.04","seat":13},
{"price":"113.00","seat":28},
{"price":"106.05","seat":23},
{"price":"129.20","seat":38},
{"price":"54.74","seat":15},
{"price":"174.75","seat":9},
{"price":"230.35","seat":34},
{"price":"195.29","seat":17},
{"price":"215.48","seat":12},
{"price":"125.03","seat":28},
{"price":"172.56","seat":4},
{"price":"212.26","seat":8},
{"price":"145.02","seat":43},
{"price":"141.05","seat":12},
{"price":"134.14","seat":42},
{"price":"141.13","seat":9},
{"price":"160.47","seat":35},
{"price":"116.73","seat":41},
{"price":"17.15","seat":42},
{"price":"45.15","seat":29},
{"price":"223.02","seat":33},
{"price":"22.93","seat":8},
{"price":"119.60","seat":7},
{"price":"19.83","seat":2},
{"price":"106.23","seat":3},
{"price":"19.69","seat":22},
{"price":"164.39","seat":13},
{"price":"148.49","seat":3},
{"price":"178.32","seat":6},
{"price":"123.80","seat":30},
{"price":"203.82","seat":41},
{"price":"130.20","seat":10},
{"price":"87.84","seat":2},
{"price":"177.95","seat":22},
{"price":"144.08","seat":6},
{"price":"176.90","seat":13},
{"price":"55.17","seat":40},
{"price":"205.38","seat":10},
{"price":"67.63","seat":35},
{"price":"214.93","seat":29},
{"price":"19.99","seat":39},
{"price":"227.57","seat":14},
{"price":"154.49","seat":22},
{"price":"162.69","seat":31},
{"price":"141.33","seat":37},
{"price":"101.23","seat":9},
{"price":"80.38","seat":21},
{"price":"94.09","seat":12},
{"price":"48.36","seat":11},
{"price":"55.16","seat":31},
{"price":"62.50","seat":2},
{"price":"219.50","seat":29},
{"price":"207.16","seat":14},
{"price":"116.00","seat":28},
{"price":"28.38","seat":2},
{"price":"190.85","seat":14},
{"price":"171.76","seat":42},
{"price":"89.11","seat":16},
{"price":"69.80","seat":41},
{"price":"179.62","seat":11},
{"price":"181.07","seat":29},
{"price":"132.63","seat":2},
{"price":"116.14","seat":32},
{"price":"223.51","seat":38},
{"price":"98.29","seat":32},
{"price":"211.48","seat":25},
{"price":"72.38","seat":43},
{"price":"100.21","seat":17},
{"price":"63.63","seat":23},
{"price":"151.72","seat":29},
{"price":"196.38","seat":15},
{"price":"64.51","seat":18},
{"price":"151.30","seat":13},
{"price":"56.18","seat":43},
{"price":"20.87","seat":22},
{"price":"90.61","seat":38},
{"price":"12.19","seat":8},
{"price":"222.60","seat":25},
{"price":"62.92","seat":16},
{"price":"46.06","seat":25},
{"price":"165.34","seat":31},
{"price":"144.80","seat":31},
{"price":"228.57","seat":30},
{"price":"48.63","seat":16},
{"price":"118.62","seat":25},
{"price":"112.99","seat":25},
{"price":"136.09","seat":3},
{"price":"173.10","seat":11},
{"price":"19.90","seat":31},
{"price":"35.31","seat":28},
{"price":"60.89","seat":40},
{"price":"13.19","seat":4},
{"price":"227.00","seat":27},
{"price":"77.43","seat":18},
{"price":"22.30","seat":17},
{"price":"187.36","seat":25},
{"price":"201.41","seat":14},
{"price":"43.42","seat":15},
{"price":"123.67","seat":23},
{"price":"74.80","seat":32},
{"price":"233.95","seat":30},
{"price":"139.20","seat":21},
{"price":"46.57","seat":41},
{"price":"122.11","seat":13},
{"price":"190.47","seat":32},
{"price":"194.21","seat":5},
{"price":"113.45","seat":38},
{"price":"39.92","seat":13},
{"price":"187.27","seat":32},
{"price":"53.28","seat":16},
{"price":"115.86","seat":9},
{"price":"230.41","seat":23},
{"price":"187.83","seat":4},
{"price":"144.21","seat":41},
{"price":"219.42","seat":32},
{"price":"190.87","seat":34},
{"price":"30.52","seat":32},
{"price":"208.15","seat":39},
{"price":"121.89","seat":40},
{"price":"102.18","seat":6},
{"price":"124.00","seat":7},
{"price":"191.66","seat":31},
{"price":"81.19","seat":34},
{"price":"111.34","seat":30},
{"price":"208.30","seat":32},
{"price":"135.16","seat":10},
{"price":"193.49","seat":24},
{"price":"30.47","seat":25},
{"price":"97.94","seat":8},
{"price":"150.86","seat":24},
{"price":"112.82","seat":36},
{"price":"106.32","seat":30},
{"price":"173.51","seat":3},
{"price":"178.96","seat":16},
{"price":"156.42","seat":1},
{"price":"85.66","seat":22},
{"price":"154.42","seat":5},
{"price":"24.53","seat":12},
{"price":"192.74","seat":42},
{"price":"115.23","seat":5},
{"price":"14.72","seat":4},
{"price":"34.04","seat":33},
{"price":"46.57","seat":21},
{"price":"189.68","seat":19},
{"price":"100.49","seat":43},
{"price":"132.44","seat":15},
{"price":"121.88","seat":16},
{"price":"201.68","seat":33},
{"price":"45.46","seat":34},
{"price":"179.44","seat":43},
{"price":"98.65","seat":20},
{"price":"167.04","seat":21},
{"price":"31.23","seat":38},
{"price":"156.96","seat":32},
{"price":"69.45","seat":25},
{"price":"138.90","seat":20},
{"price":"143.95","seat":13},
{"price":"154.80","seat":14},
{"price":"68.64","seat":42},
{"price":"153.58","seat":34},
{"price":"229.68","seat":4},
{"price":"129.59","seat":7},
{"price":"217.45","seat":42},
{"price":"137.01","seat":4},
{"price":"196.65","seat":1},
{"price":"112.22","seat":21},
{"price":"154.90","seat":21},
{"price":"81.61","seat":4},
{"price":"86.56","seat":5},
{"price":"175.16","seat":22},
{"price":"143.33","seat":41},
{"price":"226.91","seat":36},
{"price":"103.79","seat":21},
{"price":"191.41","seat":43},
{"price":"14.81","seat":39},
{"price":"45.61","seat":8},
{"price":"59.40","seat":39},
{"price":"163.12","seat":9},
{"price":"154.47","seat":44},
{"price":"32.09","seat":30},
{"price":"190.82","seat":42},
{"price":"114.38","seat":36},
{"price":"41.95","seat":21},
{"price":"26.68","seat":32},
{"price":"159.42","seat":9},
{"price":"165.19","seat":10},
{"price":"202.29","seat":36},
{"price":"69.96","seat":12},
{"price":"225.70","seat":42},
{"price":"168.43","seat":11},
{"price":"101.24","seat":42},
{"price":"85.48","seat":20},
{"price":"83.42","seat":16},
{"price":"122.65","seat":8},
{"price":"30.13","seat":40},
{"price":"104.66","seat":15},
{"price":"172.05","seat":9},
{"price":"82.20","seat":27},
{"price":"132.47","seat":13},
{"price":"178.27","seat":37},
{"price":"153.35","seat":23},
{"price":"24.84","seat":11},
{"price":"169.57","seat":14},
{"price":"29.00","seat":35},
{"price":"16.57","seat":5},
{"price":"221.53","seat":24},
{"price":"39.90","seat":32},
{"price":"29.14","seat":32},
{"price":"169.91","seat":26},
{"price":"146.16","seat":7},
{"price":"81.61","seat":13},
{"price":"164.36","seat":15},
{"price":"158.34","seat":3},
{"price":"19.98","seat":15},
{"price":"62.21","seat":23},
{"price":"182.18","seat":4},
{"price":"49.27","seat":29},
{"price":"94.27","seat":34},
{"price":"15.91","seat":31},
{"price":"177.61","seat":22},
{"price":"50.12","seat":15},
{"price":"36.12","seat":16},
{"price":"107.80","seat":40},
{"price":"109.74","seat":6},
{"price":"74.03","seat":21},
{"price":"50.44","seat":17},
{"price":"113.47","seat":36},
{"price":"215.04","seat":34},
{"price":"179.10","seat":40},
{"price":"204.21","seat":8},
{"price":"219.46","seat":35},
{"price":"92.84","seat":18},
{"price":"202.92","seat":13},
{"price":"68.76","seat":25},
{"price":"52.01","seat":24},
{"price":"137.44","seat":36},
{"price":"13.75","seat":34},
{"price":"152.15","seat":16},
{"price":"59.33","seat":38},
{"price":"125.71","seat":14},
{"price":"81.79","seat":12},
{"price":"73.86","seat":30},
{"price":"177.68","seat":3},
{"price":"99.40","seat":27},
{"price":"107.55","seat":3},
{"price":"197.59","seat":31},
{"price":"73.94","seat":23}]