[{"name":"Vila Fria","country":"Portugal"},
{"name":"Nancha","country":"China"},
{"name":"Huitang","country":"China"},
{"name":"Iniö","country":"Finland"},
{"name":"Corral","country":"Chile"},
{"name":"Volodarka","country":"Ukraine"},
{"name":"Metsavan","country":"Armenia"},
{"name":"Voždovac","country":"Serbia"},
{"name":"Randfontein","country":"South Africa"},
{"name":"Ancenis","country":"France"},
{"name":"Sandviken","country":"Sweden"},
{"name":"Haukipudas","country":"Finland"},
{"name":"Songculan","country":"Philippines"},
{"name":"Vila Alva","country":"Portugal"},
{"name":"Condado","country":"Cuba"},
{"name":"Trångsund","country":"Sweden"},
{"name":"Rāiwind","country":"Pakistan"},
{"name":"Chicago","country":"United States"},
{"name":"Železná Ruda","country":"Czech Republic"},
{"name":"Seversk","country":"Russia"},
{"name":"Dachuan","country":"China"},
{"name":"Nālūt","country":"Libya"},
{"name":"Kaset Wisai","country":"Thailand"},
{"name":"Kaduranca","country":"Indonesia"},
{"name":"Depapre","country":"Indonesia"},
{"name":"Canalete","country":"Colombia"},
{"name":"Paranapanema","country":"Brazil"},
{"name":"Krotoszyn","country":"Poland"},
{"name":"Daixi","country":"China"},
{"name":"Getulio","country":"Philippines"},
{"name":"Ob’","country":"Russia"},
{"name":"Casal","country":"Portugal"},
{"name":"Liujia","country":"China"},
{"name":"Falefa","country":"Samoa"},
{"name":"Spasskoye-Lutovinovo","country":"Russia"},
{"name":"Victoria","country":"Grenada"},
{"name":"Cleveland","country":"United States"},
{"name":"Shinao","country":"China"},
{"name":"Mīr Bachah Kōṯ","country":"Afghanistan"},
{"name":"Richmond","country":"United States"},
{"name":"Campurrejo","country":"Indonesia"},
{"name":"Miguel Hidalgo","country":"Mexico"},
{"name":"Castanheira de Pêra","country":"Portugal"},
{"name":"Ershilipu","country":"China"},
{"name":"Al Jawf","country":"Libya"},
{"name":"Santa Luzia","country":"Portugal"},
{"name":"Jiaojie","country":"China"},
{"name":"Maglaj","country":"Bosnia and Herzegovina"},
{"name":"Kudinovo","country":"Russia"},
{"name":"Yamen","country":"China"},
{"name":"Duki","country":"Pakistan"},
{"name":"Rymanów","country":"Poland"},
{"name":"Non Narai","country":"Thailand"},
{"name":"Chalcos","country":"Peru"},
{"name":"San Juan de Colón","country":"Venezuela"},
{"name":"Ayabaca","country":"Peru"},
{"name":"Shekou","country":"China"},
{"name":"Pinega","country":"Russia"},
{"name":"Kambar","country":"Pakistan"},
{"name":"Dapuchaihe","country":"China"},
{"name":"Tongzi","country":"China"},
{"name":"Yongchang","country":"China"},
{"name":"Niquinohomo","country":"Nicaragua"},
{"name":"Kannus","country":"Finland"},
{"name":"Enschede","country":"Netherlands"},
{"name":"Pitanga","country":"Brazil"},
{"name":"Bao’an","country":"China"},
{"name":"Пласница","country":"Macedonia"},
{"name":"Bundoran","country":"Ireland"},
{"name":"Néa Manolás","country":"Greece"},
{"name":"Ronneby","country":"Sweden"},
{"name":"Bella Vista","country":"Paraguay"},
{"name":"Candelaria","country":"Colombia"},
{"name":"Cergy-Pontoise","country":"France"},
{"name":"Kapatagan","country":"Philippines"},
{"name":"Slavs’ke","country":"Ukraine"},
{"name":"Osan","country":"South Korea"},
{"name":"Paris 12","country":"France"},
{"name":"Xinyang","country":"China"},
{"name":"Binuangan","country":"Philippines"},
{"name":"Kyra","country":"Russia"},
{"name":"Boa Esperança","country":"Brazil"},
{"name":"Oldřišov","country":"Czech Republic"},
{"name":"Perštejn","country":"Czech Republic"},
{"name":"Entre Rios","country":"Brazil"},
{"name":"Zhangdiyingzi","country":"China"},
{"name":"Matozinhos","country":"Brazil"},
{"name":"Kapuskasing","country":"Canada"},
{"name":"Bairro","country":"Portugal"},
{"name":"Pindi Gheb","country":"Pakistan"},
{"name":"Infonavit","country":"Mexico"},
{"name":"Svecha","country":"Russia"},
{"name":"Sanshan","country":"China"},
{"name":"Iţsā","country":"Egypt"},
{"name":"Suure-Jaani","country":"Estonia"},
{"name":"Rakek","country":"Slovenia"},
{"name":"Carquefou","country":"France"},
{"name":"Pulau Pinang","country":"Malaysia"},
{"name":"Tasböget","country":"Kazakhstan"},
{"name":"Obihiro","country":"Japan"},
{"name":"Joal-Fadiout","country":"Senegal"},
{"name":"Sakrand","country":"Pakistan"},
{"name":"Devitsa","country":"Russia"},
{"name":"Médanos","country":"Argentina"},
{"name":"Babakan","country":"Indonesia"},
{"name":"Huixian Chengguanzhen","country":"China"},
{"name":"Zoetermeer","country":"Netherlands"},
{"name":"Muskegon","country":"United States"},
{"name":"Östersund","country":"Sweden"},
{"name":"Chebba","country":"Tunisia"},
{"name":"Morrito","country":"Nicaragua"},
{"name":"Tiberias","country":"Israel"},
{"name":"Umeå","country":"Sweden"},
{"name":"Kiruru","country":"Indonesia"},
{"name":"Kaolinovo","country":"Bulgaria"},
{"name":"Uppsala","country":"Sweden"},
{"name":"Dabbūrīya","country":"Israel"},
{"name":"Safed","country":"Israel"},
{"name":"San José de Comayagua","country":"Honduras"},
{"name":"Cizhu","country":"China"},
{"name":"El Paso","country":"United States"},
{"name":"Schieren","country":"Luxembourg"},
{"name":"Caujul","country":"Peru"},
{"name":"Bāmyān","country":"Afghanistan"},
{"name":"Guimarães","country":"Portugal"},
{"name":"Lekaj","country":"Albania"},
{"name":"Ibagué","country":"Colombia"},
{"name":"Shuhe","country":"China"},
{"name":"Głuchołazy","country":"Poland"},
{"name":"Sarapul","country":"Russia"},
{"name":"Cimanglid","country":"Indonesia"},
{"name":"Kepuh","country":"Indonesia"},
{"name":"Götene","country":"Sweden"},
{"name":"Oslo","country":"Norway"},
{"name":"Cabalaoangan","country":"Philippines"},
{"name":"Kubangeceng","country":"Indonesia"},
{"name":"Thị Trấn Quán Lào","country":"Vietnam"},
{"name":"Leeuwarden","country":"Netherlands"},
{"name":"Bourges","country":"France"},
{"name":"Werangere","country":"Indonesia"},
{"name":"El Bálsamo","country":"Honduras"},
{"name":"Dalupirip","country":"Philippines"},
{"name":"Auna","country":"Nigeria"},
{"name":"Ashchysay","country":"Kazakhstan"},
{"name":"Taboc","country":"Philippines"},
{"name":"Huilong","country":"China"},
{"name":"Jinjia","country":"China"},
{"name":"Jamao al Norte","country":"Dominican Republic"},
{"name":"Brčko","country":"Bosnia and Herzegovina"},
{"name":"Sparks","country":"United States"},
{"name":"Berlin","country":"Germany"},
{"name":"Sozopol","country":"Bulgaria"},
{"name":"Bilajari","country":"Azerbaijan"},
{"name":"Kachar","country":"Kazakhstan"},
{"name":"Pedreira","country":"Brazil"},
{"name":"Xiaoqi","country":"China"},
{"name":"Slutsk","country":"Belarus"},
{"name":"Nowe Brzesko","country":"Poland"},
{"name":"Wudabao","country":"China"},
{"name":"São Sebastião","country":"Portugal"},
{"name":"Qiling","country":"China"},
{"name":"Znamenskoye","country":"Russia"},
{"name":"Heshi","country":"China"},
{"name":"Belize City","country":"Belize"},
{"name":"Amolatar","country":"Uganda"},
{"name":"Sumberejo","country":"Indonesia"},
{"name":"Buchou","country":"China"},
{"name":"Oświęcim","country":"Poland"},
{"name":"Cikembar","country":"Indonesia"},
{"name":"Padhahegha","country":"Indonesia"},
{"name":"Nam Sách","country":"Vietnam"},
{"name":"Nezvěstice","country":"Czech Republic"},
{"name":"Kingsey Falls","country":"Canada"},
{"name":"Opochka","country":"Russia"},
{"name":"Kerasochóri","country":"Greece"},
{"name":"Rungis","country":"France"},
{"name":"Losari","country":"Indonesia"},
{"name":"Jambeyan","country":"Indonesia"},
{"name":"Hannover","country":"Germany"},
{"name":"Hezhang","country":"China"},
{"name":"Matara","country":"Sri Lanka"},
{"name":"Vukojevci","country":"Croatia"},
{"name":"Providencia","country":"Peru"},
{"name":"Karnice","country":"Poland"},
{"name":"Sarongan","country":"Indonesia"},
{"name":"Paris 15","country":"France"},
{"name":"Bantian","country":"China"},
{"name":"Velké Opatovice","country":"Czech Republic"},
{"name":"Selaparang Timur","country":"Indonesia"},
{"name":"Hendala","country":"Sri Lanka"},
{"name":"Benešov nad Ploučnicí","country":"Czech Republic"},
{"name":"Qingnianlu","country":"China"},
{"name":"Karangpete","country":"Indonesia"},
{"name":"Al Maşlūb","country":"Yemen"},
{"name":"Nandayure","country":"Costa Rica"},
{"name":"Agana Heights Village","country":"Guam"},
{"name":"Plei Kần","country":"Vietnam"},
{"name":"Lubu","country":"China"},
{"name":"Gagarawa","country":"Nigeria"},
{"name":"Grahamstown","country":"South Africa"},
{"name":"Hamhŭng","country":"North Korea"},
{"name":"Būrabay","country":"Kazakhstan"},
{"name":"Pahārpur","country":"Pakistan"},
{"name":"Bururi","country":"Burundi"},
{"name":"Vladivostok","country":"Russia"},
{"name":"Youyang","country":"China"},
{"name":"Sanming","country":"China"},
{"name":"Conner","country":"Philippines"},
{"name":"Boa Esperança","country":"Brazil"},
{"name":"Hirvensalmi","country":"Finland"},
{"name":"Stari Grad","country":"Croatia"},
{"name":"Karanganyar","country":"Indonesia"},
{"name":"Airmata","country":"Indonesia"},
{"name":"Shuitai","country":"China"},
{"name":"Mo I Rana","country":"Norway"},
{"name":"Agualva de Cima","country":"Portugal"},
{"name":"Mambi","country":"Indonesia"},
{"name":"Dukuhtengah","country":"Indonesia"},
{"name":"San Francisco","country":"Argentina"},
{"name":"Bezlyudivka","country":"Ukraine"},
{"name":"Ndom","country":"Cameroon"},
{"name":"Nan’an","country":"China"},
{"name":"Sembabule","country":"Uganda"},
{"name":"Yuzhai","country":"China"},
{"name":"Yubileynyy","country":"Russia"},
{"name":"Kembang","country":"Indonesia"},
{"name":"Cabalawan","country":"Philippines"},
{"name":"Cruz","country":"Portugal"},
{"name":"Zagreb","country":"Croatia"},
{"name":"Zhangduangu","country":"China"},
{"name":"Petrijevci","country":"Croatia"},
{"name":"Serebryanyye Prudy","country":"Russia"},
{"name":"Gorang","country":"Indonesia"},
{"name":"Salām Khēl","country":"Afghanistan"},
{"name":"Jinhua","country":"China"},
{"name":"Ropcha","country":"Ukraine"},
{"name":"Dayingjie","country":"China"},
{"name":"Mabugang","country":"China"},
{"name":"Dukuhsia","country":"Indonesia"},
{"name":"Tambo","country":"Philippines"},
{"name":"Hämeenkoski","country":"Finland"},
{"name":"Nelson","country":"Canada"},
{"name":"Sydney","country":"Australia"},
{"name":"Irvine","country":"United States"},
{"name":"Solidaridad","country":"Mexico"},
{"name":"Sobinka","country":"Russia"},
{"name":"Cabcaben","country":"Philippines"},
{"name":"Paris 03","country":"France"},
{"name":"Fengshan","country":"China"},
{"name":"Darkovice","country":"Czech Republic"},
{"name":"Wuqiao","country":"China"},
{"name":"Cipicung Timur","country":"Indonesia"},
{"name":"Cilentung","country":"Indonesia"},
{"name":"Nevel’","country":"Russia"},
{"name":"Maoshan","country":"China"},
{"name":"Dalubian","country":"China"},
{"name":"Peterhof","country":"Russia"},
{"name":"Soweto","country":"South Africa"},
{"name":"Foros de Salvaterra","country":"Portugal"},
{"name":"Zheng’an","country":"China"},
{"name":"Yipeng","country":"China"},
{"name":"Cergy-Pontoise","country":"France"},
{"name":"Newport News","country":"United States"},
{"name":"Sobo","country":"Indonesia"},
{"name":"Kirovgrad","country":"Russia"},
{"name":"Huangjingba","country":"China"},
{"name":"Leninskoye","country":"Russia"},
{"name":"Znamenskoye","country":"Russia"},
{"name":"Všenory","country":"Czech Republic"},
{"name":"Aného","country":"Togo"},
{"name":"Wenquan","country":"China"},
{"name":"Nanhe","country":"China"},
{"name":"Pavlodar","country":"Kazakhstan"},
{"name":"Fukuchiyama","country":"Japan"},
{"name":"Tuti","country":"Peru"},
{"name":"Tyoply Stan","country":"Russia"},
{"name":"Blagoevgrad","country":"Bulgaria"},
{"name":"Wenping","country":"China"},
{"name":"Pruchnik","country":"Poland"},
{"name":"Sendangkemulian","country":"Indonesia"},
{"name":"New York City","country":"United States"},
{"name":"Taiping","country":"China"},
{"name":"Pamplona/Iruña","country":"Spain"},
{"name":"Maldonado","country":"Uruguay"},
{"name":"Shujāābād","country":"Pakistan"},
{"name":"Gordon Town","country":"Jamaica"},
{"name":"Mercedes","country":"Philippines"},
{"name":"La Suiza","country":"Costa Rica"},
{"name":"Callahuanca","country":"Peru"},
{"name":"Dolna Banjica","country":"Macedonia"},
{"name":"Tiassalé","country":"Ivory Coast"},
{"name":"Pingtan","country":"China"},
{"name":"Telmin Suma","country":"Mongolia"},
{"name":"Solna","country":"Sweden"},
{"name":"Kāleke Mandi","country":"Pakistan"},
{"name":"Kuandian","country":"China"},
{"name":"Newark","country":"United States"},
{"name":"Lela","country":"Indonesia"},
{"name":"Shaxi","country":"China"},
{"name":"Toledo","country":"United States"},
{"name":"Dolna Banjica","country":"Macedonia"},
{"name":"Wakefield","country":"New Zealand"},
{"name":"Molina","country":"Chile"},
{"name":"Karangmulyo","country":"Indonesia"},
{"name":"Tvŭrditsa","country":"Bulgaria"},
{"name":"Naberera","country":"Tanzania"},
{"name":"Jackson","country":"United States"},
{"name":"Aqqan","country":"China"},
{"name":"Al Jadīd","country":"Libya"},
{"name":"Miami","country":"United States"},
{"name":"San Francisco","country":"Philippines"},
{"name":"Al Qaţīf","country":"Saudi Arabia"},
{"name":"Laibin","country":"China"},
{"name":"Krajan Dua Sumbersari","country":"Indonesia"},
{"name":"North Shore","country":"New Zealand"},
{"name":"Fažana","country":"Croatia"},
{"name":"Nowa Sól","country":"Poland"},
{"name":"Raczki","country":"Poland"},
{"name":"Zhicheng","country":"China"},
{"name":"Arrabal","country":"Portugal"},
{"name":"Vigia","country":"Brazil"},
{"name":"Baní","country":"Dominican Republic"},
{"name":"Fargo","country":"United States"},
{"name":"Watubuku","country":"Indonesia"},
{"name":"Ängelholm","country":"Sweden"},
{"name":"Richmond","country":"United States"},
{"name":"Al Fayyūm","country":"Egypt"},
{"name":"Montería","country":"Colombia"},
{"name":"Nofoali‘i","country":"Samoa"},
{"name":"Mugumu","country":"Tanzania"},
{"name":"Dunlewy","country":"Ireland"},
{"name":"Pavlovskaya","country":"Russia"},
{"name":"Wujing","country":"China"},
{"name":"Strellc i Epërm","country":"Kosovo"},
{"name":"Kowary","country":"Poland"},
{"name":"Vallenar","country":"Chile"},
{"name":"Luoxi","country":"China"},
{"name":"Wintzenheim","country":"France"},
{"name":"Nagpandayan","country":"Philippines"},
{"name":"Shencun","country":"China"},
{"name":"Jiushe","country":"China"},
{"name":"Manfalūţ","country":"Egypt"},
{"name":"Krasnofarfornyy","country":"Russia"},
{"name":"Hongsipu","country":"China"},
{"name":"Sumqayıt","country":"Azerbaijan"},
{"name":"Xiangrong","country":"China"},
{"name":"Pore","country":"Colombia"},
{"name":"Concepción de Ataco","country":"El Salvador"},
{"name":"Kālia","country":"Bangladesh"},
{"name":"Saint George's","country":"Grenada"},
{"name":"Bangrat","country":"Indonesia"},
{"name":"Sumbersih","country":"Indonesia"},
{"name":"Soroti","country":"Uganda"},
{"name":"Kuala Terengganu","country":"Malaysia"},
{"name":"Washington","country":"United States"},
{"name":"Jitian","country":"China"},
{"name":"Kyparissía","country":"Greece"},
{"name":"Liurenba","country":"China"},
{"name":"Chornoliztsi","country":"Ukraine"},
{"name":"Doropayung","country":"Indonesia"},
{"name":"Limoges","country":"France"},
{"name":"La Mesa","country":"Panama"},
{"name":"São Mateus","country":"Portugal"},
{"name":"Karvia","country":"Finland"},
{"name":"Xinxu","country":"China"},
{"name":"Tabuc Pontevedra","country":"Philippines"},
{"name":"Pombas","country":"Cape Verde"},
{"name":"Sukaraja","country":"Indonesia"},
{"name":"Kitapak","country":"Philippines"},
{"name":"Hägersten","country":"Sweden"},
{"name":"Golina","country":"Poland"},
{"name":"Asan-Maina Village","country":"Guam"},
{"name":"Shenkou","country":"China"},
{"name":"Grand Forks","country":"United States"},
{"name":"Karolino-Buhaz","country":"Ukraine"},
{"name":"Blois","country":"France"},
{"name":"Houxixi","country":"China"},
{"name":"Quanshang","country":"China"},
{"name":"Bela Vista","country":"Brazil"},
{"name":"Gorbatov","country":"Russia"},
{"name":"Qingxi","country":"China"},
{"name":"Picton","country":"Canada"},
{"name":"Thị Trấn Yên Cát","country":"Vietnam"},
{"name":"Tras Cerros","country":"Honduras"},
{"name":"Bagiktinggang","country":"Indonesia"},
{"name":"Seydi","country":"Turkmenistan"},
{"name":"Sidon","country":"Lebanon"},
{"name":"Ogoja","country":"Nigeria"},
{"name":"Suka Makmue","country":"Indonesia"},
{"name":"Middelburg","country":"Netherlands"},
{"name":"Itapé","country":"Paraguay"},
{"name":"Sel’tso","country":"Russia"},
{"name":"Nancang","country":"China"},
{"name":"Dongjiao","country":"China"},
{"name":"Dananshan","country":"China"},
{"name":"Bayḩān","country":"Yemen"},
{"name":"Tyresö","country":"Sweden"},
{"name":"Dzoraghbyur","country":"Armenia"},
{"name":"Digne-les-Bains","country":"France"},
{"name":"Marāveh Tappeh","country":"Iran"},
{"name":"Kasongo","country":"Democratic Republic of the Congo"},
{"name":"Ban Phue","country":"Thailand"},
{"name":"Ulan Hua","country":"China"},
{"name":"Moñitos","country":"Colombia"},
{"name":"Cordova","country":"Philippines"},
{"name":"Sumberkenanga","country":"Indonesia"},
{"name":"Hagerstown","country":"United States"},
{"name":"Herrera","country":"Philippines"},
{"name":"Krasnyy Profintern","country":"Russia"},
{"name":"Napanee Downtown","country":"Canada"},
{"name":"Peterhof","country":"Russia"},
{"name":"Unaí","country":"Brazil"},
{"name":"Bordeaux","country":"France"},
{"name":"Sofiyivka","country":"Ukraine"},
{"name":"Volkhov","country":"Russia"},
{"name":"Makoko","country":"Nigeria"},
{"name":"Hengshanqiao","country":"China"},
{"name":"Michałów","country":"Poland"},
{"name":"Iqaluit","country":"Canada"},
{"name":"Concordia","country":"Argentina"},
{"name":"Komorów","country":"Poland"},
{"name":"Bogoroditsk","country":"Russia"},
{"name":"Krzyżanów","country":"Poland"},
{"name":"Siruma","country":"Philippines"},
{"name":"Mozdok","country":"Russia"},
{"name":"Petung","country":"Indonesia"},
{"name":"Magdaleno Aguilar","country":"Mexico"},
{"name":"Sancti Spíritus","country":"Cuba"},
{"name":"Fushan","country":"China"},
{"name":"Weetobula","country":"Indonesia"},
{"name":"Pueblo Nuevo","country":"Peru"},
{"name":"Burunday","country":"Kazakhstan"},
{"name":"Pancol","country":"Philippines"},
{"name":"Tlučná","country":"Czech Republic"},
{"name":"Radostowice","country":"Poland"},
{"name":"Francisco I Madero","country":"Mexico"},
{"name":"Lincheng","country":"China"},
{"name":"Évry","country":"France"},
{"name":"Couto","country":"Portugal"},
{"name":"Concórdia","country":"Brazil"},
{"name":"Göteborg","country":"Sweden"},
{"name":"Guadalupe","country":"Costa Rica"},
{"name":"Komiža","country":"Croatia"},
{"name":"Slavuta","country":"Ukraine"},
{"name":"Kilju","country":"North Korea"},
{"name":"Delgerhaan","country":"Mongolia"},
{"name":"Ignalina","country":"Lithuania"},
{"name":"Chantilly","country":"France"},
{"name":"Krutinka","country":"Russia"},
{"name":"Romorantin-Lanthenay","country":"France"},
{"name":"Mataigou","country":"China"},
{"name":"Grabów","country":"Poland"},
{"name":"Cotia","country":"Brazil"},
{"name":"Nichinan","country":"Japan"},
{"name":"Kongjiang","country":"China"},
{"name":"Stuttgart","country":"Germany"},
{"name":"San Jose","country":"United States"},
{"name":"San Pedro","country":"Belize"},
{"name":"Teeli","country":"Russia"},
{"name":"Changshou","country":"China"},
{"name":"Cocobeach","country":"Gabon"},
{"name":"Fort Lauderdale","country":"United States"},
{"name":"Emiliano Zapata","country":"Mexico"},
{"name":"San Antonio","country":"United States"},
{"name":"Huanglong","country":"China"},
{"name":"San Simón","country":"Venezuela"},
{"name":"Štore","country":"Slovenia"},
{"name":"Salgado","country":"Brazil"},
{"name":"Itoigawa","country":"Japan"},
{"name":"Pojan","country":"Albania"},
{"name":"Toyooka","country":"Japan"},
{"name":"Koška","country":"Croatia"},
{"name":"Penedo","country":"Portugal"},
{"name":"Sīnah","country":"Iraq"},
{"name":"Quellouno","country":"Peru"},
{"name":"Tak","country":"Thailand"},
{"name":"Aizi","country":"China"},
{"name":"Montemor-o-Velho","country":"Portugal"},
{"name":"Arlington","country":"United States"},
{"name":"Leuburi","country":"Indonesia"},
{"name":"Yongfeng","country":"China"},
{"name":"Novocherkassk","country":"Russia"},
{"name":"Všemina","country":"Czech Republic"},
{"name":"Xuxiake","country":"China"},
{"name":"Qümong","country":"China"},
{"name":"Santa Cruz del Sur","country":"Cuba"},
{"name":"Krajan Gading","country":"Indonesia"},
{"name":"Huayan","country":"China"},
{"name":"Lille","country":"France"},
{"name":"Neftegorsk","country":"Russia"},
{"name":"Ojo de Agua","country":"Mexico"},
{"name":"Marsaxlokk","country":"Malta"},
{"name":"Buçimas","country":"Albania"},
{"name":"Corupá","country":"Brazil"},
{"name":"Jiujiang","country":"China"},
{"name":"Molodizhne","country":"Ukraine"},
{"name":"Zhangfeng","country":"China"},
{"name":"Ushiku","country":"Japan"},
{"name":"Foxrock","country":"Ireland"},
{"name":"Kabir","country":"Indonesia"},
{"name":"Qo’ng’irot Shahri","country":"Uzbekistan"},
{"name":"Daxi","country":"China"},
{"name":"Quezon","country":"Philippines"},
{"name":"Nāḩiyat Hīrān","country":"Iraq"},
{"name":"Dongzha","country":"China"},
{"name":"Ncue","country":"Equatorial Guinea"},
{"name":"Quxi","country":"China"},
{"name":"Douz","country":"Tunisia"},
{"name":"Guanzhou","country":"China"},
{"name":"Guanagazapa","country":"Guatemala"},
{"name":"Colonias Unidas","country":"Argentina"},
{"name":"Shahkot","country":"Pakistan"},
{"name":"Jelisavac","country":"Croatia"},
{"name":"Aourir","country":"Morocco"},
{"name":"Rouyuan","country":"China"},
{"name":"Bologna","country":"Italy"},
{"name":"Cieurih Satu","country":"Indonesia"},
{"name":"Lae","country":"Papua New Guinea"},
{"name":"Houping","country":"China"},
{"name":"Ringinagung","country":"Indonesia"},
{"name":"Jincheng","country":"Taiwan"},
{"name":"Xinfengjie","country":"China"},
{"name":"Shaochang","country":"China"},
{"name":"Kawasaki","country":"Japan"},
{"name":"Xiangfu","country":"China"},
{"name":"Khon Buri","country":"Thailand"},
{"name":"Akhtopol","country":"Bulgaria"},
{"name":"Siluman","country":"Indonesia"},
{"name":"Spandaryan","country":"Armenia"},
{"name":"Aţ Ţurrah","country":"Jordan"},
{"name":"Balibagan Oeste","country":"Philippines"},
{"name":"Seattle","country":"United States"},
{"name":"Quanshang","country":"China"},
{"name":"Dasha","country":"China"},
{"name":"Leifeng","country":"China"},
{"name":"Puerto Cabezas","country":"Nicaragua"},
{"name":"Popova","country":"Russia"},
{"name":"Norrköping","country":"Sweden"},
{"name":"Enköping","country":"Sweden"},
{"name":"Odiong","country":"Philippines"},
{"name":"Liuzu","country":"China"},
{"name":"Bertelhe","country":"Portugal"},
{"name":"Challas","country":"Peru"},
{"name":"Silihe","country":"China"},
{"name":"Zaprudnya","country":"Russia"},
{"name":"Orsk","country":"Russia"},
{"name":"Toulon","country":"France"},
{"name":"Alangalang","country":"Philippines"},
{"name":"Cajamar","country":"Brazil"},
{"name":"Älvsjö","country":"Sweden"},
{"name":"Samouco","country":"Portugal"},
{"name":"Nangka","country":"Philippines"},
{"name":"San Agustin","country":"Philippines"},
{"name":"Juliaca","country":"Peru"},
{"name":"Taling","country":"China"},
{"name":"Datar","country":"Indonesia"},
{"name":"Tanahwulan","country":"Indonesia"},
{"name":"Cinyasag","country":"Indonesia"},
{"name":"Joutseno","country":"Finland"},
{"name":"Negararatu","country":"Indonesia"},
{"name":"Bondoboghila","country":"Indonesia"},
{"name":"Barbacoas","country":"Venezuela"},
{"name":"Ziketan","country":"China"},
{"name":"Zhangdun","country":"China"},
{"name":"Sanankerto","country":"Indonesia"},
{"name":"Ayaviri","country":"Peru"},
{"name":"Zea","country":"Venezuela"},
{"name":"Adelaide Mail Centre","country":"Australia"},
{"name":"Ikalamavony","country":"Madagascar"},
{"name":"Makar’yev","country":"Russia"},
{"name":"Tála","country":"Cyprus"},
{"name":"Oslo","country":"Norway"},
{"name":"Racine","country":"United States"},
{"name":"Houjia","country":"China"},
{"name":"Wuquan","country":"China"},
{"name":"Long’anqiao","country":"China"},
{"name":"Baoquan","country":"China"},
{"name":"Casal","country":"Portugal"},
{"name":"Oslo","country":"Norway"},
{"name":"Dolní Bojanovice","country":"Czech Republic"},
{"name":"Vingåker","country":"Sweden"},
{"name":"Shufeng","country":"China"},
{"name":"Mýki","country":"Greece"},
{"name":"Oslo","country":"Norway"},
{"name":"Straszyn","country":"Poland"},
{"name":"Göteborg","country":"Sweden"},
{"name":"Comapa","country":"Guatemala"},
{"name":"Johogunung","country":"Indonesia"},
{"name":"Gresik","country":"Indonesia"},
{"name":"Royan","country":"France"},
{"name":"Nangka","country":"Indonesia"},
{"name":"Zhongba","country":"China"},
{"name":"Sumber Tengah","country":"Indonesia"},
{"name":"Ledenice","country":"Czech Republic"},
{"name":"Reims","country":"France"},
{"name":"Bulnes","country":"Chile"},
{"name":"Kosmach","country":"Ukraine"},
{"name":"Donskoye","country":"Russia"},
{"name":"Benito Juarez","country":"Mexico"},
{"name":"Tarata","country":"Bolivia"},
{"name":"Kadudampit","country":"Indonesia"},
{"name":"Ixopo","country":"South Africa"},
{"name":"Khūgyāṉī","country":"Afghanistan"},
{"name":"Soure","country":"Portugal"},
{"name":"Artur Nogueira","country":"Brazil"},
{"name":"Albufeira","country":"Portugal"},
{"name":"Itu","country":"Nigeria"},
{"name":"Morales","country":"Colombia"},
{"name":"Matos da Ranha","country":"Portugal"},
{"name":"Chocope","country":"Peru"},
{"name":"Spas-Klepiki","country":"Russia"},
{"name":"Kunyang","country":"China"},
{"name":"Danxi","country":"China"},
{"name":"Machikou","country":"China"},
{"name":"Sacramento","country":"United States"},
{"name":"Pulo","country":"Philippines"},
{"name":"Železniki","country":"Slovenia"},
{"name":"Morteros","country":"Argentina"},
{"name":"Kampungmasjid","country":"Indonesia"},
{"name":"Kenarilang","country":"Indonesia"},
{"name":"Canomoy","country":"Philippines"},
{"name":"Lukavice","country":"Czech Republic"},
{"name":"Béziers","country":"France"},
{"name":"Jishan","country":"China"},
{"name":"Mariestad","country":"Sweden"},
{"name":"Mamanguape","country":"Brazil"},
{"name":"Urcos","country":"Peru"},
{"name":"Nanhe","country":"China"},
{"name":"Zhongling","country":"China"},
{"name":"Yuzawa","country":"Japan"},
{"name":"Shanxi","country":"China"},
{"name":"Regulice","country":"Poland"},
{"name":"Guiwu","country":"China"},
{"name":"Jonquière","country":"Canada"},
{"name":"Kolpny","country":"Russia"},
{"name":"Baranowo","country":"Poland"},
{"name":"Laylay","country":"Philippines"},
{"name":"Kvasy","country":"Ukraine"},
{"name":"Tifni","country":"Morocco"},
{"name":"Shimabara","country":"Japan"},
{"name":"Shanjiao","country":"China"},
{"name":"Veyno","country":"Belarus"},
{"name":"Solna","country":"Sweden"},
{"name":"Phitsanulok","country":"Thailand"},
{"name":"Akhtopol","country":"Bulgaria"},
{"name":"Jiyang","country":"China"},
{"name":"Dallas","country":"United States"},
{"name":"Vimmerby","country":"Sweden"},
{"name":"Arenas","country":"Philippines"},
{"name":"Xylotymbou","country":"Cyprus"},
{"name":"Queimados","country":"Brazil"},
{"name":"Melíki","country":"Greece"},
{"name":"L'viv","country":"Ukraine"},
{"name":"Calumpang","country":"Philippines"},
{"name":"Tongle","country":"China"},
{"name":"Matagami","country":"Canada"},
{"name":"Wairiang","country":"Indonesia"},
{"name":"Hongtian","country":"China"},
{"name":"Tangqian","country":"China"},
{"name":"Naebugis","country":"Indonesia"},
{"name":"Mbomba","country":"Indonesia"},
{"name":"Nanterre","country":"France"},
{"name":"Złotoryja","country":"Poland"},
{"name":"Barobo","country":"Philippines"},
{"name":"Venlo","country":"Netherlands"},
{"name":"Kongjiang","country":"China"},
{"name":"Muyuka","country":"Cameroon"},
{"name":"Zombo","country":"Uganda"},
{"name":"Alquerubim","country":"Portugal"},
{"name":"Petaẖ Tiqwa","country":"Israel"},
{"name":"San Carlos de Bolívar","country":"Argentina"},
{"name":"Qarshi","country":"Uzbekistan"},
{"name":"Zhen’an","country":"China"},
{"name":"Chanhe","country":"China"},
{"name":"Talalora","country":"Philippines"},
{"name":"Dieppe","country":"France"},
{"name":"Repnoye","country":"Russia"},
{"name":"Zhuji","country":"China"},
{"name":"Zábřeh","country":"Czech Republic"},
{"name":"Zhongdeng","country":"China"},
{"name":"Gąsocin","country":"Poland"},
{"name":"Curiapo","country":"Venezuela"},
{"name":"Dikou","country":"China"},
{"name":"Santo Estêvão","country":"Brazil"},
{"name":"Borgo Maggiore","country":"San Marino"},
{"name":"Los Juríes","country":"Argentina"},
{"name":"Vila Franca de Xira","country":"Portugal"},
{"name":"Lahoysk","country":"Belarus"},
{"name":"Havre-Saint-Pierre","country":"Canada"},
{"name":"Cần Giờ","country":"Vietnam"},
{"name":"Ochobo","country":"Nigeria"},
{"name":"Nioro du Rip","country":"Senegal"},
{"name":"Pingkai","country":"China"},
{"name":"Dawuhan","country":"Indonesia"},
{"name":"Al Qadmūs","country":"Syria"},
{"name":"Nowe Miasto nad Pilicą","country":"Poland"},
{"name":"Barakani","country":"Comoros"},
{"name":"Eido","country":"Portugal"},
{"name":"Sindangsuka","country":"Indonesia"},
{"name":"Sionogan","country":"Philippines"},
{"name":"Bente","country":"Indonesia"},
{"name":"Nice","country":"France"},
{"name":"Zhangjiagang","country":"China"},
{"name":"Dalgān","country":"Iran"},
{"name":"Huangascar","country":"Peru"},
{"name":"Luau","country":"Angola"},
{"name":"Fershampenuaz","country":"Russia"},
{"name":"Lorino","country":"Russia"},
{"name":"Kowalewo Pomorskie","country":"Poland"},
{"name":"Amersfoort","country":"Netherlands"},
{"name":"Outeiro de Polima","country":"Portugal"},
{"name":"Raszków","country":"Poland"},
{"name":"Sionogan","country":"Philippines"},
{"name":"Itaparica","country":"Brazil"},
{"name":"Saint Aubin","country":"Mauritius"},
{"name":"Jose Maria Morelos","country":"Mexico"},
{"name":"Nedakonice","country":"Czech Republic"},
{"name":"Paris 07","country":"France"},
{"name":"Batibati","country":"Indonesia"},
{"name":"Andongrejo","country":"Indonesia"},
{"name":"Biscoitos","country":"Portugal"},
{"name":"El Paso","country":"United States"},
{"name":"Tyler","country":"United States"},
{"name":"Gamay","country":"Philippines"},
{"name":"Nepeña","country":"Peru"},
{"name":"Gore","country":"New Zealand"},
{"name":"Paris 16","country":"France"},
{"name":"Podu","country":"China"},
{"name":"Dubrovka","country":"Russia"},
{"name":"Yuanda","country":"China"},
{"name":"Berezne","country":"Ukraine"},
{"name":"Xom Tan Long","country":"Vietnam"},
{"name":"Llano de Piedra","country":"Panama"},
{"name":"Jinguoping","country":"China"},
{"name":"General Alvear","country":"Argentina"},
{"name":"Bucaramanga","country":"Colombia"},
{"name":"Casuguran","country":"Philippines"},
{"name":"Seia","country":"Portugal"},
{"name":"Huilong","country":"China"},
{"name":"Kandhkot","country":"Pakistan"},
{"name":"Klirou","country":"Cyprus"},
{"name":"Mamboma","country":"Sierra Leone"},
{"name":"Przasnysz","country":"Poland"},
{"name":"Henggouqiao","country":"China"},
{"name":"Umbuldamar","country":"Indonesia"},
{"name":"Shiye","country":"China"},
{"name":"Bielawa","country":"Poland"},
{"name":"Kasoa","country":"Ghana"},
{"name":"Sundsvall","country":"Sweden"},
{"name":"Derhachi","country":"Ukraine"},
{"name":"Chowki Jamali","country":"Pakistan"},
{"name":"Sapotskin","country":"Belarus"},
{"name":"Ford","country":"United Kingdom"},
{"name":"Siding","country":"Indonesia"},
{"name":"Medeiros Neto","country":"Brazil"},
{"name":"Waco","country":"United States"},
{"name":"Tsuruoka","country":"Japan"},
{"name":"Buíque","country":"Brazil"},
{"name":"Shuanghe","country":"China"},
{"name":"Saravia","country":"Philippines"},
{"name":"Fankeng","country":"China"},
{"name":"Tallinn","country":"Estonia"},
{"name":"Nocaima","country":"Colombia"},
{"name":"Rennes","country":"France"},
{"name":"Quinta dos Frades","country":"Portugal"},
{"name":"Karangsonojabon","country":"Indonesia"},
{"name":"Samut Songkhram","country":"Thailand"},
{"name":"Sovetskaya","country":"Russia"},
{"name":"Tupiza","country":"Bolivia"},
{"name":"Ozëry","country":"Russia"},
{"name":"Araguaiana","country":"Brazil"},
{"name":"Sanjiangkou","country":"China"},
{"name":"Yungaisi","country":"China"},
{"name":"Huskvarna","country":"Sweden"},
{"name":"Grodków","country":"Poland"},
{"name":"Mszana Dolna","country":"Poland"},
{"name":"Kebunan","country":"Indonesia"},
{"name":"Shanhaiguan","country":"China"},
{"name":"Małkinia Górna","country":"Poland"},
{"name":"Sikeshu","country":"China"},
{"name":"Priboj","country":"Serbia"},
{"name":"Laleng","country":"Indonesia"},
{"name":"Sinop","country":"Brazil"},
{"name":"Tosno","country":"Russia"},
{"name":"Dalonghua","country":"China"},
{"name":"Sangmélima","country":"Cameroon"},
{"name":"Suci Kaler","country":"Indonesia"},
{"name":"Sidomekar","country":"Indonesia"},
{"name":"Ksawerów","country":"Poland"},
{"name":"Forécariah","country":"Guinea"},
{"name":"Usa River","country":"Tanzania"},
{"name":"Kommunar","country":"Russia"},
{"name":"Yelizavetinskaya","country":"Russia"},
{"name":"Hamilton","country":"Bermuda"},
{"name":"San Francisco","country":"Mexico"},
{"name":"Matou","country":"China"},
{"name":"Cidikit Girang","country":"Indonesia"},
{"name":"Hedong","country":"China"},
{"name":"Shuangcheng","country":"China"},
{"name":"Tamana","country":"Japan"},
{"name":"Hujia","country":"China"},
{"name":"Magsalangi","country":"Philippines"},
{"name":"Ylöjärvi","country":"Finland"},
{"name":"Pandanrejokrajan","country":"Indonesia"},
{"name":"Gangou","country":"China"},
{"name":"Barisan","country":"Indonesia"},
{"name":"Alta","country":"Norway"},
{"name":"Zavidovo","country":"Russia"},
{"name":"Fyllingsdalen","country":"Norway"},
{"name":"Tayu","country":"Indonesia"},
{"name":"Kashiwa","country":"Japan"},
{"name":"Zhanping","country":"China"},
{"name":"Bherāmāra","country":"Bangladesh"},
{"name":"Jujur","country":"Indonesia"},
{"name":"Devitsa","country":"Russia"},
{"name":"Moca","country":"Dominican Republic"},
{"name":"Menara","country":"Indonesia"},
{"name":"Debelets","country":"Bulgaria"},
{"name":"Vinica","country":"Macedonia"},
{"name":"Bajawa","country":"Indonesia"},
{"name":"Pingdingshan","country":"China"},
{"name":"Nansan","country":"China"},
{"name":"Cimanggu","country":"Indonesia"},
{"name":"Lendangara Satu","country":"Indonesia"},
{"name":"Umi","country":"Japan"},
{"name":"Ejidal","country":"Mexico"},
{"name":"Riofrío","country":"Colombia"},
{"name":"Dadong’ao","country":"China"},
{"name":"Amu Gulang Baolige","country":"China"},
{"name":"Amashca","country":"Peru"},
{"name":"Apucarana","country":"Brazil"},
{"name":"Rakek","country":"Slovenia"},
{"name":"Ketian","country":"China"},
{"name":"Zhenxing","country":"China"},
{"name":"Bordeaux","country":"France"},
{"name":"Sanhui","country":"China"},
{"name":"Capellanía","country":"Panama"},
{"name":"Níkaia","country":"Greece"},
{"name":"Puputan","country":"Indonesia"},
{"name":"Lalībela","country":"Ethiopia"},
{"name":"Laocheng","country":"China"},
{"name":"Sawangan","country":"Indonesia"},
{"name":"Zuwārah","country":"Libya"},
{"name":"Lakhdenpokh’ya","country":"Russia"},
{"name":"Rauco","country":"Chile"},
{"name":"Kostrzyn nad Odrą","country":"Poland"},
{"name":"Orlando","country":"United States"},
{"name":"Inhambane","country":"Mozambique"},
{"name":"Xinmin","country":"China"},
{"name":"Bagamoyo","country":"Tanzania"},
{"name":"Pelym","country":"Russia"},
{"name":"Xinwo","country":"China"},
{"name":"Fedorovka","country":"Kazakhstan"},
{"name":"Tash-Kumyr","country":"Kyrgyzstan"},
{"name":"Illela","country":"Nigeria"},
{"name":"Stradbally","country":"Ireland"},
{"name":"Jialu","country":"China"},
{"name":"Londiani","country":"Kenya"},
{"name":"Siemiątkowo","country":"Poland"},
{"name":"Dolní Lhota","country":"Czech Republic"},
{"name":"Tamano","country":"Japan"},
{"name":"Muzaffargarh","country":"Pakistan"},
{"name":"Могила","country":"Macedonia"},
{"name":"Rača","country":"Serbia"},
{"name":"Cilegong","country":"Indonesia"},
{"name":"Maradi","country":"Niger"},
{"name":"Xiangba","country":"China"},
{"name":"Wuduhe","country":"China"},
{"name":"Na Wa","country":"Thailand"},
{"name":"Okocim","country":"Poland"},
{"name":"Daba","country":"China"},
{"name":"Parang","country":"Philippines"},
{"name":"Potikosin","country":"Indonesia"},
{"name":"Pyu","country":"Myanmar"},
{"name":"Nelson","country":"Canada"},
{"name":"Bula","country":"Philippines"},
{"name":"Petrijevci","country":"Croatia"},
{"name":"Sincé","country":"Colombia"},
{"name":"Gromnik","country":"Poland"},
{"name":"Bulan","country":"Philippines"},
{"name":"Panacan","country":"Philippines"},
{"name":"Shorko","country":"Pakistan"},
{"name":"Xihu","country":"China"},
{"name":"Shiye","country":"China"},
{"name":"Baiguan","country":"China"},
{"name":"Maukaro","country":"Indonesia"},
{"name":"Llorente","country":"Philippines"},
{"name":"Antequera","country":"Paraguay"},
{"name":"Rasi Salai","country":"Thailand"},
{"name":"Kirkuk","country":"Iraq"},
{"name":"Qarah Bāgh","country":"Afghanistan"},
{"name":"Nieborów","country":"Poland"},
{"name":"Duma","country":"China"},
{"name":"Al Khārijah","country":"Egypt"},
{"name":"Suwalan","country":"Indonesia"},
{"name":"Phanom Phrai","country":"Thailand"},
{"name":"Gandajika","country":"Democratic Republic of the Congo"},
{"name":"Kosai-shi","country":"Japan"},
{"name":"Al Jubayhah","country":"Jordan"},
{"name":"Višňova","country":"Czech Republic"},
{"name":"Bonebone","country":"Indonesia"},
{"name":"Guazacapán","country":"Guatemala"},
{"name":"Jiantiao","country":"China"},
{"name":"Jardim do Seridó","country":"Brazil"},
{"name":"Ullubiyaul","country":"Russia"},
{"name":"Wanquan","country":"China"},
{"name":"Kousa","country":"Egypt"},
{"name":"Carcassonne","country":"France"},
{"name":"Insua","country":"Portugal"},
{"name":"Mojolampir","country":"Indonesia"},
{"name":"Bektemir","country":"Uzbekistan"},
{"name":"Komes","country":"Indonesia"},
{"name":"Malgobek","country":"Russia"},
{"name":"Kurayoshi","country":"Japan"},
{"name":"Anse à Galets","country":"Haiti"},
{"name":"Bor","country":"Serbia"},
{"name":"Qingshan","country":"China"},
{"name":"Nanlu","country":"China"},
{"name":"Mora","country":"Sweden"},
{"name":"Brejoeira","country":"Portugal"},
{"name":"Neob","country":"Indonesia"},
{"name":"Saraqinishtë","country":"Albania"},
{"name":"Baizhong","country":"China"},
{"name":"Fargo","country":"United States"},
{"name":"San Miguel","country":"Philippines"},
{"name":"Pejibaye","country":"Costa Rica"},
{"name":"Carvalhais","country":"Portugal"},
{"name":"Bankim","country":"Cameroon"},
{"name":"Huaguoshan","country":"China"},
{"name":"Banatska Topola","country":"Serbia"},
{"name":"Kihancha","country":"Kenya"},
{"name":"Bhairab Bāzār","country":"Bangladesh"},
{"name":"Arroio do Meio","country":"Brazil"},
{"name":"Bardīyah","country":"Libya"},
{"name":"Châtellerault","country":"France"},
{"name":"Mandeman Daya","country":"Indonesia"},
{"name":"Valbo","country":"Sweden"},
{"name":"Esquipulas","country":"Guatemala"},
{"name":"Vohipaho","country":"Madagascar"},
{"name":"Pejë","country":"Kosovo"},
{"name":"Yasenskaya","country":"Russia"},
{"name":"Balung","country":"Indonesia"},
{"name":"Penanggapan","country":"Indonesia"},
{"name":"Rano","country":"Nigeria"},
{"name":"Zafar","country":"Uzbekistan"},
{"name":"Boynton Beach","country":"United States"},
{"name":"Oenunu","country":"Indonesia"},
{"name":"Sanming","country":"China"},
{"name":"Repnoye","country":"Russia"},
{"name":"Las Americas","country":"Mexico"},
{"name":"Ares Tengah","country":"Indonesia"},
{"name":"Leshukonskoye","country":"Russia"},
{"name":"Haodi","country":"China"},
{"name":"David","country":"Panama"},
{"name":"Tapera","country":"Brazil"},
{"name":"Saint-Quentin-Fallavier","country":"France"},
{"name":"Jadranovo","country":"Croatia"},
{"name":"Kýthnos","country":"Greece"},
{"name":"Binguang","country":"Philippines"},
{"name":"Kanungu","country":"Uganda"},
{"name":"Guaíra","country":"Brazil"},
{"name":"Zamość","country":"Poland"},
{"name":"Zhongtang","country":"China"},
{"name":"Capalonga","country":"Philippines"},
{"name":"Farshūţ","country":"Egypt"},
{"name":"Lincha","country":"Peru"},
{"name":"Madette","country":"Indonesia"},
{"name":"Portet-sur-Garonne","country":"France"},
{"name":"Young","country":"Uruguay"},
{"name":"Dawan","country":"Indonesia"},
{"name":"Anxiang","country":"China"},
{"name":"Īlām","country":"Iran"},
{"name":"Pinhal da Marquesa","country":"Portugal"},
{"name":"Eirado","country":"Portugal"},
{"name":"Mirocin","country":"Poland"},
{"name":"Pacar","country":"Indonesia"},
{"name":"Chicago","country":"United States"},
{"name":"Văn Điển","country":"Vietnam"},
{"name":"Peuhaq","country":"Indonesia"},
{"name":"Maracaju","country":"Brazil"},
{"name":"Cavan","country":"Ireland"},
{"name":"A-da-Gorda","country":"Portugal"},
{"name":"Candelaria","country":"Colombia"},
{"name":"Jambuir Timur","country":"Indonesia"},
{"name":"Leceia","country":"Portugal"},
{"name":"Baihua","country":"China"},
{"name":"Huaidian","country":"China"},
{"name":"Cumadcad","country":"Philippines"},
{"name":"Tongliao","country":"China"},
{"name":"Liboran","country":"Philippines"},
{"name":"Carmen","country":"Philippines"},
{"name":"Pierreville","country":"Canada"},
{"name":"Tulung","country":"Indonesia"},
{"name":"Yingkeng","country":"China"},
{"name":"Serdobsk","country":"Russia"},
{"name":"Qiting","country":"China"},
{"name":"Boucinha","country":"Portugal"},
{"name":"Akora","country":"Pakistan"},
{"name":"Longaví","country":"Chile"},
{"name":"Besko","country":"Poland"}]