[{"departureTime":"2016-11-28 00:00:00","arrivalTime":"2018-04-08 10:50:34","status":3},
{"departureTime":"2016-11-28 00:00:00","arrivalTime":"2018-10-27 01:25:39","status":4},
{"departureTime":"2016-11-28 00:00:00","arrivalTime":"2018-04-25 00:54:46","status":2},
{"departureTime":"2016-11-28 00:00:00","arrivalTime":"2018-09-30 11:02:31","status":1},
{"departureTime":"2016-11-28 00:00:00","arrivalTime":"2018-10-21 06:23:15","status":3},
{"departureTime":"2016-11-28 00:00:00","arrivalTime":"2018-06-28 12:19:33","status":1},
{"departureTime":"2016-11-28 00:00:00","arrivalTime":"2018-05-21 06:20:55","status":1},
{"departureTime":"2016-11-28 00:00:00","arrivalTime":"2017-12-02 19:59:46","status":4},
{"departureTime":"2016-11-28 00:00:00","arrivalTime":"2018-08-29 13:50:00","status":2},
{"departureTime":"2016-11-28 00:00:00","arrivalTime":"2018-07-08 00:56:53","status":1},
{"departureTime":"2016-11-28 00:00:00","arrivalTime":"2018-10-25 13:45:10","status":3},
{"departureTime":"2016-11-28 00:00:00","arrivalTime":"2018-05-10 07:48:15","status":2},
{"departureTime":"2016-11-28 00:00:00","arrivalTime":"2018-03-27 03:05:58","status":2},
{"departureTime":"2016-11-28 00:00:00","arrivalTime":"2017-12-17 19:23:59","status":4},
{"departureTime":"2016-11-28 00:00:00","arrivalTime":"2018-01-31 19:45:00","status":3},
{"departureTime":"2016-11-28 00:00:00","arrivalTime":"2018-03-12 01:08:26","status":4},
{"departureTime":"2016-11-28 00:00:00","arrivalTime":"2018-02-28 03:53:00","status":4},
{"departureTime":"2016-11-28 00:00:00","arrivalTime":"2018-03-01 01:42:34","status":4},
{"departureTime":"2016-11-28 00:00:00","arrivalTime":"2017-12-24 16:23:08","status":1},
{"departureTime":"2016-11-28 00:00:00","arrivalTime":"2018-10-29 08:33:41","status":2},
{"departureTime":"2016-11-28 00:00:00","arrivalTime":"2018-04-21 14:14:34","status":3},
{"departureTime":"2016-11-28 00:00:00","arrivalTime":"2018-05-16 06:55:52","status":1},
{"departureTime":"2016-11-28 00:00:00","arrivalTime":"2018-05-20 23:02:10","status":2},
{"departureTime":"2016-11-28 00:00:00","arrivalTime":"2018-04-25 11:12:49","status":4},
{"departureTime":"2016-11-28 00:00:00","arrivalTime":"2018-04-01 03:45:13","status":3},
{"departureTime":"2016-11-28 00:00:00","arrivalTime":"2018-04-21 03:08:38","status":4},
{"departureTime":"2016-11-28 00:00:00","arrivalTime":"2018-02-10 15:59:38","status":3},
{"departureTime":"2016-11-28 00:00:00","arrivalTime":"2018-06-17 17:15:42","status":4},
{"departureTime":"2016-11-28 00:00:00","arrivalTime":"2018-09-05 09:42:08","status":4},
{"departureTime":"2016-11-28 00:00:00","arrivalTime":"2018-01-13 09:17:41","status":3},
{"departureTime":"2016-11-28 00:00:00","arrivalTime":"2018-07-01 12:12:56","status":2},
{"departureTime":"2016-11-28 00:00:00","arrivalTime":"2018-01-21 07:38:26","status":4},
{"departureTime":"2016-11-28 00:00:00","arrivalTime":"2018-02-16 02:42:09","status":3},
{"departureTime":"2016-11-28 00:00:00","arrivalTime":"2017-12-01 17:35:00","status":2},
{"departureTime":"2016-11-28 00:00:00","arrivalTime":"2018-03-06 20:52:10","status":3},
{"departureTime":"2016-11-28 00:00:00","arrivalTime":"2018-02-18 15:42:05","status":1},
{"departureTime":"2016-11-28 00:00:00","arrivalTime":"2018-10-16 20:25:54","status":3},
{"departureTime":"2016-11-28 00:00:00","arrivalTime":"2018-06-23 22:11:30","status":4},
{"departureTime":"2016-11-28 00:00:00","arrivalTime":"2018-07-06 11:26:43","status":1},
{"departureTime":"2016-11-28 00:00:00","arrivalTime":"2018-07-17 22:04:41","status":2},
{"departureTime":"2016-11-28 00:00:00","arrivalTime":"2018-03-29 08:58:23","status":4},
{"departureTime":"2016-11-28 00:00:00","arrivalTime":"2018-07-30 06:32:14","status":4},
{"departureTime":"2016-11-28 00:00:00","arrivalTime":"2018-06-28 19:07:14","status":2},
{"departureTime":"2016-11-28 00:00:00","arrivalTime":"2018-08-01 15:51:13","status":2},
{"departureTime":"2016-11-28 00:00:00","arrivalTime":"2018-06-07 12:20:01","status":1},
{"departureTime":"2016-11-28 00:00:00","arrivalTime":"2018-01-16 12:41:18","status":1},
{"departureTime":"2016-11-28 00:00:00","arrivalTime":"2018-09-04 04:31:05","status":4},
{"departureTime":"2016-11-28 00:00:00","arrivalTime":"2018-02-17 12:42:17","status":1},
{"departureTime":"2016-11-28 00:00:00","arrivalTime":"2018-09-07 12:19:18","status":4},
{"departureTime":"2016-11-28 00:00:00","arrivalTime":"2018-11-03 04:41:08","status":1},
{"departureTime":"2016-11-28 00:00:00","arrivalTime":"2018-09-21 01:51:54","status":4},
{"departureTime":"2016-11-28 00:00:00","arrivalTime":"2018-06-25 08:13:24","status":4},
{"departureTime":"2016-11-28 00:00:00","arrivalTime":"2018-11-04 07:04:49","status":1},
{"departureTime":"2016-11-28 00:00:00","arrivalTime":"2018-09-21 05:26:53","status":4},
{"departureTime":"2016-11-28 00:00:00","arrivalTime":"2018-02-07 03:48:02","status":1},
{"departureTime":"2016-11-28 00:00:00","arrivalTime":"2018-03-21 06:33:11","status":1},
{"departureTime":"2016-11-28 00:00:00","arrivalTime":"2018-08-20 08:19:03","status":2},
{"departureTime":"2016-11-28 00:00:00","arrivalTime":"2018-05-27 16:48:37","status":4},
{"departureTime":"2016-11-28 00:00:00","arrivalTime":"2018-02-24 01:49:47","status":2},
{"departureTime":"2016-11-28 00:00:00","arrivalTime":"2018-10-02 12:53:20","status":1},
{"departureTime":"2016-11-28 00:00:00","arrivalTime":"2018-09-08 13:06:52","status":1},
{"departureTime":"2016-11-28 00:00:00","arrivalTime":"2018-05-07 01:19:45","status":1},
{"departureTime":"2016-11-28 00:00:00","arrivalTime":"2018-07-13 19:37:04","status":4},
{"departureTime":"2016-11-28 00:00:00","arrivalTime":"2018-02-11 07:06:58","status":1},
{"departureTime":"2016-11-28 00:00:00","arrivalTime":"2017-12-31 05:54:54","status":3},
{"departureTime":"2016-11-28 00:00:00","arrivalTime":"2018-01-08 16:02:49","status":1},
{"departureTime":"2016-11-28 00:00:00","arrivalTime":"2017-12-28 07:42:03","status":1},
{"departureTime":"2016-11-28 00:00:00","arrivalTime":"2018-06-03 01:49:49","status":3},
{"departureTime":"2016-11-28 00:00:00","arrivalTime":"2018-08-29 19:54:48","status":2},
{"departureTime":"2016-11-28 00:00:00","arrivalTime":"2018-05-13 07:51:31","status":3},
{"departureTime":"2016-11-28 00:00:00","arrivalTime":"2018-03-27 07:26:36","status":3},
{"departureTime":"2016-11-28 00:00:00","arrivalTime":"2018-02-20 12:06:52","status":3},
{"departureTime":"2016-11-28 00:00:00","arrivalTime":"2018-04-02 03:46:35","status":2},
{"departureTime":"2016-11-28 00:00:00","arrivalTime":"2018-07-07 16:28:36","status":1},
{"departureTime":"2016-11-28 00:00:00","arrivalTime":"2018-10-02 14:18:49","status":2},
{"departureTime":"2016-11-28 00:00:00","arrivalTime":"2018-01-31 03:57:23","status":1},
{"departureTime":"2016-11-28 00:00:00","arrivalTime":"2018-08-11 20:18:39","status":2},
{"departureTime":"2016-11-28 00:00:00","arrivalTime":"2018-11-22 03:40:16","status":4},
{"departureTime":"2016-11-28 00:00:00","arrivalTime":"2018-04-20 03:21:26","status":4},
{"departureTime":"2016-11-28 00:00:00","arrivalTime":"2018-11-25 02:56:42","status":3},
{"departureTime":"2016-11-28 00:00:00","arrivalTime":"2018-07-17 22:05:48","status":3},
{"departureTime":"2016-11-28 00:00:00","arrivalTime":"2018-03-15 23:03:52","status":1},
{"departureTime":"2016-11-28 00:00:00","arrivalTime":"2018-02-23 02:28:02","status":4},
{"departureTime":"2016-11-28 00:00:00","arrivalTime":"2018-11-17 19:36:12","status":1},
{"departureTime":"2016-11-28 00:00:00","arrivalTime":"2018-09-27 18:04:47","status":1},
{"departureTime":"2016-11-28 00:00:00","arrivalTime":"2018-08-13 02:11:05","status":4},
{"departureTime":"2016-11-28 00:00:00","arrivalTime":"2018-03-05 01:19:50","status":4},
{"departureTime":"2016-11-28 00:00:00","arrivalTime":"2018-04-07 12:50:53","status":2},
{"departureTime":"2016-11-28 00:00:00","arrivalTime":"2018-04-23 09:04:18","status":3},
{"departureTime":"2016-11-28 00:00:00","arrivalTime":"2018-06-07 15:22:06","status":3},
{"departureTime":"2016-11-28 00:00:00","arrivalTime":"2018-10-21 10:26:04","status":2},
{"departureTime":"2016-11-28 00:00:00","arrivalTime":"2018-10-17 14:04:23","status":2},
{"departureTime":"2016-11-28 00:00:00","arrivalTime":"2018-11-26 02:08:59","status":1},
{"departureTime":"2016-11-28 00:00:00","arrivalTime":"2017-12-06 00:33:49","status":3},
{"departureTime":"2016-11-28 00:00:00","arrivalTime":"2018-11-13 15:17:43","status":3},
{"departureTime":"2016-11-28 00:00:00","arrivalTime":"2018-03-27 18:27:49","status":2},
{"departureTime":"2016-11-28 00:00:00","arrivalTime":"2018-10-31 19:05:48","status":4},
{"departureTime":"2016-11-28 00:00:00","arrivalTime":"2018-11-21 23:16:01","status":2},
{"departureTime":"2016-11-28 00:00:00","arrivalTime":"2018-02-16 03:14:59","status":1},
{"departureTime":"2016-11-28 00:00:00","arrivalTime":"2018-07-10 08:44:37","status":3},
{"departureTime":"2016-11-28 00:00:00","arrivalTime":"2018-04-15 08:50:27","status":1},
{"departureTime":"2016-11-28 00:00:00","arrivalTime":"2018-11-22 05:02:05","status":3},
{"departureTime":"2016-11-28 00:00:00","arrivalTime":"2018-10-24 04:53:29","status":2},
{"departureTime":"2016-11-28 00:00:00","arrivalTime":"2018-06-12 00:18:37","status":1},
{"departureTime":"2016-11-28 00:00:00","arrivalTime":"2018-10-15 14:28:14","status":2},
{"departureTime":"2016-11-28 00:00:00","arrivalTime":"2018-03-17 07:10:28","status":1},
{"departureTime":"2016-11-28 00:00:00","arrivalTime":"2018-08-29 11:58:29","status":4},
{"departureTime":"2016-11-28 00:00:00","arrivalTime":"2018-01-01 11:15:40","status":1},
{"departureTime":"2016-11-28 00:00:00","arrivalTime":"2018-10-12 20:52:54","status":4},
{"departureTime":"2016-11-28 00:00:00","arrivalTime":"2018-01-04 21:09:27","status":2},
{"departureTime":"2016-11-28 00:00:00","arrivalTime":"2018-11-27 11:59:20","status":1},
{"departureTime":"2016-11-28 00:00:00","arrivalTime":"2018-04-28 03:32:39","status":2},
{"departureTime":"2016-11-28 00:00:00","arrivalTime":"2018-10-20 22:49:41","status":1},
{"departureTime":"2016-11-28 00:00:00","arrivalTime":"2018-06-30 04:27:36","status":3},
{"departureTime":"2016-11-28 00:00:00","arrivalTime":"2018-03-16 21:58:48","status":3},
{"departureTime":"2016-11-28 00:00:00","arrivalTime":"2018-01-12 00:51:18","status":2},
{"departureTime":"2016-11-28 00:00:00","arrivalTime":"2018-09-11 18:15:27","status":4},
{"departureTime":"2016-11-28 00:00:00","arrivalTime":"2018-11-14 23:21:12","status":3},
{"departureTime":"2016-11-28 00:00:00","arrivalTime":"2018-04-21 21:01:34","status":1},
{"departureTime":"2016-11-28 00:00:00","arrivalTime":"2018-01-31 14:00:53","status":2},
{"departureTime":"2016-11-28 00:00:00","arrivalTime":"2018-05-24 23:46:24","status":1},
{"departureTime":"2016-11-28 00:00:00","arrivalTime":"2018-02-13 18:12:02","status":4},
{"departureTime":"2016-11-28 00:00:00","arrivalTime":"2018-09-15 05:04:06","status":3},
{"departureTime":"2016-11-28 00:00:00","arrivalTime":"2018-03-31 03:19:26","status":3},
{"departureTime":"2016-11-28 00:00:00","arrivalTime":"2018-03-08 20:39:48","status":1},
{"departureTime":"2016-11-28 00:00:00","arrivalTime":"2018-09-27 05:49:04","status":1},
{"departureTime":"2016-11-28 00:00:00","arrivalTime":"2018-07-15 08:50:42","status":3},
{"departureTime":"2016-11-28 00:00:00","arrivalTime":"2018-02-21 20:06:27","status":3},
{"departureTime":"2016-11-28 00:00:00","arrivalTime":"2018-01-11 13:43:23","status":3},
{"departureTime":"2016-11-28 00:00:00","arrivalTime":"2018-02-20 14:27:15","status":4},
{"departureTime":"2016-11-28 00:00:00","arrivalTime":"2018-02-25 10:14:21","status":3},
{"departureTime":"2016-11-28 00:00:00","arrivalTime":"2018-02-14 03:27:04","status":1},
{"departureTime":"2016-11-28 00:00:00","arrivalTime":"2018-05-30 07:00:02","status":3},
{"departureTime":"2016-11-28 00:00:00","arrivalTime":"2018-09-18 11:47:09","status":4},
{"departureTime":"2016-11-28 00:00:00","arrivalTime":"2018-11-26 04:06:29","status":3},
{"departureTime":"2016-11-28 00:00:00","arrivalTime":"2018-07-22 13:55:51","status":2},
{"departureTime":"2016-11-28 00:00:00","arrivalTime":"2018-07-01 03:28:02","status":4},
{"departureTime":"2016-11-28 00:00:00","arrivalTime":"2017-12-06 06:43:52","status":1},
{"departureTime":"2016-11-28 00:00:00","arrivalTime":"2018-07-12 21:24:50","status":1},
{"departureTime":"2016-11-28 00:00:00","arrivalTime":"2018-11-08 08:51:29","status":3},
{"departureTime":"2016-11-28 00:00:00","arrivalTime":"2017-12-08 20:02:56","status":2},
{"departureTime":"2016-11-28 00:00:00","arrivalTime":"2018-07-07 12:25:36","status":2},
{"departureTime":"2016-11-28 00:00:00","arrivalTime":"2018-11-10 07:46:06","status":2},
{"departureTime":"2016-11-28 00:00:00","arrivalTime":"2018-10-26 15:16:11","status":3},
{"departureTime":"2016-11-28 00:00:00","arrivalTime":"2018-05-15 10:49:33","status":3},
{"departureTime":"2016-11-28 00:00:00","arrivalTime":"2018-03-11 20:46:53","status":2},
{"departureTime":"2016-11-28 00:00:00","arrivalTime":"2018-10-22 12:49:14","status":4},
{"departureTime":"2016-11-28 00:00:00","arrivalTime":"2018-07-13 22:56:27","status":1},
{"departureTime":"2016-11-28 00:00:00","arrivalTime":"2017-12-24 17:02:07","status":1},
{"departureTime":"2016-11-28 00:00:00","arrivalTime":"2018-05-25 18:59:17","status":3},
{"departureTime":"2016-11-28 00:00:00","arrivalTime":"2018-06-10 17:17:55","status":2},
{"departureTime":"2016-11-28 00:00:00","arrivalTime":"2017-12-09 17:30:33","status":1},
{"departureTime":"2016-11-28 00:00:00","arrivalTime":"2018-07-25 14:24:53","status":4},
{"departureTime":"2016-11-28 00:00:00","arrivalTime":"2018-07-20 14:01:06","status":2},
{"departureTime":"2016-11-28 00:00:00","arrivalTime":"2018-01-17 04:03:45","status":2},
{"departureTime":"2016-11-28 00:00:00","arrivalTime":"2018-11-05 04:50:38","status":3},
{"departureTime":"2016-11-28 00:00:00","arrivalTime":"2018-03-16 04:25:55","status":4},
{"departureTime":"2016-11-28 00:00:00","arrivalTime":"2018-02-04 14:40:25","status":1},
{"departureTime":"2016-11-28 00:00:00","arrivalTime":"2018-02-12 08:10:29","status":3},
{"departureTime":"2016-11-28 00:00:00","arrivalTime":"2018-02-02 06:48:45","status":1},
{"departureTime":"2016-11-28 00:00:00","arrivalTime":"2018-02-28 17:13:15","status":1},
{"departureTime":"2016-11-28 00:00:00","arrivalTime":"2018-05-07 08:01:30","status":2},
{"departureTime":"2016-11-28 00:00:00","arrivalTime":"2018-09-06 15:11:48","status":3},
{"departureTime":"2016-11-28 00:00:00","arrivalTime":"2018-09-22 16:00:39","status":3},
{"departureTime":"2016-11-28 00:00:00","arrivalTime":"2017-12-26 14:53:36","status":1},
{"departureTime":"2016-11-28 00:00:00","arrivalTime":"2018-06-22 21:35:01","status":4},
{"departureTime":"2016-11-28 00:00:00","arrivalTime":"2018-11-06 05:46:13","status":4},
{"departureTime":"2016-11-28 00:00:00","arrivalTime":"2017-12-24 14:04:58","status":3},
{"departureTime":"2016-11-28 00:00:00","arrivalTime":"2017-12-19 02:14:41","status":4},
{"departureTime":"2016-11-28 00:00:00","arrivalTime":"2018-10-20 14:16:44","status":2},
{"departureTime":"2016-11-28 00:00:00","arrivalTime":"2018-05-15 14:14:46","status":4},
{"departureTime":"2016-11-28 00:00:00","arrivalTime":"2018-11-14 05:12:29","status":3},
{"departureTime":"2016-11-28 00:00:00","arrivalTime":"2018-07-23 10:33:20","status":2},
{"departureTime":"2016-11-28 00:00:00","arrivalTime":"2018-05-19 01:25:44","status":2},
{"departureTime":"2016-11-28 00:00:00","arrivalTime":"2018-07-13 07:26:34","status":1},
{"departureTime":"2016-11-28 00:00:00","arrivalTime":"2018-08-01 12:04:42","status":2},
{"departureTime":"2016-11-28 00:00:00","arrivalTime":"2017-12-15 15:34:09","status":2},
{"departureTime":"2016-11-28 00:00:00","arrivalTime":"2018-07-24 21:27:43","status":2},
{"departureTime":"2016-11-28 00:00:00","arrivalTime":"2018-06-12 08:44:40","status":3},
{"departureTime":"2016-11-28 00:00:00","arrivalTime":"2018-05-08 00:28:33","status":3},
{"departureTime":"2016-11-28 00:00:00","arrivalTime":"2018-04-10 16:39:33","status":3},
{"departureTime":"2016-11-28 00:00:00","arrivalTime":"2018-05-25 15:45:10","status":3},
{"departureTime":"2016-11-28 00:00:00","arrivalTime":"2018-07-24 21:15:52","status":4},
{"departureTime":"2016-11-28 00:00:00","arrivalTime":"2018-03-09 19:54:40","status":1},
{"departureTime":"2016-11-28 00:00:00","arrivalTime":"2018-04-08 02:36:47","status":1},
{"departureTime":"2016-11-28 00:00:00","arrivalTime":"2018-01-05 03:16:03","status":4},
{"departureTime":"2016-11-28 00:00:00","arrivalTime":"2018-10-14 23:20:52","status":4},
{"departureTime":"2016-11-28 00:00:00","arrivalTime":"2018-05-15 18:47:58","status":4},
{"departureTime":"2016-11-28 00:00:00","arrivalTime":"2018-10-07 00:48:27","status":3},
{"departureTime":"2016-11-28 00:00:00","arrivalTime":"2018-06-18 20:14:09","status":4},
{"departureTime":"2016-11-28 00:00:00","arrivalTime":"2018-07-03 23:56:21","status":1},
{"departureTime":"2016-11-28 00:00:00","arrivalTime":"2018-06-20 11:12:54","status":2},
{"departureTime":"2016-11-28 00:00:00","arrivalTime":"2018-02-07 16:23:47","status":4},
{"departureTime":"2016-11-28 00:00:00","arrivalTime":"2018-10-05 20:36:22","status":4},
{"departureTime":"2016-11-28 00:00:00","arrivalTime":"2018-02-17 17:11:56","status":4},
{"departureTime":"2016-11-28 00:00:00","arrivalTime":"2018-04-14 19:29:06","status":1},
{"departureTime":"2016-11-28 00:00:00","arrivalTime":"2018-02-01 02:59:45","status":3},
{"departureTime":"2016-11-28 00:00:00","arrivalTime":"2018-03-10 10:26:29","status":2},
{"departureTime":"2016-11-28 00:00:00","arrivalTime":"2018-07-23 09:12:21","status":4},
{"departureTime":"2016-11-28 00:00:00","arrivalTime":"2018-05-05 08:18:44","status":3},
{"departureTime":"2016-11-28 00:00:00","arrivalTime":"2018-03-14 23:27:30","status":1},
{"departureTime":"2016-11-28 00:00:00","arrivalTime":"2018-01-14 17:30:19","status":4},
{"departureTime":"2016-11-28 00:00:00","arrivalTime":"2018-07-23 20:22:51","status":1},
{"departureTime":"2016-11-28 00:00:00","arrivalTime":"2018-09-15 04:35:49","status":2},
{"departureTime":"2016-11-28 00:00:00","arrivalTime":"2017-12-31 10:52:21","status":2},
{"departureTime":"2016-11-28 00:00:00","arrivalTime":"2018-04-12 17:20:17","status":2},
{"departureTime":"2016-11-28 00:00:00","arrivalTime":"2018-07-10 13:01:22","status":3},
{"departureTime":"2016-11-28 00:00:00","arrivalTime":"2018-08-18 05:32:55","status":1},
{"departureTime":"2016-11-28 00:00:00","arrivalTime":"2018-08-09 21:28:06","status":3},
{"departureTime":"2016-11-28 00:00:00","arrivalTime":"2018-09-06 11:17:27","status":3},
{"departureTime":"2016-11-28 00:00:00","arrivalTime":"2018-09-25 00:51:22","status":2},
{"departureTime":"2016-11-28 00:00:00","arrivalTime":"2017-12-18 22:01:50","status":2},
{"departureTime":"2016-11-28 00:00:00","arrivalTime":"2018-06-11 13:00:16","status":3},
{"departureTime":"2016-11-28 00:00:00","arrivalTime":"2018-04-19 09:47:34","status":2},
{"departureTime":"2016-11-28 00:00:00","arrivalTime":"2018-02-24 05:13:23","status":3},
{"departureTime":"2016-11-28 00:00:00","arrivalTime":"2018-08-03 10:09:26","status":4},
{"departureTime":"2016-11-28 00:00:00","arrivalTime":"2018-10-29 19:24:57","status":3},
{"departureTime":"2016-11-28 00:00:00","arrivalTime":"2018-10-29 14:43:38","status":3},
{"departureTime":"2016-11-28 00:00:00","arrivalTime":"2018-08-15 04:42:43","status":3},
{"departureTime":"2016-11-28 00:00:00","arrivalTime":"2018-09-13 01:34:20","status":4},
{"departureTime":"2016-11-28 00:00:00","arrivalTime":"2018-03-09 23:51:57","status":2},
{"departureTime":"2016-11-28 00:00:00","arrivalTime":"2018-05-25 08:53:10","status":4},
{"departureTime":"2016-11-28 00:00:00","arrivalTime":"2018-06-27 00:42:03","status":3},
{"departureTime":"2016-11-28 00:00:00","arrivalTime":"2018-08-25 00:56:17","status":1},
{"departureTime":"2016-11-28 00:00:00","arrivalTime":"2018-02-13 21:07:11","status":3},
{"departureTime":"2016-11-28 00:00:00","arrivalTime":"2018-11-13 11:24:51","status":4},
{"departureTime":"2016-11-28 00:00:00","arrivalTime":"2018-04-03 13:35:42","status":4},
{"departureTime":"2016-11-28 00:00:00","arrivalTime":"2018-07-05 05:38:44","status":4},
{"departureTime":"2016-11-28 00:00:00","arrivalTime":"2017-12-28 15:45:16","status":3},
{"departureTime":"2016-11-28 00:00:00","arrivalTime":"2018-07-23 00:44:10","status":4},
{"departureTime":"2016-11-28 00:00:00","arrivalTime":"2018-03-06 08:26:02","status":3},
{"departureTime":"2016-11-28 00:00:00","arrivalTime":"2018-09-07 06:49:59","status":2},
{"departureTime":"2016-11-28 00:00:00","arrivalTime":"2018-09-24 11:57:14","status":3},
{"departureTime":"2016-11-28 00:00:00","arrivalTime":"2018-01-22 02:58:56","status":4},
{"departureTime":"2016-11-28 00:00:00","arrivalTime":"2018-01-07 13:16:58","status":1},
{"departureTime":"2016-11-28 00:00:00","arrivalTime":"2018-05-08 13:33:40","status":2},
{"departureTime":"2016-11-28 00:00:00","arrivalTime":"2018-01-20 04:34:01","status":3},
{"departureTime":"2016-11-28 00:00:00","arrivalTime":"2017-12-20 03:26:37","status":1},
{"departureTime":"2016-11-28 00:00:00","arrivalTime":"2018-01-31 19:08:59","status":4},
{"departureTime":"2016-11-28 00:00:00","arrivalTime":"2018-11-12 18:29:08","status":2},
{"departureTime":"2016-11-28 00:00:00","arrivalTime":"2017-12-24 13:51:53","status":1},
{"departureTime":"2016-11-28 00:00:00","arrivalTime":"2017-11-28 15:47:02","status":4},
{"departureTime":"2016-11-28 00:00:00","arrivalTime":"2018-01-28 12:01:24","status":2},
{"departureTime":"2016-11-28 00:00:00","arrivalTime":"2018-10-28 16:45:52","status":3},
{"departureTime":"2016-11-28 00:00:00","arrivalTime":"2018-07-02 11:33:20","status":3},
{"departureTime":"2016-11-28 00:00:00","arrivalTime":"2018-03-05 16:53:27","status":3},
{"departureTime":"2016-11-28 00:00:00","arrivalTime":"2018-04-05 03:17:21","status":4},
{"departureTime":"2016-11-28 00:00:00","arrivalTime":"2018-07-13 20:07:44","status":4},
{"departureTime":"2016-11-28 00:00:00","arrivalTime":"2018-08-18 02:38:41","status":3},
{"departureTime":"2016-11-28 00:00:00","arrivalTime":"2018-05-20 01:50:10","status":4},
{"departureTime":"2016-11-28 00:00:00","arrivalTime":"2018-06-09 18:26:42","status":2},
{"departureTime":"2016-11-28 00:00:00","arrivalTime":"2018-01-07 13:37:46","status":4},
{"departureTime":"2016-11-28 00:00:00","arrivalTime":"2018-11-15 18:00:26","status":1},
{"departureTime":"2016-11-28 00:00:00","arrivalTime":"2018-06-29 16:46:28","status":1},
{"departureTime":"2016-11-28 00:00:00","arrivalTime":"2018-09-11 04:34:15","status":4},
{"departureTime":"2016-11-28 00:00:00","arrivalTime":"2018-08-26 18:54:47","status":3},
{"departureTime":"2016-11-28 00:00:00","arrivalTime":"2018-08-05 23:08:14","status":2},
{"departureTime":"2016-11-28 00:00:00","arrivalTime":"2018-08-04 01:35:16","status":1},
{"departureTime":"2016-11-28 00:00:00","arrivalTime":"2018-07-27 08:47:41","status":2},
{"departureTime":"2016-11-28 00:00:00","arrivalTime":"2017-12-08 01:12:17","status":2},
{"departureTime":"2016-11-28 00:00:00","arrivalTime":"2018-03-24 15:40:04","status":4},
{"departureTime":"2016-11-28 00:00:00","arrivalTime":"2018-04-07 21:21:55","status":2},
{"departureTime":"2016-11-28 00:00:00","arrivalTime":"2018-11-12 21:11:39","status":1},
{"departureTime":"2016-11-28 00:00:00","arrivalTime":"2018-02-27 12:19:46","status":3},
{"departureTime":"2016-11-28 00:00:00","arrivalTime":"2018-07-03 20:01:16","status":3},
{"departureTime":"2016-11-28 00:00:00","arrivalTime":"2018-08-20 00:21:16","status":4},
{"departureTime":"2016-11-28 00:00:00","arrivalTime":"2018-05-14 14:10:12","status":1},
{"departureTime":"2016-11-28 00:00:00","arrivalTime":"2018-10-04 20:09:09","status":2},
{"departureTime":"2016-11-28 00:00:00","arrivalTime":"2018-04-19 19:18:23","status":1},
{"departureTime":"2016-11-28 00:00:00","arrivalTime":"2018-01-27 16:32:29","status":4},
{"departureTime":"2016-11-28 00:00:00","arrivalTime":"2018-09-14 01:06:50","status":1},
{"departureTime":"2016-11-28 00:00:00","arrivalTime":"2018-08-19 22:01:50","status":1},
{"departureTime":"2016-11-28 00:00:00","arrivalTime":"2018-05-25 08:59:05","status":3},
{"departureTime":"2016-11-28 00:00:00","arrivalTime":"2018-01-17 15:26:28","status":4},
{"departureTime":"2016-11-28 00:00:00","arrivalTime":"2018-03-12 15:01:21","status":4},
{"departureTime":"2016-11-28 00:00:00","arrivalTime":"2017-12-14 04:49:46","status":3},
{"departureTime":"2016-11-28 00:00:00","arrivalTime":"2018-10-07 16:40:55","status":2},
{"departureTime":"2016-11-28 00:00:00","arrivalTime":"2018-06-09 09:35:16","status":3},
{"departureTime":"2016-11-28 00:00:00","arrivalTime":"2018-06-22 06:20:53","status":2},
{"departureTime":"2016-11-28 00:00:00","arrivalTime":"2018-11-21 05:10:21","status":3},
{"departureTime":"2016-11-28 00:00:00","arrivalTime":"2018-06-20 00:44:04","status":3},
{"departureTime":"2016-11-28 00:00:00","arrivalTime":"2018-11-17 03:48:43","status":2},
{"departureTime":"2016-11-28 00:00:00","arrivalTime":"2018-06-20 13:21:11","status":4},
{"departureTime":"2016-11-28 00:00:00","arrivalTime":"2018-04-03 01:25:11","status":1},
{"departureTime":"2016-11-28 00:00:00","arrivalTime":"2018-05-08 15:26:32","status":2},
{"departureTime":"2016-11-28 00:00:00","arrivalTime":"2018-02-05 03:25:25","status":4},
{"departureTime":"2016-11-28 00:00:00","arrivalTime":"2018-07-30 16:13:55","status":4},
{"departureTime":"2016-11-28 00:00:00","arrivalTime":"2018-06-09 06:24:02","status":4},
{"departureTime":"2016-11-28 00:00:00","arrivalTime":"2018-11-05 08:59:18","status":3},
{"departureTime":"2016-11-28 00:00:00","arrivalTime":"2018-06-12 22:55:11","status":4},
{"departureTime":"2016-11-28 00:00:00","arrivalTime":"2018-09-11 21:52:12","status":1},
{"departureTime":"2016-11-28 00:00:00","arrivalTime":"2018-01-19 09:31:37","status":4},
{"departureTime":"2016-11-28 00:00:00","arrivalTime":"2018-01-10 12:55:55","status":4},
{"departureTime":"2016-11-28 00:00:00","arrivalTime":"2018-10-16 03:41:22","status":4},
{"departureTime":"2016-11-28 00:00:00","arrivalTime":"2018-05-27 13:04:11","status":3},
{"departureTime":"2016-11-28 00:00:00","arrivalTime":"2018-11-26 09:55:42","status":4},
{"departureTime":"2016-11-28 00:00:00","arrivalTime":"2018-08-23 16:42:03","status":1},
{"departureTime":"2016-11-28 00:00:00","arrivalTime":"2018-09-19 15:38:48","status":3},
{"departureTime":"2016-11-28 00:00:00","arrivalTime":"2018-05-20 12:44:16","status":2},
{"departureTime":"2016-11-28 00:00:00","arrivalTime":"2018-06-26 02:29:56","status":3},
{"departureTime":"2016-11-28 00:00:00","arrivalTime":"2018-10-06 23:39:19","status":2},
{"departureTime":"2016-11-28 00:00:00","arrivalTime":"2018-02-02 17:25:32","status":2},
{"departureTime":"2016-11-28 00:00:00","arrivalTime":"2018-08-22 16:29:40","status":1},
{"departureTime":"2016-11-28 00:00:00","arrivalTime":"2018-04-11 02:13:02","status":3},
{"departureTime":"2016-11-28 00:00:00","arrivalTime":"2018-09-12 13:29:04","status":4},
{"departureTime":"2016-11-28 00:00:00","arrivalTime":"2017-12-12 13:15:31","status":3},
{"departureTime":"2016-11-28 00:00:00","arrivalTime":"2018-01-20 05:58:52","status":2},
{"departureTime":"2016-11-28 00:00:00","arrivalTime":"2018-02-20 15:19:33","status":1},
{"departureTime":"2016-11-28 00:00:00","arrivalTime":"2018-09-25 23:26:15","status":2},
{"departureTime":"2016-11-28 00:00:00","arrivalTime":"2018-02-26 13:32:51","status":3},
{"departureTime":"2016-11-28 00:00:00","arrivalTime":"2018-11-08 18:36:46","status":1},
{"departureTime":"2016-11-28 00:00:00","arrivalTime":"2018-09-10 23:04:42","status":1},
{"departureTime":"2016-11-28 00:00:00","arrivalTime":"2017-12-02 21:07:20","status":2},
{"departureTime":"2016-11-28 00:00:00","arrivalTime":"2018-05-20 06:36:51","status":1},
{"departureTime":"2016-11-28 00:00:00","arrivalTime":"2018-11-13 01:17:07","status":4},
{"departureTime":"2016-11-28 00:00:00","arrivalTime":"2018-02-13 15:26:57","status":2},
{"departureTime":"2016-11-28 00:00:00","arrivalTime":"2018-03-03 05:04:47","status":1},
{"departureTime":"2016-11-28 00:00:00","arrivalTime":"2018-08-23 10:26:02","status":2},
{"departureTime":"2016-11-28 00:00:00","arrivalTime":"2018-11-21 04:27:57","status":3},
{"departureTime":"2016-11-28 00:00:00","arrivalTime":"2018-01-31 19:13:01","status":1},
{"departureTime":"2016-11-28 00:00:00","arrivalTime":"2018-07-24 20:06:17","status":1},
{"departureTime":"2016-11-28 00:00:00","arrivalTime":"2018-02-05 06:29:29","status":2},
{"departureTime":"2016-11-28 00:00:00","arrivalTime":"2018-08-14 22:28:40","status":3},
{"departureTime":"2016-11-28 00:00:00","arrivalTime":"2018-01-13 10:00:17","status":4},
{"departureTime":"2016-11-28 00:00:00","arrivalTime":"2018-07-27 19:11:42","status":4},
{"departureTime":"2016-11-28 00:00:00","arrivalTime":"2018-03-05 23:25:42","status":4},
{"departureTime":"2016-11-28 00:00:00","arrivalTime":"2018-07-05 04:08:14","status":1},
{"departureTime":"2016-11-28 00:00:00","arrivalTime":"2018-05-10 22:23:13","status":4},
{"departureTime":"2016-11-28 00:00:00","arrivalTime":"2018-09-29 04:06:17","status":2},
{"departureTime":"2016-11-28 00:00:00","arrivalTime":"2018-09-04 00:15:42","status":2},
{"departureTime":"2016-11-28 00:00:00","arrivalTime":"2018-02-01 15:57:08","status":2},
{"departureTime":"2016-11-28 00:00:00","arrivalTime":"2018-01-20 19:48:58","status":1},
{"departureTime":"2016-11-28 00:00:00","arrivalTime":"2018-11-08 02:31:31","status":1},
{"departureTime":"2016-11-28 00:00:00","arrivalTime":"2018-07-13 07:45:42","status":1},
{"departureTime":"2016-11-28 00:00:00","arrivalTime":"2018-08-16 18:28:08","status":1},
{"departureTime":"2016-11-28 00:00:00","arrivalTime":"2018-01-03 20:03:35","status":3},
{"departureTime":"2016-11-28 00:00:00","arrivalTime":"2018-04-26 10:15:45","status":2},
{"departureTime":"2016-11-28 00:00:00","arrivalTime":"2017-12-29 08:56:19","status":4},
{"departureTime":"2016-11-28 00:00:00","arrivalTime":"2018-03-16 14:57:32","status":1},
{"departureTime":"2016-11-28 00:00:00","arrivalTime":"2018-09-22 07:42:57","status":2},
{"departureTime":"2016-11-28 00:00:00","arrivalTime":"2018-04-15 14:15:13","status":4},
{"departureTime":"2016-11-28 00:00:00","arrivalTime":"2018-01-30 18:14:21","status":3},
{"departureTime":"2016-11-28 00:00:00","arrivalTime":"2018-03-05 18:56:13","status":1},
{"departureTime":"2016-11-28 00:00:00","arrivalTime":"2018-09-07 10:52:37","status":4},
{"departureTime":"2016-11-28 00:00:00","arrivalTime":"2018-09-20 22:00:33","status":1},
{"departureTime":"2016-11-28 00:00:00","arrivalTime":"2018-05-23 15:31:28","status":2},
{"departureTime":"2016-11-28 00:00:00","arrivalTime":"2018-09-28 12:49:41","status":4},
{"departureTime":"2016-11-28 00:00:00","arrivalTime":"2018-06-06 21:15:51","status":2},
{"departureTime":"2016-11-28 00:00:00","arrivalTime":"2018-02-03 20:04:36","status":1},
{"departureTime":"2016-11-28 00:00:00","arrivalTime":"2018-04-03 01:52:30","status":4},
{"departureTime":"2016-11-28 00:00:00","arrivalTime":"2018-06-24 10:56:58","status":2},
{"departureTime":"2016-11-28 00:00:00","arrivalTime":"2018-06-01 06:05:31","status":1},
{"departureTime":"2016-11-28 00:00:00","arrivalTime":"2017-11-30 04:48:28","status":3},
{"departureTime":"2016-11-28 00:00:00","arrivalTime":"2018-07-14 15:39:33","status":1},
{"departureTime":"2016-11-28 00:00:00","arrivalTime":"2018-02-07 10:51:40","status":3},
{"departureTime":"2016-11-28 00:00:00","arrivalTime":"2018-04-03 15:57:27","status":4},
{"departureTime":"2016-11-28 00:00:00","arrivalTime":"2018-02-23 07:04:03","status":2},
{"departureTime":"2016-11-28 00:00:00","arrivalTime":"2018-11-26 09:37:35","status":4},
{"departureTime":"2016-11-28 00:00:00","arrivalTime":"2018-04-11 23:37:22","status":4},
{"departureTime":"2016-11-28 00:00:00","arrivalTime":"2018-10-13 07:05:55","status":1},
{"departureTime":"2016-11-28 00:00:00","arrivalTime":"2018-05-02 19:32:18","status":1},
{"departureTime":"2016-11-28 00:00:00","arrivalTime":"2018-10-07 17:58:16","status":2},
{"departureTime":"2016-11-28 00:00:00","arrivalTime":"2018-10-26 11:36:59","status":4},
{"departureTime":"2016-11-28 00:00:00","arrivalTime":"2018-11-14 11:00:46","status":1},
{"departureTime":"2016-11-28 00:00:00","arrivalTime":"2018-07-17 10:49:33","status":1},
{"departureTime":"2016-11-28 00:00:00","arrivalTime":"2018-02-11 13:07:51","status":1},
{"departureTime":"2016-11-28 00:00:00","arrivalTime":"2018-10-15 03:00:58","status":4},
{"departureTime":"2016-11-28 00:00:00","arrivalTime":"2018-03-02 03:41:48","status":1},
{"departureTime":"2016-11-28 00:00:00","arrivalTime":"2018-11-03 12:58:10","status":4},
{"departureTime":"2016-11-28 00:00:00","arrivalTime":"2017-12-31 04:50:37","status":3},
{"departureTime":"2016-11-28 00:00:00","arrivalTime":"2018-02-13 21:10:00","status":3},
{"departureTime":"2016-11-28 00:00:00","arrivalTime":"2018-07-10 13:34:08","status":4},
{"departureTime":"2016-11-28 00:00:00","arrivalTime":"2018-05-16 21:25:33","status":2},
{"departureTime":"2016-11-28 00:00:00","arrivalTime":"2017-12-01 20:46:41","status":2},
{"departureTime":"2016-11-28 00:00:00","arrivalTime":"2018-07-14 12:50:20","status":2},
{"departureTime":"2016-11-28 00:00:00","arrivalTime":"2018-07-04 21:59:49","status":1},
{"departureTime":"2016-11-28 00:00:00","arrivalTime":"2018-03-08 20:05:24","status":1},
{"departureTime":"2016-11-28 00:00:00","arrivalTime":"2018-10-10 16:11:08","status":3},
{"departureTime":"2016-11-28 00:00:00","arrivalTime":"2018-08-17 13:16:17","status":2},
{"departureTime":"2016-11-28 00:00:00","arrivalTime":"2018-02-03 03:02:43","status":4},
{"departureTime":"2016-11-28 00:00:00","arrivalTime":"2018-03-11 15:57:57","status":1},
{"departureTime":"2016-11-28 00:00:00","arrivalTime":"2018-05-01 08:53:11","status":4},
{"departureTime":"2016-11-28 00:00:00","arrivalTime":"2018-08-27 13:39:30","status":4},
{"departureTime":"2016-11-28 00:00:00","arrivalTime":"2018-04-03 06:37:59","status":2},
{"departureTime":"2016-11-28 00:00:00","arrivalTime":"2018-01-08 01:00:40","status":3},
{"departureTime":"2016-11-28 00:00:00","arrivalTime":"2018-02-23 23:56:47","status":4},
{"departureTime":"2016-11-28 00:00:00","arrivalTime":"2018-04-17 19:33:57","status":4},
{"departureTime":"2016-11-28 00:00:00","arrivalTime":"2018-08-06 03:16:52","status":1},
{"departureTime":"2016-11-28 00:00:00","arrivalTime":"2018-02-12 21:46:49","status":2},
{"departureTime":"2016-11-28 00:00:00","arrivalTime":"2018-04-24 12:05:26","status":2},
{"departureTime":"2016-11-28 00:00:00","arrivalTime":"2018-08-23 18:14:45","status":2},
{"departureTime":"2016-11-28 00:00:00","arrivalTime":"2018-11-01 08:51:51","status":4},
{"departureTime":"2016-11-28 00:00:00","arrivalTime":"2018-10-01 21:36:09","status":2},
{"departureTime":"2016-11-28 00:00:00","arrivalTime":"2018-02-02 06:56:26","status":1},
{"departureTime":"2016-11-28 00:00:00","arrivalTime":"2018-05-19 01:44:12","status":3},
{"departureTime":"2016-11-28 00:00:00","arrivalTime":"2018-05-23 21:12:26","status":4},
{"departureTime":"2016-11-28 00:00:00","arrivalTime":"2018-06-12 10:24:47","status":3},
{"departureTime":"2016-11-28 00:00:00","arrivalTime":"2018-10-17 02:38:29","status":4},
{"departureTime":"2016-11-28 00:00:00","arrivalTime":"2018-04-01 21:42:55","status":1},
{"departureTime":"2016-11-28 00:00:00","arrivalTime":"2018-11-26 09:14:13","status":1},
{"departureTime":"2016-11-28 00:00:00","arrivalTime":"2018-01-03 18:57:15","status":4},
{"departureTime":"2016-11-28 00:00:00","arrivalTime":"2018-09-27 09:38:07","status":3},
{"departureTime":"2016-11-28 00:00:00","arrivalTime":"2018-07-19 02:50:25","status":2},
{"departureTime":"2016-11-28 00:00:00","arrivalTime":"2018-02-23 17:23:25","status":3},
{"departureTime":"2016-11-28 00:00:00","arrivalTime":"2018-03-30 01:00:59","status":4},
{"departureTime":"2016-11-28 00:00:00","arrivalTime":"2018-09-01 01:12:23","status":4},
{"departureTime":"2016-11-28 00:00:00","arrivalTime":"2018-05-03 07:44:19","status":2},
{"departureTime":"2016-11-28 00:00:00","arrivalTime":"2018-04-12 12:23:50","status":4},
{"departureTime":"2016-11-28 00:00:00","arrivalTime":"2018-04-18 07:37:53","status":4},
{"departureTime":"2016-11-28 00:00:00","arrivalTime":"2018-10-03 09:25:08","status":2},
{"departureTime":"2016-11-28 00:00:00","arrivalTime":"2018-07-23 12:38:18","status":3},
{"departureTime":"2016-11-28 00:00:00","arrivalTime":"2018-10-27 15:51:33","status":2},
{"departureTime":"2016-11-28 00:00:00","arrivalTime":"2018-01-01 18:23:06","status":1},
{"departureTime":"2016-11-28 00:00:00","arrivalTime":"2018-07-04 12:40:56","status":1},
{"departureTime":"2016-11-28 00:00:00","arrivalTime":"2018-01-18 19:00:19","status":4},
{"departureTime":"2016-11-28 00:00:00","arrivalTime":"2018-08-07 06:30:21","status":2},
{"departureTime":"2016-11-28 00:00:00","arrivalTime":"2018-09-17 14:47:21","status":2},
{"departureTime":"2016-11-28 00:00:00","arrivalTime":"2018-10-07 01:00:55","status":4},
{"departureTime":"2016-11-28 00:00:00","arrivalTime":"2018-08-16 09:47:04","status":4},
{"departureTime":"2016-11-28 00:00:00","arrivalTime":"2018-04-12 08:53:19","status":1},
{"departureTime":"2016-11-28 00:00:00","arrivalTime":"2018-08-03 14:53:09","status":4},
{"departureTime":"2016-11-28 00:00:00","arrivalTime":"2018-08-06 22:01:55","status":3},
{"departureTime":"2016-11-28 00:00:00","arrivalTime":"2018-07-05 11:29:46","status":1},
{"departureTime":"2016-11-28 00:00:00","arrivalTime":"2018-09-11 17:23:54","status":1},
{"departureTime":"2016-11-28 00:00:00","arrivalTime":"2017-12-23 13:32:05","status":3},
{"departureTime":"2016-11-28 00:00:00","arrivalTime":"2018-07-18 06:54:55","status":2},
{"departureTime":"2016-11-28 00:00:00","arrivalTime":"2018-02-08 20:03:59","status":1},
{"departureTime":"2016-11-28 00:00:00","arrivalTime":"2018-06-02 08:24:57","status":4},
{"departureTime":"2016-11-28 00:00:00","arrivalTime":"2018-02-10 11:26:48","status":4},
{"departureTime":"2016-11-28 00:00:00","arrivalTime":"2018-10-07 05:22:37","status":4},
{"departureTime":"2016-11-28 00:00:00","arrivalTime":"2018-10-22 01:35:58","status":2},
{"departureTime":"2016-11-28 00:00:00","arrivalTime":"2018-01-14 07:31:35","status":1},
{"departureTime":"2016-11-28 00:00:00","arrivalTime":"2018-06-08 23:45:28","status":3},
{"departureTime":"2016-11-28 00:00:00","arrivalTime":"2018-02-12 03:43:05","status":4},
{"departureTime":"2016-11-28 00:00:00","arrivalTime":"2018-07-24 18:58:24","status":4},
{"departureTime":"2016-11-28 00:00:00","arrivalTime":"2018-02-22 14:01:03","status":3},
{"departureTime":"2016-11-28 00:00:00","arrivalTime":"2018-05-15 23:57:08","status":2},
{"departureTime":"2016-11-28 00:00:00","arrivalTime":"2018-02-05 03:35:30","status":1},
{"departureTime":"2016-11-28 00:00:00","arrivalTime":"2018-05-31 01:33:40","status":3},
{"departureTime":"2016-11-28 00:00:00","arrivalTime":"2018-07-31 18:45:18","status":2},
{"departureTime":"2016-11-28 00:00:00","arrivalTime":"2018-11-09 21:19:48","status":2},
{"departureTime":"2016-11-28 00:00:00","arrivalTime":"2018-02-13 16:33:45","status":1},
{"departureTime":"2016-11-28 00:00:00","arrivalTime":"2018-01-28 20:28:46","status":3},
{"departureTime":"2016-11-28 00:00:00","arrivalTime":"2018-05-06 07:28:01","status":1},
{"departureTime":"2016-11-28 00:00:00","arrivalTime":"2018-08-24 17:26:23","status":2},
{"departureTime":"2016-11-28 00:00:00","arrivalTime":"2018-09-17 04:14:28","status":3},
{"departureTime":"2016-11-28 00:00:00","arrivalTime":"2018-08-07 03:05:01","status":3},
{"departureTime":"2016-11-28 00:00:00","arrivalTime":"2018-01-05 22:12:08","status":2},
{"departureTime":"2016-11-28 00:00:00","arrivalTime":"2018-11-26 20:00:43","status":3},
{"departureTime":"2016-11-28 00:00:00","arrivalTime":"2018-10-16 06:28:06","status":3},
{"departureTime":"2016-11-28 00:00:00","arrivalTime":"2018-10-08 18:07:35","status":1},
{"departureTime":"2016-11-28 00:00:00","arrivalTime":"2018-09-03 19:09:35","status":2},
{"departureTime":"2016-11-28 00:00:00","arrivalTime":"2018-11-25 00:17:01","status":4},
{"departureTime":"2016-11-28 00:00:00","arrivalTime":"2018-04-01 12:51:21","status":3},
{"departureTime":"2016-11-28 00:00:00","arrivalTime":"2018-01-27 18:53:20","status":1},
{"departureTime":"2016-11-28 00:00:00","arrivalTime":"2018-06-13 20:38:41","status":3},
{"departureTime":"2016-11-28 00:00:00","arrivalTime":"2018-02-03 17:58:03","status":4},
{"departureTime":"2016-11-28 00:00:00","arrivalTime":"2018-08-18 18:44:02","status":3},
{"departureTime":"2016-11-28 00:00:00","arrivalTime":"2018-03-03 19:17:30","status":3},
{"departureTime":"2016-11-28 00:00:00","arrivalTime":"2018-04-16 18:41:50","status":4},
{"departureTime":"2016-11-28 00:00:00","arrivalTime":"2018-08-02 20:14:43","status":2},
{"departureTime":"2016-11-28 00:00:00","arrivalTime":"2018-05-04 03:27:56","status":4},
{"departureTime":"2016-11-28 00:00:00","arrivalTime":"2018-02-17 11:58:24","status":1},
{"departureTime":"2016-11-28 00:00:00","arrivalTime":"2018-06-09 23:22:14","status":3},
{"departureTime":"2016-11-28 00:00:00","arrivalTime":"2018-06-14 09:41:07","status":2},
{"departureTime":"2016-11-28 00:00:00","arrivalTime":"2018-04-18 16:21:12","status":3},
{"departureTime":"2016-11-28 00:00:00","arrivalTime":"2018-01-14 01:03:20","status":2},
{"departureTime":"2016-11-28 00:00:00","arrivalTime":"2018-04-09 17:06:38","status":2},
{"departureTime":"2016-11-28 00:00:00","arrivalTime":"2017-12-11 07:16:36","status":3},
{"departureTime":"2016-11-28 00:00:00","arrivalTime":"2017-12-04 12:30:37","status":4},
{"departureTime":"2016-11-28 00:00:00","arrivalTime":"2018-08-19 07:09:33","status":4},
{"departureTime":"2016-11-28 00:00:00","arrivalTime":"2018-04-06 06:43:23","status":4},
{"departureTime":"2016-11-28 00:00:00","arrivalTime":"2018-09-25 23:27:00","status":2},
{"departureTime":"2016-11-28 00:00:00","arrivalTime":"2018-01-16 21:01:16","status":4},
{"departureTime":"2016-11-28 00:00:00","arrivalTime":"2018-02-18 15:40:54","status":4},
{"departureTime":"2016-11-28 00:00:00","arrivalTime":"2018-04-26 21:48:54","status":4},
{"departureTime":"2016-11-28 00:00:00","arrivalTime":"2018-10-27 15:22:01","status":3},
{"departureTime":"2016-11-28 00:00:00","arrivalTime":"2018-04-22 19:33:39","status":2},
{"departureTime":"2016-11-28 00:00:00","arrivalTime":"2018-07-26 12:10:58","status":3},
{"departureTime":"2016-11-28 00:00:00","arrivalTime":"2018-08-19 01:54:31","status":3},
{"departureTime":"2016-11-28 00:00:00","arrivalTime":"2018-05-27 17:46:12","status":1},
{"departureTime":"2016-11-28 00:00:00","arrivalTime":"2018-05-25 01:33:49","status":2},
{"departureTime":"2016-11-28 00:00:00","arrivalTime":"2018-11-23 22:30:07","status":1},
{"departureTime":"2016-11-28 00:00:00","arrivalTime":"2018-05-29 05:31:57","status":3},
{"departureTime":"2016-11-28 00:00:00","arrivalTime":"2018-06-21 09:08:50","status":3},
{"departureTime":"2016-11-28 00:00:00","arrivalTime":"2018-08-12 13:22:18","status":4},
{"departureTime":"2016-11-28 00:00:00","arrivalTime":"2017-12-13 18:42:58","status":1},
{"departureTime":"2016-11-28 00:00:00","arrivalTime":"2018-09-14 11:22:40","status":2},
{"departureTime":"2016-11-28 00:00:00","arrivalTime":"2018-08-02 05:48:27","status":1},
{"departureTime":"2016-11-28 00:00:00","arrivalTime":"2018-01-07 06:56:44","status":1},
{"departureTime":"2016-11-28 00:00:00","arrivalTime":"2017-12-21 23:50:06","status":2},
{"departureTime":"2016-11-28 00:00:00","arrivalTime":"2018-04-25 01:41:59","status":3},
{"departureTime":"2016-11-28 00:00:00","arrivalTime":"2018-09-17 20:24:09","status":3},
{"departureTime":"2016-11-28 00:00:00","arrivalTime":"2017-12-25 19:51:34","status":4},
{"departureTime":"2016-11-28 00:00:00","arrivalTime":"2018-10-22 01:25:07","status":2},
{"departureTime":"2016-11-28 00:00:00","arrivalTime":"2018-09-30 16:19:32","status":1},
{"departureTime":"2016-11-28 00:00:00","arrivalTime":"2018-04-23 13:00:32","status":3},
{"departureTime":"2016-11-28 00:00:00","arrivalTime":"2018-09-26 19:09:10","status":1},
{"departureTime":"2016-11-28 00:00:00","arrivalTime":"2018-10-25 15:11:52","status":4},
{"departureTime":"2016-11-28 00:00:00","arrivalTime":"2018-01-26 00:37:49","status":1},
{"departureTime":"2016-11-28 00:00:00","arrivalTime":"2018-10-03 05:44:07","status":4},
{"departureTime":"2016-11-28 00:00:00","arrivalTime":"2018-05-20 13:03:22","status":2},
{"departureTime":"2016-11-28 00:00:00","arrivalTime":"2018-06-20 06:09:05","status":1},
{"departureTime":"2016-11-28 00:00:00","arrivalTime":"2018-07-16 12:32:59","status":1},
{"departureTime":"2016-11-28 00:00:00","arrivalTime":"2018-05-04 05:39:51","status":2},
{"departureTime":"2016-11-28 00:00:00","arrivalTime":"2018-01-24 11:26:19","status":4},
{"departureTime":"2016-11-28 00:00:00","arrivalTime":"2018-08-28 07:13:35","status":3},
{"departureTime":"2016-11-28 00:00:00","arrivalTime":"2018-02-09 02:09:21","status":1},
{"departureTime":"2016-11-28 00:00:00","arrivalTime":"2018-09-23 22:12:45","status":1},
{"departureTime":"2016-11-28 00:00:00","arrivalTime":"2017-12-26 12:37:13","status":3},
{"departureTime":"2016-11-28 00:00:00","arrivalTime":"2018-02-20 09:17:22","status":1},
{"departureTime":"2016-11-28 00:00:00","arrivalTime":"2018-09-11 14:46:59","status":1},
{"departureTime":"2016-11-28 00:00:00","arrivalTime":"2017-12-29 17:13:19","status":4},
{"departureTime":"2016-11-28 00:00:00","arrivalTime":"2018-03-11 22:50:47","status":1},
{"departureTime":"2016-11-28 00:00:00","arrivalTime":"2018-11-01 23:55:36","status":4},
{"departureTime":"2016-11-28 00:00:00","arrivalTime":"2018-04-06 00:20:54","status":3},
{"departureTime":"2016-11-28 00:00:00","arrivalTime":"2017-12-26 08:16:12","status":3},
{"departureTime":"2016-11-28 00:00:00","arrivalTime":"2018-05-21 04:30:52","status":2},
{"departureTime":"2016-11-28 00:00:00","arrivalTime":"2018-05-23 10:26:20","status":4},
{"departureTime":"2016-11-28 00:00:00","arrivalTime":"2017-12-04 20:43:47","status":4},
{"departureTime":"2016-11-28 00:00:00","arrivalTime":"2018-03-29 18:27:27","status":4},
{"departureTime":"2016-11-28 00:00:00","arrivalTime":"2018-03-22 12:01:33","status":2},
{"departureTime":"2016-11-28 00:00:00","arrivalTime":"2018-11-15 20:20:52","status":2},
{"departureTime":"2016-11-28 00:00:00","arrivalTime":"2017-12-29 09:47:58","status":2},
{"departureTime":"2016-11-28 00:00:00","arrivalTime":"2018-07-02 14:27:40","status":3},
{"departureTime":"2016-11-28 00:00:00","arrivalTime":"2018-02-11 18:01:40","status":1},
{"departureTime":"2016-11-28 00:00:00","arrivalTime":"2018-09-27 04:56:36","status":2},
{"departureTime":"2016-11-28 00:00:00","arrivalTime":"2018-08-06 15:11:49","status":4},
{"departureTime":"2016-11-28 00:00:00","arrivalTime":"2018-02-01 04:16:47","status":4},
{"departureTime":"2016-11-28 00:00:00","arrivalTime":"2018-01-22 03:34:59","status":1},
{"departureTime":"2016-11-28 00:00:00","arrivalTime":"2018-02-22 14:17:22","status":1},
{"departureTime":"2016-11-28 00:00:00","arrivalTime":"2018-10-06 10:55:38","status":1},
{"departureTime":"2016-11-28 00:00:00","arrivalTime":"2018-09-30 22:05:21","status":2},
{"departureTime":"2016-11-28 00:00:00","arrivalTime":"2018-01-27 12:06:26","status":4},
{"departureTime":"2016-11-28 00:00:00","arrivalTime":"2018-02-11 13:53:18","status":4},
{"departureTime":"2016-11-28 00:00:00","arrivalTime":"2018-05-23 20:24:23","status":3},
{"departureTime":"2016-11-28 00:00:00","arrivalTime":"2018-11-09 23:03:53","status":2},
{"departureTime":"2016-11-28 00:00:00","arrivalTime":"2018-09-26 15:14:31","status":1},
{"departureTime":"2016-11-28 00:00:00","arrivalTime":"2018-04-17 18:02:51","status":4},
{"departureTime":"2016-11-28 00:00:00","arrivalTime":"2018-01-19 05:44:34","status":2},
{"departureTime":"2016-11-28 00:00:00","arrivalTime":"2018-03-06 01:35:24","status":3},
{"departureTime":"2016-11-28 00:00:00","arrivalTime":"2018-05-11 22:38:51","status":2},
{"departureTime":"2016-11-28 00:00:00","arrivalTime":"2018-07-12 08:45:25","status":2},
{"departureTime":"2016-11-28 00:00:00","arrivalTime":"2018-04-27 14:39:58","status":1},
{"departureTime":"2016-11-28 00:00:00","arrivalTime":"2018-04-04 19:54:43","status":4},
{"departureTime":"2016-11-28 00:00:00","arrivalTime":"2018-01-24 20:53:22","status":1},
{"departureTime":"2016-11-28 00:00:00","arrivalTime":"2018-06-29 18:44:59","status":3},
{"departureTime":"2016-11-28 00:00:00","arrivalTime":"2018-02-21 15:24:02","status":2},
{"departureTime":"2016-11-28 00:00:00","arrivalTime":"2018-09-05 14:13:33","status":2},
{"departureTime":"2016-11-28 00:00:00","arrivalTime":"2018-10-16 19:37:09","status":1},
{"departureTime":"2016-11-28 00:00:00","arrivalTime":"2018-02-01 01:21:42","status":1},
{"departureTime":"2016-11-28 00:00:00","arrivalTime":"2018-08-28 06:41:36","status":2},
{"departureTime":"2016-11-28 00:00:00","arrivalTime":"2018-03-23 16:42:17","status":1},
{"departureTime":"2016-11-28 00:00:00","arrivalTime":"2018-03-04 05:08:11","status":2},
{"departureTime":"2016-11-28 00:00:00","arrivalTime":"2018-04-10 19:58:38","status":4},
{"departureTime":"2016-11-28 00:00:00","arrivalTime":"2018-01-21 21:31:56","status":3},
{"departureTime":"2016-11-28 00:00:00","arrivalTime":"2018-05-17 15:59:50","status":2},
{"departureTime":"2016-11-28 00:00:00","arrivalTime":"2018-04-10 17:37:14","status":1},
{"departureTime":"2016-11-28 00:00:00","arrivalTime":"2018-10-02 12:12:25","status":1},
{"departureTime":"2016-11-28 00:00:00","arrivalTime":"2018-08-27 17:53:35","status":1},
{"departureTime":"2016-11-28 00:00:00","arrivalTime":"2018-03-19 09:41:57","status":1},
{"departureTime":"2016-11-28 00:00:00","arrivalTime":"2018-05-15 00:23:45","status":4},
{"departureTime":"2016-11-28 00:00:00","arrivalTime":"2018-03-14 07:19:36","status":4},
{"departureTime":"2016-11-28 00:00:00","arrivalTime":"2017-12-31 12:26:02","status":1},
{"departureTime":"2016-11-28 00:00:00","arrivalTime":"2017-12-24 22:13:14","status":4},
{"departureTime":"2016-11-28 00:00:00","arrivalTime":"2018-01-18 00:17:56","status":3},
{"departureTime":"2016-11-28 00:00:00","arrivalTime":"2018-05-07 07:04:51","status":2},
{"departureTime":"2016-11-28 00:00:00","arrivalTime":"2017-12-07 20:52:28","status":4},
{"departureTime":"2016-11-28 00:00:00","arrivalTime":"2018-05-24 22:17:43","status":1},
{"departureTime":"2016-11-28 00:00:00","arrivalTime":"2018-04-06 18:45:04","status":3},
{"departureTime":"2016-11-28 00:00:00","arrivalTime":"2018-08-30 08:06:28","status":2},
{"departureTime":"2016-11-28 00:00:00","arrivalTime":"2018-10-19 10:58:23","status":3},
{"departureTime":"2016-11-28 00:00:00","arrivalTime":"2017-11-28 18:48:37","status":2},
{"departureTime":"2016-11-28 00:00:00","arrivalTime":"2018-06-12 03:42:03","status":1},
{"departureTime":"2016-11-28 00:00:00","arrivalTime":"2018-03-13 01:20:35","status":2},
{"departureTime":"2016-11-28 00:00:00","arrivalTime":"2018-06-11 13:29:44","status":1},
{"departureTime":"2016-11-28 00:00:00","arrivalTime":"2018-08-17 08:41:36","status":3},
{"departureTime":"2016-11-28 00:00:00","arrivalTime":"2018-08-26 04:52:10","status":1},
{"departureTime":"2016-11-28 00:00:00","arrivalTime":"2018-11-06 06:02:15","status":1},
{"departureTime":"2016-11-28 00:00:00","arrivalTime":"2018-07-03 19:41:19","status":4},
{"departureTime":"2016-11-28 00:00:00","arrivalTime":"2017-12-01 04:34:06","status":1},
{"departureTime":"2016-11-28 00:00:00","arrivalTime":"2018-03-01 10:09:24","status":4},
{"departureTime":"2016-11-28 00:00:00","arrivalTime":"2018-07-22 06:30:43","status":3},
{"departureTime":"2016-11-28 00:00:00","arrivalTime":"2018-09-26 14:50:17","status":3},
{"departureTime":"2016-11-28 00:00:00","arrivalTime":"2018-10-31 07:11:21","status":1},
{"departureTime":"2016-11-28 00:00:00","arrivalTime":"2018-08-19 05:43:33","status":4},
{"departureTime":"2016-11-28 00:00:00","arrivalTime":"2018-03-29 07:25:39","status":2},
{"departureTime":"2016-11-28 00:00:00","arrivalTime":"2018-04-25 18:06:42","status":3},
{"departureTime":"2016-11-28 00:00:00","arrivalTime":"2018-11-27 17:18:31","status":2},
{"departureTime":"2016-11-28 00:00:00","arrivalTime":"2018-04-09 05:57:38","status":1},
{"departureTime":"2016-11-28 00:00:00","arrivalTime":"2018-07-19 14:18:38","status":1},
{"departureTime":"2016-11-28 00:00:00","arrivalTime":"2018-01-11 08:10:17","status":1},
{"departureTime":"2016-11-28 00:00:00","arrivalTime":"2018-09-25 11:22:46","status":4},
{"departureTime":"2016-11-28 00:00:00","arrivalTime":"2018-05-18 15:03:04","status":2},
{"departureTime":"2016-11-28 00:00:00","arrivalTime":"2018-10-12 02:35:30","status":3},
{"departureTime":"2016-11-28 00:00:00","arrivalTime":"2018-10-05 15:27:22","status":1},
{"departureTime":"2016-11-28 00:00:00","arrivalTime":"2018-03-28 23:30:38","status":3},
{"departureTime":"2016-11-28 00:00:00","arrivalTime":"2018-08-25 03:53:22","status":1},
{"departureTime":"2016-11-28 00:00:00","arrivalTime":"2018-05-06 02:31:50","status":3},
{"departureTime":"2016-11-28 00:00:00","arrivalTime":"2017-12-10 15:21:33","status":3},
{"departureTime":"2016-11-28 00:00:00","arrivalTime":"2017-12-28 05:24:34","status":4},
{"departureTime":"2016-11-28 00:00:00","arrivalTime":"2018-10-05 02:30:01","status":2},
{"departureTime":"2016-11-28 00:00:00","arrivalTime":"2018-10-31 16:44:50","status":4},
{"departureTime":"2016-11-28 00:00:00","arrivalTime":"2018-10-11 09:33:10","status":3},
{"departureTime":"2016-11-28 00:00:00","arrivalTime":"2018-07-29 08:23:01","status":1},
{"departureTime":"2016-11-28 00:00:00","arrivalTime":"2018-10-22 14:27:01","status":1},
{"departureTime":"2016-11-28 00:00:00","arrivalTime":"2018-06-19 09:54:23","status":4},
{"departureTime":"2016-11-28 00:00:00","arrivalTime":"2018-07-17 02:42:44","status":2},
{"departureTime":"2016-11-28 00:00:00","arrivalTime":"2018-07-08 12:46:09","status":3},
{"departureTime":"2016-11-28 00:00:00","arrivalTime":"2018-01-14 06:34:22","status":4},
{"departureTime":"2016-11-28 00:00:00","arrivalTime":"2018-11-03 11:57:48","status":3},
{"departureTime":"2016-11-28 00:00:00","arrivalTime":"2017-11-29 23:49:24","status":1},
{"departureTime":"2016-11-28 00:00:00","arrivalTime":"2018-03-20 22:34:15","status":2},
{"departureTime":"2016-11-28 00:00:00","arrivalTime":"2018-05-17 08:15:14","status":4},
{"departureTime":"2016-11-28 00:00:00","arrivalTime":"2018-02-14 21:24:56","status":2},
{"departureTime":"2016-11-28 00:00:00","arrivalTime":"2017-12-05 15:14:33","status":3},
{"departureTime":"2016-11-28 00:00:00","arrivalTime":"2018-04-07 19:44:41","status":3},
{"departureTime":"2016-11-28 00:00:00","arrivalTime":"2017-12-27 20:20:35","status":4},
{"departureTime":"2016-11-28 00:00:00","arrivalTime":"2017-12-23 07:51:34","status":1},
{"departureTime":"2016-11-28 00:00:00","arrivalTime":"2018-09-30 20:03:09","status":1},
{"departureTime":"2016-11-28 00:00:00","arrivalTime":"2018-03-23 06:18:33","status":2},
{"departureTime":"2016-11-28 00:00:00","arrivalTime":"2018-06-25 00:02:36","status":1},
{"departureTime":"2016-11-28 00:00:00","arrivalTime":"2018-08-11 02:07:39","status":3},
{"departureTime":"2016-11-28 00:00:00","arrivalTime":"2018-09-18 15:00:44","status":1},
{"departureTime":"2016-11-28 00:00:00","arrivalTime":"2018-08-26 00:46:31","status":2},
{"departureTime":"2016-11-28 00:00:00","arrivalTime":"2018-05-24 13:27:09","status":1},
{"departureTime":"2016-11-28 00:00:00","arrivalTime":"2018-03-23 04:21:30","status":4},
{"departureTime":"2016-11-28 00:00:00","arrivalTime":"2018-11-24 13:46:13","status":4},
{"departureTime":"2016-11-28 00:00:00","arrivalTime":"2018-01-15 05:28:44","status":2},
{"departureTime":"2016-11-28 00:00:00","arrivalTime":"2018-09-10 03:46:53","status":2},
{"departureTime":"2016-11-28 00:00:00","arrivalTime":"2018-04-18 20:05:48","status":3},
{"departureTime":"2016-11-28 00:00:00","arrivalTime":"2018-09-18 13:00:38","status":1},
{"departureTime":"2016-11-28 00:00:00","arrivalTime":"2018-03-19 15:51:41","status":3},
{"departureTime":"2016-11-28 00:00:00","arrivalTime":"2018-02-01 02:56:40","status":3},
{"departureTime":"2016-11-28 00:00:00","arrivalTime":"2018-09-20 17:08:01","status":1},
{"departureTime":"2016-11-28 00:00:00","arrivalTime":"2018-05-03 09:30:32","status":2},
{"departureTime":"2016-11-28 00:00:00","arrivalTime":"2018-03-15 02:19:22","status":1},
{"departureTime":"2016-11-28 00:00:00","arrivalTime":"2018-03-19 18:58:22","status":2},
{"departureTime":"2016-11-28 00:00:00","arrivalTime":"2018-04-21 09:12:34","status":1},
{"departureTime":"2016-11-28 00:00:00","arrivalTime":"2017-12-29 23:24:14","status":2},
{"departureTime":"2016-11-28 00:00:00","arrivalTime":"2017-12-11 16:36:40","status":4},
{"departureTime":"2016-11-28 00:00:00","arrivalTime":"2018-09-29 07:03:07","status":3},
{"departureTime":"2016-11-28 00:00:00","arrivalTime":"2018-09-19 07:04:44","status":1},
{"departureTime":"2016-11-28 00:00:00","arrivalTime":"2018-05-31 23:31:58","status":4},
{"departureTime":"2016-11-28 00:00:00","arrivalTime":"2018-03-04 00:48:20","status":3},
{"departureTime":"2016-11-28 00:00:00","arrivalTime":"2018-03-02 00:16:18","status":2},
{"departureTime":"2016-11-28 00:00:00","arrivalTime":"2017-12-07 20:25:38","status":2},
{"departureTime":"2016-11-28 00:00:00","arrivalTime":"2018-05-18 01:57:45","status":1},
{"departureTime":"2016-11-28 00:00:00","arrivalTime":"2018-08-21 16:16:13","status":1},
{"departureTime":"2016-11-28 00:00:00","arrivalTime":"2018-06-27 09:58:35","status":3},
{"departureTime":"2016-11-28 00:00:00","arrivalTime":"2018-07-08 18:16:46","status":1},
{"departureTime":"2016-11-28 00:00:00","arrivalTime":"2018-08-03 01:44:23","status":2},
{"departureTime":"2016-11-28 00:00:00","arrivalTime":"2018-08-10 14:43:27","status":1},
{"departureTime":"2016-11-28 00:00:00","arrivalTime":"2018-09-29 23:21:35","status":3},
{"departureTime":"2016-11-28 00:00:00","arrivalTime":"2018-09-05 01:48:06","status":3},
{"departureTime":"2016-11-28 00:00:00","arrivalTime":"2018-08-06 19:08:31","status":2},
{"departureTime":"2016-11-28 00:00:00","arrivalTime":"2018-09-25 07:34:40","status":2},
{"departureTime":"2016-11-28 00:00:00","arrivalTime":"2018-09-08 10:33:44","status":2},
{"departureTime":"2016-11-28 00:00:00","arrivalTime":"2017-12-28 18:39:50","status":1},
{"departureTime":"2016-11-28 00:00:00","arrivalTime":"2018-08-29 21:09:20","status":4},
{"departureTime":"2016-11-28 00:00:00","arrivalTime":"2018-02-04 09:14:33","status":3},
{"departureTime":"2016-11-28 00:00:00","arrivalTime":"2017-12-18 09:26:14","status":2},
{"departureTime":"2016-11-28 00:00:00","arrivalTime":"2018-05-24 03:09:38","status":4},
{"departureTime":"2016-11-28 00:00:00","arrivalTime":"2018-03-12 09:15:44","status":4},
{"departureTime":"2016-11-28 00:00:00","arrivalTime":"2018-11-02 18:58:43","status":1},
{"departureTime":"2016-11-28 00:00:00","arrivalTime":"2018-09-23 11:16:52","status":4},
{"departureTime":"2016-11-28 00:00:00","arrivalTime":"2018-04-16 12:40:33","status":1},
{"departureTime":"2016-11-28 00:00:00","arrivalTime":"2018-04-08 19:20:39","status":3},
{"departureTime":"2016-11-28 00:00:00","arrivalTime":"2018-07-20 13:34:47","status":1},
{"departureTime":"2016-11-28 00:00:00","arrivalTime":"2018-01-27 10:30:24","status":3},
{"departureTime":"2016-11-28 00:00:00","arrivalTime":"2018-03-11 20:10:28","status":3},
{"departureTime":"2016-11-28 00:00:00","arrivalTime":"2017-12-07 06:43:48","status":2},
{"departureTime":"2016-11-28 00:00:00","arrivalTime":"2018-09-15 05:42:18","status":4},
{"departureTime":"2016-11-28 00:00:00","arrivalTime":"2018-03-04 10:59:08","status":1},
{"departureTime":"2016-11-28 00:00:00","arrivalTime":"2017-12-31 15:09:04","status":3},
{"departureTime":"2016-11-28 00:00:00","arrivalTime":"2018-02-03 05:26:45","status":3},
{"departureTime":"2016-11-28 00:00:00","arrivalTime":"2018-07-10 15:16:09","status":3},
{"departureTime":"2016-11-28 00:00:00","arrivalTime":"2018-03-16 23:32:10","status":4},
{"departureTime":"2016-11-28 00:00:00","arrivalTime":"2018-05-11 11:28:16","status":4},
{"departureTime":"2016-11-28 00:00:00","arrivalTime":"2018-06-03 23:01:42","status":1},
{"departureTime":"2016-11-28 00:00:00","arrivalTime":"2018-03-02 17:06:42","status":4},
{"departureTime":"2016-11-28 00:00:00","arrivalTime":"2018-03-05 21:02:53","status":1},
{"departureTime":"2016-11-28 00:00:00","arrivalTime":"2018-04-18 22:30:18","status":4},
{"departureTime":"2016-11-28 00:00:00","arrivalTime":"2017-12-31 17:00:11","status":1},
{"departureTime":"2016-11-28 00:00:00","arrivalTime":"2018-01-03 11:11:08","status":2},
{"departureTime":"2016-11-28 00:00:00","arrivalTime":"2018-03-25 18:05:31","status":2},
{"departureTime":"2016-11-28 00:00:00","arrivalTime":"2018-07-19 13:39:28","status":1},
{"departureTime":"2016-11-28 00:00:00","arrivalTime":"2018-06-03 00:04:39","status":2},
{"departureTime":"2016-11-28 00:00:00","arrivalTime":"2018-07-12 10:57:16","status":3},
{"departureTime":"2016-11-28 00:00:00","arrivalTime":"2017-12-13 18:43:44","status":4},
{"departureTime":"2016-11-28 00:00:00","arrivalTime":"2018-05-09 18:40:37","status":4},
{"departureTime":"2016-11-28 00:00:00","arrivalTime":"2018-01-03 05:35:05","status":1},
{"departureTime":"2016-11-28 00:00:00","arrivalTime":"2018-07-26 22:55:12","status":2},
{"departureTime":"2016-11-28 00:00:00","arrivalTime":"2017-12-06 22:38:50","status":2},
{"departureTime":"2016-11-28 00:00:00","arrivalTime":"2018-04-07 07:56:17","status":2},
{"departureTime":"2016-11-28 00:00:00","arrivalTime":"2018-09-26 15:15:39","status":1},
{"departureTime":"2016-11-28 00:00:00","arrivalTime":"2018-05-11 03:43:49","status":4},
{"departureTime":"2016-11-28 00:00:00","arrivalTime":"2018-01-17 01:22:59","status":1},
{"departureTime":"2016-11-28 00:00:00","arrivalTime":"2018-02-02 16:52:01","status":2},
{"departureTime":"2016-11-28 00:00:00","arrivalTime":"2018-04-21 22:24:08","status":3},
{"departureTime":"2016-11-28 00:00:00","arrivalTime":"2018-11-18 18:09:11","status":1},
{"departureTime":"2016-11-28 00:00:00","arrivalTime":"2018-01-23 05:06:37","status":4},
{"departureTime":"2016-11-28 00:00:00","arrivalTime":"2018-11-15 15:07:10","status":3},
{"departureTime":"2016-11-28 00:00:00","arrivalTime":"2018-10-06 22:06:50","status":2},
{"departureTime":"2016-11-28 00:00:00","arrivalTime":"2018-10-21 05:41:21","status":4},
{"departureTime":"2016-11-28 00:00:00","arrivalTime":"2017-12-28 06:08:19","status":4},
{"departureTime":"2016-11-28 00:00:00","arrivalTime":"2017-12-19 17:10:15","status":1},
{"departureTime":"2016-11-28 00:00:00","arrivalTime":"2018-11-27 20:22:27","status":1},
{"departureTime":"2016-11-28 00:00:00","arrivalTime":"2018-10-28 08:13:41","status":2},
{"departureTime":"2016-11-28 00:00:00","arrivalTime":"2018-01-16 13:23:07","status":1},
{"departureTime":"2016-11-28 00:00:00","arrivalTime":"2018-06-29 18:56:23","status":1},
{"departureTime":"2016-11-28 00:00:00","arrivalTime":"2018-03-13 23:05:28","status":1},
{"departureTime":"2016-11-28 00:00:00","arrivalTime":"2018-02-15 15:23:21","status":3},
{"departureTime":"2016-11-28 00:00:00","arrivalTime":"2017-12-24 14:58:02","status":1},
{"departureTime":"2016-11-28 00:00:00","arrivalTime":"2018-08-19 21:25:42","status":3},
{"departureTime":"2016-11-28 00:00:00","arrivalTime":"2018-01-02 12:04:35","status":1},
{"departureTime":"2016-11-28 00:00:00","arrivalTime":"2018-01-21 07:20:01","status":3},
{"departureTime":"2016-11-28 00:00:00","arrivalTime":"2018-11-02 15:20:29","status":4},
{"departureTime":"2016-11-28 00:00:00","arrivalTime":"2018-09-12 21:44:00","status":2},
{"departureTime":"2016-11-28 00:00:00","arrivalTime":"2018-09-06 14:47:30","status":2},
{"departureTime":"2016-11-28 00:00:00","arrivalTime":"2018-01-21 05:09:57","status":1},
{"departureTime":"2016-11-28 00:00:00","arrivalTime":"2018-07-12 04:26:06","status":4},
{"departureTime":"2016-11-28 00:00:00","arrivalTime":"2018-10-15 18:35:12","status":4},
{"departureTime":"2016-11-28 00:00:00","arrivalTime":"2018-06-26 00:53:46","status":4},
{"departureTime":"2016-11-28 00:00:00","arrivalTime":"2018-07-03 07:25:47","status":2},
{"departureTime":"2016-11-28 00:00:00","arrivalTime":"2017-12-10 23:50:58","status":1},
{"departureTime":"2016-11-28 00:00:00","arrivalTime":"2018-05-01 16:42:21","status":3},
{"departureTime":"2016-11-28 00:00:00","arrivalTime":"2018-05-29 12:09:52","status":2},
{"departureTime":"2016-11-28 00:00:00","arrivalTime":"2018-06-08 21:02:48","status":2},
{"departureTime":"2016-11-28 00:00:00","arrivalTime":"2018-07-30 03:10:34","status":3},
{"departureTime":"2016-11-28 00:00:00","arrivalTime":"2018-02-21 18:19:04","status":2},
{"departureTime":"2016-11-28 00:00:00","arrivalTime":"2018-01-29 07:10:10","status":3},
{"departureTime":"2016-11-28 00:00:00","arrivalTime":"2018-10-28 23:40:08","status":2},
{"departureTime":"2016-11-28 00:00:00","arrivalTime":"2018-08-01 15:01:40","status":4},
{"departureTime":"2016-11-28 00:00:00","arrivalTime":"2018-09-19 18:44:09","status":3},
{"departureTime":"2016-11-28 00:00:00","arrivalTime":"2018-04-11 09:37:46","status":4},
{"departureTime":"2016-11-28 00:00:00","arrivalTime":"2018-06-05 16:23:59","status":2},
{"departureTime":"2016-11-28 00:00:00","arrivalTime":"2018-09-04 11:33:36","status":1},
{"departureTime":"2016-11-28 00:00:00","arrivalTime":"2018-05-03 06:15:16","status":2},
{"departureTime":"2016-11-28 00:00:00","arrivalTime":"2017-12-12 05:44:03","status":2},
{"departureTime":"2016-11-28 00:00:00","arrivalTime":"2018-03-04 13:07:45","status":4},
{"departureTime":"2016-11-28 00:00:00","arrivalTime":"2018-11-21 01:16:37","status":4},
{"departureTime":"2016-11-28 00:00:00","arrivalTime":"2018-02-04 12:20:11","status":4},
{"departureTime":"2016-11-28 00:00:00","arrivalTime":"2018-09-28 05:30:20","status":4},
{"departureTime":"2016-11-28 00:00:00","arrivalTime":"2018-04-09 14:43:27","status":3},
{"departureTime":"2016-11-28 00:00:00","arrivalTime":"2018-10-21 10:36:30","status":4},
{"departureTime":"2016-11-28 00:00:00","arrivalTime":"2018-03-28 01:47:04","status":4},
{"departureTime":"2016-11-28 00:00:00","arrivalTime":"2018-08-17 13:45:40","status":4},
{"departureTime":"2016-11-28 00:00:00","arrivalTime":"2018-04-17 08:13:48","status":4},
{"departureTime":"2016-11-28 00:00:00","arrivalTime":"2018-11-11 11:59:11","status":3},
{"departureTime":"2016-11-28 00:00:00","arrivalTime":"2018-05-06 20:15:52","status":1},
{"departureTime":"2016-11-28 00:00:00","arrivalTime":"2018-05-12 20:48:13","status":1},
{"departureTime":"2016-11-28 00:00:00","arrivalTime":"2018-01-15 15:52:34","status":3},
{"departureTime":"2016-11-28 00:00:00","arrivalTime":"2018-08-20 08:06:22","status":2},
{"departureTime":"2016-11-28 00:00:00","arrivalTime":"2018-08-11 05:11:10","status":3},
{"departureTime":"2016-11-28 00:00:00","arrivalTime":"2018-08-20 10:17:17","status":1},
{"departureTime":"2016-11-28 00:00:00","arrivalTime":"2018-09-09 23:06:35","status":3},
{"departureTime":"2016-11-28 00:00:00","arrivalTime":"2018-09-20 20:44:34","status":2},
{"departureTime":"2016-11-28 00:00:00","arrivalTime":"2018-08-13 22:43:48","status":3},
{"departureTime":"2016-11-28 00:00:00","arrivalTime":"2018-02-27 10:10:38","status":3},
{"departureTime":"2016-11-28 00:00:00","arrivalTime":"2018-07-03 00:34:38","status":2},
{"departureTime":"2016-11-28 00:00:00","arrivalTime":"2018-05-12 16:51:44","status":2},
{"departureTime":"2016-11-28 00:00:00","arrivalTime":"2018-03-31 12:47:09","status":2},
{"departureTime":"2016-11-28 00:00:00","arrivalTime":"2018-08-10 07:57:43","status":4},
{"departureTime":"2016-11-28 00:00:00","arrivalTime":"2018-03-11 23:01:08","status":4},
{"departureTime":"2016-11-28 00:00:00","arrivalTime":"2018-04-21 14:49:14","status":3},
{"departureTime":"2016-11-28 00:00:00","arrivalTime":"2018-03-01 11:02:31","status":2},
{"departureTime":"2016-11-28 00:00:00","arrivalTime":"2018-04-20 05:01:07","status":2},
{"departureTime":"2016-11-28 00:00:00","arrivalTime":"2018-06-12 19:37:29","status":2},
{"departureTime":"2016-11-28 00:00:00","arrivalTime":"2017-12-21 14:46:05","status":4},
{"departureTime":"2016-11-28 00:00:00","arrivalTime":"2018-07-28 20:40:52","status":3},
{"departureTime":"2016-11-28 00:00:00","arrivalTime":"2018-03-24 14:45:16","status":4},
{"departureTime":"2016-11-28 00:00:00","arrivalTime":"2017-12-21 23:21:06","status":2},
{"departureTime":"2016-11-28 00:00:00","arrivalTime":"2018-03-16 10:10:08","status":1},
{"departureTime":"2016-11-28 00:00:00","arrivalTime":"2018-03-12 06:20:22","status":3},
{"departureTime":"2016-11-28 00:00:00","arrivalTime":"2018-02-10 14:23:20","status":1},
{"departureTime":"2016-11-28 00:00:00","arrivalTime":"2018-01-13 21:04:30","status":3},
{"departureTime":"2016-11-28 00:00:00","arrivalTime":"2018-10-22 18:21:15","status":2},
{"departureTime":"2016-11-28 00:00:00","arrivalTime":"2018-05-07 14:57:26","status":2},
{"departureTime":"2016-11-28 00:00:00","arrivalTime":"2018-06-20 15:12:44","status":4},
{"departureTime":"2016-11-28 00:00:00","arrivalTime":"2018-11-22 22:12:14","status":3},
{"departureTime":"2016-11-28 00:00:00","arrivalTime":"2018-03-27 03:20:59","status":4},
{"departureTime":"2016-11-28 00:00:00","arrivalTime":"2018-03-02 17:18:10","status":2},
{"departureTime":"2016-11-28 00:00:00","arrivalTime":"2018-07-27 07:51:56","status":1},
{"departureTime":"2016-11-28 00:00:00","arrivalTime":"2018-01-17 08:26:49","status":2},
{"departureTime":"2016-11-28 00:00:00","arrivalTime":"2018-01-13 02:21:38","status":4},
{"departureTime":"2016-11-28 00:00:00","arrivalTime":"2018-02-07 11:38:08","status":2},
{"departureTime":"2016-11-28 00:00:00","arrivalTime":"2018-10-03 19:42:23","status":2},
{"departureTime":"2016-11-28 00:00:00","arrivalTime":"2018-02-08 00:43:01","status":4},
{"departureTime":"2016-11-28 00:00:00","arrivalTime":"2018-05-02 23:14:35","status":4},
{"departureTime":"2016-11-28 00:00:00","arrivalTime":"2018-07-10 01:21:43","status":2},
{"departureTime":"2016-11-28 00:00:00","arrivalTime":"2018-10-11 23:00:30","status":3},
{"departureTime":"2016-11-28 00:00:00","arrivalTime":"2017-12-12 07:56:55","status":4},
{"departureTime":"2016-11-28 00:00:00","arrivalTime":"2017-12-28 21:07:10","status":4},
{"departureTime":"2016-11-28 00:00:00","arrivalTime":"2018-04-16 09:30:34","status":1},
{"departureTime":"2016-11-28 00:00:00","arrivalTime":"2018-02-03 17:40:53","status":4},
{"departureTime":"2016-11-28 00:00:00","arrivalTime":"2018-06-02 04:00:48","status":1},
{"departureTime":"2016-11-28 00:00:00","arrivalTime":"2018-02-21 18:19:45","status":2},
{"departureTime":"2016-11-28 00:00:00","arrivalTime":"2018-02-19 23:11:21","status":2},
{"departureTime":"2016-11-28 00:00:00","arrivalTime":"2018-08-03 03:04:34","status":4},
{"departureTime":"2016-11-28 00:00:00","arrivalTime":"2018-09-30 04:13:50","status":2},
{"departureTime":"2016-11-28 00:00:00","arrivalTime":"2018-04-29 03:47:33","status":4},
{"departureTime":"2016-11-28 00:00:00","arrivalTime":"2018-08-05 13:24:46","status":2},
{"departureTime":"2016-11-28 00:00:00","arrivalTime":"2017-11-28 21:11:37","status":3},
{"departureTime":"2016-11-28 00:00:00","arrivalTime":"2018-10-12 10:06:30","status":3},
{"departureTime":"2016-11-28 00:00:00","arrivalTime":"2018-10-29 02:36:31","status":3},
{"departureTime":"2016-11-28 00:00:00","arrivalTime":"2018-09-13 06:15:46","status":2},
{"departureTime":"2016-11-28 00:00:00","arrivalTime":"2018-11-11 14:10:10","status":2},
{"departureTime":"2016-11-28 00:00:00","arrivalTime":"2018-05-13 16:17:20","status":2},
{"departureTime":"2016-11-28 00:00:00","arrivalTime":"2018-08-11 10:43:23","status":4},
{"departureTime":"2016-11-28 00:00:00","arrivalTime":"2018-10-24 00:36:06","status":2},
{"departureTime":"2016-11-28 00:00:00","arrivalTime":"2018-02-15 04:30:21","status":3},
{"departureTime":"2016-11-28 00:00:00","arrivalTime":"2018-06-26 10:56:55","status":4},
{"departureTime":"2016-11-28 00:00:00","arrivalTime":"2018-10-08 08:38:43","status":3},
{"departureTime":"2016-11-28 00:00:00","arrivalTime":"2018-09-26 23:19:27","status":3},
{"departureTime":"2016-11-28 00:00:00","arrivalTime":"2018-11-10 21:20:19","status":4},
{"departureTime":"2016-11-28 00:00:00","arrivalTime":"2017-12-06 20:19:53","status":1},
{"departureTime":"2016-11-28 00:00:00","arrivalTime":"2018-09-22 10:24:32","status":4},
{"departureTime":"2016-11-28 00:00:00","arrivalTime":"2018-06-17 19:58:04","status":3},
{"departureTime":"2016-11-28 00:00:00","arrivalTime":"2017-12-23 15:06:32","status":3},
{"departureTime":"2016-11-28 00:00:00","arrivalTime":"2018-06-18 16:46:45","status":1},
{"departureTime":"2016-11-28 00:00:00","arrivalTime":"2018-03-12 01:06:30","status":2},
{"departureTime":"2016-11-28 00:00:00","arrivalTime":"2018-10-25 04:49:13","status":3},
{"departureTime":"2016-11-28 00:00:00","arrivalTime":"2018-09-14 03:54:09","status":4},
{"departureTime":"2016-11-28 00:00:00","arrivalTime":"2017-12-13 01:56:10","status":1},
{"departureTime":"2016-11-28 00:00:00","arrivalTime":"2017-11-29 09:39:56","status":1},
{"departureTime":"2016-11-28 00:00:00","arrivalTime":"2017-12-15 14:33:24","status":1},
{"departureTime":"2016-11-28 00:00:00","arrivalTime":"2018-10-06 02:01:05","status":3},
{"departureTime":"2016-11-28 00:00:00","arrivalTime":"2018-09-04 15:20:57","status":4},
{"departureTime":"2016-11-28 00:00:00","arrivalTime":"2018-10-27 10:33:26","status":3},
{"departureTime":"2016-11-28 00:00:00","arrivalTime":"2018-07-31 08:50:06","status":2},
{"departureTime":"2016-11-28 00:00:00","arrivalTime":"2018-09-19 23:00:53","status":3},
{"departureTime":"2016-11-28 00:00:00","arrivalTime":"2018-03-08 14:09:23","status":2},
{"departureTime":"2016-11-28 00:00:00","arrivalTime":"2018-07-02 15:49:51","status":1},
{"departureTime":"2016-11-28 00:00:00","arrivalTime":"2018-07-25 03:42:18","status":2},
{"departureTime":"2016-11-28 00:00:00","arrivalTime":"2018-08-17 09:47:25","status":2},
{"departureTime":"2016-11-28 00:00:00","arrivalTime":"2017-12-31 00:47:47","status":1},
{"departureTime":"2016-11-28 00:00:00","arrivalTime":"2018-07-10 15:44:32","status":3},
{"departureTime":"2016-11-28 00:00:00","arrivalTime":"2017-11-30 03:05:54","status":2},
{"departureTime":"2016-11-28 00:00:00","arrivalTime":"2018-01-16 01:45:33","status":4},
{"departureTime":"2016-11-28 00:00:00","arrivalTime":"2018-05-01 02:31:52","status":1},
{"departureTime":"2016-11-28 00:00:00","arrivalTime":"2018-06-05 10:42:25","status":3},
{"departureTime":"2016-11-28 00:00:00","arrivalTime":"2017-12-02 15:56:29","status":4},
{"departureTime":"2016-11-28 00:00:00","arrivalTime":"2018-05-18 14:04:05","status":1},
{"departureTime":"2016-11-28 00:00:00","arrivalTime":"2018-10-16 22:34:47","status":2},
{"departureTime":"2016-11-28 00:00:00","arrivalTime":"2018-08-23 18:41:36","status":4},
{"departureTime":"2016-11-28 00:00:00","arrivalTime":"2018-01-16 01:32:05","status":4},
{"departureTime":"2016-11-28 00:00:00","arrivalTime":"2018-01-04 07:34:54","status":1},
{"departureTime":"2016-11-28 00:00:00","arrivalTime":"2018-02-06 09:21:40","status":2},
{"departureTime":"2016-11-28 00:00:00","arrivalTime":"2018-08-30 06:09:00","status":3},
{"departureTime":"2016-11-28 00:00:00","arrivalTime":"2018-01-03 02:25:02","status":4},
{"departureTime":"2016-11-28 00:00:00","arrivalTime":"2018-10-08 04:21:51","status":4},
{"departureTime":"2016-11-28 00:00:00","arrivalTime":"2018-05-08 08:52:14","status":3},
{"departureTime":"2016-11-28 00:00:00","arrivalTime":"2018-07-26 17:48:22","status":3},
{"departureTime":"2016-11-28 00:00:00","arrivalTime":"2017-12-23 21:04:07","status":3},
{"departureTime":"2016-11-28 00:00:00","arrivalTime":"2018-09-06 15:57:43","status":4},
{"departureTime":"2016-11-28 00:00:00","arrivalTime":"2018-03-27 21:09:16","status":3},
{"departureTime":"2016-11-28 00:00:00","arrivalTime":"2018-02-11 07:43:48","status":3},
{"departureTime":"2016-11-28 00:00:00","arrivalTime":"2018-08-22 20:11:11","status":4},
{"departureTime":"2016-11-28 00:00:00","arrivalTime":"2018-10-20 21:10:51","status":4},
{"departureTime":"2016-11-28 00:00:00","arrivalTime":"2018-08-21 11:32:17","status":1},
{"departureTime":"2016-11-28 00:00:00","arrivalTime":"2018-06-29 10:42:35","status":4},
{"departureTime":"2016-11-28 00:00:00","arrivalTime":"2018-11-11 19:50:43","status":2},
{"departureTime":"2016-11-28 00:00:00","arrivalTime":"2018-10-22 01:19:04","status":3},
{"departureTime":"2016-11-28 00:00:00","arrivalTime":"2018-08-09 03:38:47","status":2},
{"departureTime":"2016-11-28 00:00:00","arrivalTime":"2018-02-21 23:03:00","status":3},
{"departureTime":"2016-11-28 00:00:00","arrivalTime":"2018-03-17 01:47:21","status":1},
{"departureTime":"2016-11-28 00:00:00","arrivalTime":"2018-01-25 06:43:34","status":1},
{"departureTime":"2016-11-28 00:00:00","arrivalTime":"2018-06-12 09:14:40","status":3},
{"departureTime":"2016-11-28 00:00:00","arrivalTime":"2018-08-15 03:39:02","status":4},
{"departureTime":"2016-11-28 00:00:00","arrivalTime":"2018-08-11 07:28:15","status":1},
{"departureTime":"2016-11-28 00:00:00","arrivalTime":"2018-05-08 21:08:25","status":2},
{"departureTime":"2016-11-28 00:00:00","arrivalTime":"2018-01-29 00:09:02","status":4},
{"departureTime":"2016-11-28 00:00:00","arrivalTime":"2018-05-13 06:43:40","status":2},
{"departureTime":"2016-11-28 00:00:00","arrivalTime":"2018-09-27 08:59:51","status":4},
{"departureTime":"2016-11-28 00:00:00","arrivalTime":"2018-11-01 17:45:51","status":1},
{"departureTime":"2016-11-28 00:00:00","arrivalTime":"2018-04-21 12:33:01","status":2},
{"departureTime":"2016-11-28 00:00:00","arrivalTime":"2018-03-08 11:10:25","status":2},
{"departureTime":"2016-11-28 00:00:00","arrivalTime":"2018-03-25 11:50:43","status":2},
{"departureTime":"2016-11-28 00:00:00","arrivalTime":"2018-11-23 00:44:12","status":2},
{"departureTime":"2016-11-28 00:00:00","arrivalTime":"2018-08-11 05:26:17","status":1},
{"departureTime":"2016-11-28 00:00:00","arrivalTime":"2018-03-13 15:41:23","status":2},
{"departureTime":"2016-11-28 00:00:00","arrivalTime":"2018-01-30 16:50:54","status":3},
{"departureTime":"2016-11-28 00:00:00","arrivalTime":"2018-09-27 22:17:23","status":4},
{"departureTime":"2016-11-28 00:00:00","arrivalTime":"2018-04-13 11:04:37","status":3},
{"departureTime":"2016-11-28 00:00:00","arrivalTime":"2018-06-01 21:59:34","status":4},
{"departureTime":"2016-11-28 00:00:00","arrivalTime":"2018-07-02 17:24:57","status":4},
{"departureTime":"2016-11-28 00:00:00","arrivalTime":"2018-10-14 07:56:40","status":4},
{"departureTime":"2016-11-28 00:00:00","arrivalTime":"2018-08-03 09:30:12","status":3},
{"departureTime":"2016-11-28 00:00:00","arrivalTime":"2018-10-02 22:20:43","status":4},
{"departureTime":"2016-11-28 00:00:00","arrivalTime":"2018-10-23 16:05:50","status":3},
{"departureTime":"2016-11-28 00:00:00","arrivalTime":"2018-11-11 01:58:54","status":3},
{"departureTime":"2016-11-28 00:00:00","arrivalTime":"2018-05-13 14:12:07","status":3},
{"departureTime":"2016-11-28 00:00:00","arrivalTime":"2018-11-20 11:41:56","status":1},
{"departureTime":"2016-11-28 00:00:00","arrivalTime":"2018-04-22 14:17:24","status":4},
{"departureTime":"2016-11-28 00:00:00","arrivalTime":"2018-11-04 22:20:16","status":1},
{"departureTime":"2016-11-28 00:00:00","arrivalTime":"2018-10-12 15:19:59","status":2},
{"departureTime":"2016-11-28 00:00:00","arrivalTime":"2018-03-18 05:48:23","status":4},
{"departureTime":"2016-11-28 00:00:00","arrivalTime":"2018-08-26 18:50:57","status":3},
{"departureTime":"2016-11-28 00:00:00","arrivalTime":"2018-07-28 16:38:33","status":4},
{"departureTime":"2016-11-28 00:00:00","arrivalTime":"2018-07-18 19:02:13","status":1},
{"departureTime":"2016-11-28 00:00:00","arrivalTime":"2018-09-09 04:39:49","status":2},
{"departureTime":"2016-11-28 00:00:00","arrivalTime":"2018-02-12 04:15:09","status":2},
{"departureTime":"2016-11-28 00:00:00","arrivalTime":"2018-02-23 02:46:27","status":4},
{"departureTime":"2016-11-28 00:00:00","arrivalTime":"2018-06-25 14:25:09","status":2},
{"departureTime":"2016-11-28 00:00:00","arrivalTime":"2018-02-23 17:17:17","status":3},
{"departureTime":"2016-11-28 00:00:00","arrivalTime":"2018-08-25 20:13:49","status":3},
{"departureTime":"2016-11-28 00:00:00","arrivalTime":"2018-11-09 20:27:10","status":3},
{"departureTime":"2016-11-28 00:00:00","arrivalTime":"2018-04-09 11:12:11","status":3},
{"departureTime":"2016-11-28 00:00:00","arrivalTime":"2018-08-05 22:04:43","status":4},
{"departureTime":"2016-11-28 00:00:00","arrivalTime":"2018-09-01 19:04:08","status":2},
{"departureTime":"2016-11-28 00:00:00","arrivalTime":"2018-08-15 09:20:40","status":4},
{"departureTime":"2016-11-28 00:00:00","arrivalTime":"2018-02-12 07:26:57","status":4},
{"departureTime":"2016-11-28 00:00:00","arrivalTime":"2018-03-16 22:32:03","status":4},
{"departureTime":"2016-11-28 00:00:00","arrivalTime":"2018-08-28 19:18:06","status":2},
{"departureTime":"2016-11-28 00:00:00","arrivalTime":"2018-01-23 19:52:51","status":1},
{"departureTime":"2016-11-28 00:00:00","arrivalTime":"2018-07-26 17:23:23","status":2},
{"departureTime":"2016-11-28 00:00:00","arrivalTime":"2018-06-20 09:49:29","status":1},
{"departureTime":"2016-11-28 00:00:00","arrivalTime":"2018-02-19 11:35:43","status":2},
{"departureTime":"2016-11-28 00:00:00","arrivalTime":"2018-08-17 16:09:35","status":3},
{"departureTime":"2016-11-28 00:00:00","arrivalTime":"2018-05-15 05:00:27","status":1},
{"departureTime":"2016-11-28 00:00:00","arrivalTime":"2018-10-02 08:33:29","status":1},
{"departureTime":"2016-11-28 00:00:00","arrivalTime":"2018-10-04 01:20:29","status":4},
{"departureTime":"2016-11-28 00:00:00","arrivalTime":"2018-03-17 06:27:10","status":2},
{"departureTime":"2016-11-28 00:00:00","arrivalTime":"2018-03-08 06:41:52","status":2},
{"departureTime":"2016-11-28 00:00:00","arrivalTime":"2018-03-14 12:49:00","status":1},
{"departureTime":"2016-11-28 00:00:00","arrivalTime":"2018-07-18 08:44:45","status":1},
{"departureTime":"2016-11-28 00:00:00","arrivalTime":"2018-03-11 11:50:14","status":2},
{"departureTime":"2016-11-28 00:00:00","arrivalTime":"2018-04-29 10:06:20","status":4},
{"departureTime":"2016-11-28 00:00:00","arrivalTime":"2018-08-04 17:19:48","status":4},
{"departureTime":"2016-11-28 00:00:00","arrivalTime":"2018-10-24 03:48:15","status":3},
{"departureTime":"2016-11-28 00:00:00","arrivalTime":"2018-05-25 14:54:29","status":1},
{"departureTime":"2016-11-28 00:00:00","arrivalTime":"2018-01-22 05:24:11","status":1},
{"departureTime":"2016-11-28 00:00:00","arrivalTime":"2017-12-26 01:20:56","status":1},
{"departureTime":"2016-11-28 00:00:00","arrivalTime":"2018-02-17 22:06:26","status":1},
{"departureTime":"2016-11-28 00:00:00","arrivalTime":"2018-09-15 23:38:18","status":3},
{"departureTime":"2016-11-28 00:00:00","arrivalTime":"2018-01-02 13:13:57","status":1},
{"departureTime":"2016-11-28 00:00:00","arrivalTime":"2018-08-19 18:06:38","status":4},
{"departureTime":"2016-11-28 00:00:00","arrivalTime":"2018-03-02 13:13:33","status":3},
{"departureTime":"2016-11-28 00:00:00","arrivalTime":"2018-04-19 02:49:34","status":1},
{"departureTime":"2016-11-28 00:00:00","arrivalTime":"2017-12-25 11:35:51","status":3},
{"departureTime":"2016-11-28 00:00:00","arrivalTime":"2018-03-06 02:54:24","status":1},
{"departureTime":"2016-11-28 00:00:00","arrivalTime":"2018-10-19 15:14:24","status":2},
{"departureTime":"2016-11-28 00:00:00","arrivalTime":"2018-10-01 03:11:25","status":3},
{"departureTime":"2016-11-28 00:00:00","arrivalTime":"2018-03-12 19:01:43","status":1},
{"departureTime":"2016-11-28 00:00:00","arrivalTime":"2018-08-03 12:39:32","status":3},
{"departureTime":"2016-11-28 00:00:00","arrivalTime":"2017-11-28 02:39:56","status":3},
{"departureTime":"2016-11-28 00:00:00","arrivalTime":"2017-12-20 08:44:43","status":2},
{"departureTime":"2016-11-28 00:00:00","arrivalTime":"2018-10-10 00:01:39","status":3},
{"departureTime":"2016-11-28 00:00:00","arrivalTime":"2018-02-14 17:29:25","status":4},
{"departureTime":"2016-11-28 00:00:00","arrivalTime":"2018-01-31 13:33:19","status":1},
{"departureTime":"2016-11-28 00:00:00","arrivalTime":"2018-09-15 14:48:05","status":2},
{"departureTime":"2016-11-28 00:00:00","arrivalTime":"2017-12-11 01:30:04","status":2},
{"departureTime":"2016-11-28 00:00:00","arrivalTime":"2018-04-18 19:56:49","status":2},
{"departureTime":"2016-11-28 00:00:00","arrivalTime":"2018-07-12 17:13:37","status":3},
{"departureTime":"2016-11-28 00:00:00","arrivalTime":"2018-09-08 13:07:37","status":2},
{"departureTime":"2016-11-28 00:00:00","arrivalTime":"2018-11-04 11:52:24","status":1},
{"departureTime":"2016-11-28 00:00:00","arrivalTime":"2018-04-25 23:52:58","status":2},
{"departureTime":"2016-11-28 00:00:00","arrivalTime":"2018-06-02 09:25:37","status":2},
{"departureTime":"2016-11-28 00:00:00","arrivalTime":"2018-06-30 01:52:41","status":1},
{"departureTime":"2016-11-28 00:00:00","arrivalTime":"2018-05-21 06:01:00","status":3},
{"departureTime":"2016-11-28 00:00:00","arrivalTime":"2018-04-06 23:34:34","status":1},
{"departureTime":"2016-11-28 00:00:00","arrivalTime":"2018-05-09 14:53:39","status":4},
{"departureTime":"2016-11-28 00:00:00","arrivalTime":"2018-06-18 23:26:20","status":1},
{"departureTime":"2016-11-28 00:00:00","arrivalTime":"2018-05-23 07:46:10","status":1},
{"departureTime":"2016-11-28 00:00:00","arrivalTime":"2018-06-06 09:12:45","status":4},
{"departureTime":"2016-11-28 00:00:00","arrivalTime":"2018-05-02 07:46:31","status":1},
{"departureTime":"2016-11-28 00:00:00","arrivalTime":"2018-05-20 11:36:03","status":2},
{"departureTime":"2016-11-28 00:00:00","arrivalTime":"2018-06-21 12:45:04","status":2},
{"departureTime":"2016-11-28 00:00:00","arrivalTime":"2018-11-07 03:17:10","status":3},
{"departureTime":"2016-11-28 00:00:00","arrivalTime":"2018-02-22 15:19:43","status":1},
{"departureTime":"2016-11-28 00:00:00","arrivalTime":"2018-06-27 12:23:41","status":4},
{"departureTime":"2016-11-28 00:00:00","arrivalTime":"2018-01-19 11:00:16","status":4},
{"departureTime":"2016-11-28 00:00:00","arrivalTime":"2018-06-23 02:34:48","status":3},
{"departureTime":"2016-11-28 00:00:00","arrivalTime":"2018-05-17 20:51:15","status":3},
{"departureTime":"2016-11-28 00:00:00","arrivalTime":"2018-01-21 19:11:23","status":3},
{"departureTime":"2016-11-28 00:00:00","arrivalTime":"2018-09-30 14:40:14","status":3},
{"departureTime":"2016-11-28 00:00:00","arrivalTime":"2017-12-08 12:25:58","status":2},
{"departureTime":"2016-11-28 00:00:00","arrivalTime":"2018-08-09 05:15:12","status":2},
{"departureTime":"2016-11-28 00:00:00","arrivalTime":"2018-09-13 21:24:49","status":1},
{"departureTime":"2016-11-28 00:00:00","arrivalTime":"2018-01-06 18:00:31","status":1},
{"departureTime":"2016-11-28 00:00:00","arrivalTime":"2018-05-27 00:44:26","status":2},
{"departureTime":"2016-11-28 00:00:00","arrivalTime":"2018-04-10 13:32:08","status":3},
{"departureTime":"2016-11-28 00:00:00","arrivalTime":"2018-04-22 00:36:58","status":4},
{"departureTime":"2016-11-28 00:00:00","arrivalTime":"2017-12-25 08:15:36","status":1},
{"departureTime":"2016-11-28 00:00:00","arrivalTime":"2018-10-31 22:56:09","status":3},
{"departureTime":"2016-11-28 00:00:00","arrivalTime":"2017-12-24 09:25:56","status":1},
{"departureTime":"2016-11-28 00:00:00","arrivalTime":"2018-03-05 21:21:03","status":3},
{"departureTime":"2016-11-28 00:00:00","arrivalTime":"2018-10-26 19:24:21","status":2},
{"departureTime":"2016-11-28 00:00:00","arrivalTime":"2018-05-28 01:41:33","status":4},
{"departureTime":"2016-11-28 00:00:00","arrivalTime":"2018-03-26 18:56:30","status":2},
{"departureTime":"2016-11-28 00:00:00","arrivalTime":"2018-05-23 06:53:30","status":3},
{"departureTime":"2016-11-28 00:00:00","arrivalTime":"2018-04-06 00:37:58","status":4},
{"departureTime":"2016-11-28 00:00:00","arrivalTime":"2018-01-03 05:19:43","status":2},
{"departureTime":"2016-11-28 00:00:00","arrivalTime":"2018-04-04 09:30:44","status":1},
{"departureTime":"2016-11-28 00:00:00","arrivalTime":"2018-02-08 08:31:42","status":4},
{"departureTime":"2016-11-28 00:00:00","arrivalTime":"2018-04-04 00:02:00","status":3},
{"departureTime":"2016-11-28 00:00:00","arrivalTime":"2018-08-18 03:45:36","status":1},
{"departureTime":"2016-11-28 00:00:00","arrivalTime":"2018-11-26 14:45:35","status":1},
{"departureTime":"2016-11-28 00:00:00","arrivalTime":"2018-07-04 00:24:29","status":4}]