[{"firstName":"Eugénie","lastName":"Goodbody","address":"6197 Mariners Cove Place","salary":"8109.68","birthDay":"08/10/2005"},
{"firstName":"Tú","lastName":"Fairn","address":"381 Southridge Plaza","salary":"4319.67","birthDay":"10/05/1998"},
{"firstName":"Styrbjörn","lastName":"Edland","address":"9 Hermina Crossing","salary":"8498.77","birthDay":"09/21/2009"},
{"firstName":"Cléa","lastName":"Swinnerton","address":"43640 Rockefeller Drive","salary":"9483.65","birthDay":"04/22/2011"},
{"firstName":"Gwenaëlle","lastName":"Brouwer","address":"61 Canary Junction","salary":"897.84","birthDay":"01/09/2004"},
{"firstName":"Mélanie","lastName":"Thwaites","address":"89 Eliot Lane","salary":"481.86","birthDay":"05/23/2007"},
{"firstName":"Océanne","lastName":"Twiname","address":"02922 Merrick Alley","salary":"9781.08","birthDay":"05/04/2004"},
{"firstName":"Josée","lastName":"Pfeuffer","address":"4 Village Place","salary":"3935.22","birthDay":"03/09/2007"},
{"firstName":"Bérengère","lastName":"Athridge","address":"1116 Forest Dale Plaza","salary":"6087.04","birthDay":"09/07/2005"},
{"firstName":"Bénédicte","lastName":"Jachimczak","address":"4214 Moose Center","salary":"7072.77","birthDay":"02/21/2003"},
{"firstName":"Maëly","lastName":"Scranedge","address":"2 Talmadge Terrace","salary":"5681.21","birthDay":"12/14/2004"},
{"firstName":"Marlène","lastName":"Kuzemka","address":"77095 Randy Hill","salary":"3624.31","birthDay":"06/25/2010"},
{"firstName":"Uò","lastName":"Boswell","address":"2 Maryland Court","salary":"2816.11","birthDay":"10/01/2005"},
{"firstName":"Bécassine","lastName":"Kingstne","address":"5 Beilfuss Pass","salary":"6441.95","birthDay":"07/14/2010"},
{"firstName":"Sélène","lastName":"Grzegorzewski","address":"53 Moland Street","salary":"7337.03","birthDay":"10/17/2014"},
{"firstName":"Gaëlle","lastName":"Aaronsohn","address":"72 Arrowood Point","salary":"8565.48","birthDay":"11/07/1992"},
{"firstName":"Publicité","lastName":"Vannikov","address":"49 Towne Plaza","salary":"5712.06","birthDay":"03/26/2011"},
{"firstName":"Gisèle","lastName":"Davidowich","address":"0609 Armistice Hill","salary":"489.91","birthDay":"03/05/2016"},
{"firstName":"Maïlys","lastName":"Forrestor","address":"91 Northview Park","salary":"9043.93","birthDay":"12/06/2008"},
{"firstName":"Léone","lastName":"Dullard","address":"16454 Nova Trail","salary":"7960.26","birthDay":"10/16/2013"},
{"firstName":"Maïwenn","lastName":"Ainsby","address":"93 Fairfield Terrace","salary":"6843.04","birthDay":"04/19/2015"},
{"firstName":"Ophélie","lastName":"Crump","address":"26 Crescent Oaks Place","salary":"1294.02","birthDay":"04/05/2001"},
{"firstName":"Görel","lastName":"Jostan","address":"81 Kim Center","salary":"3938.16","birthDay":"01/18/2009"},
{"firstName":"Dù","lastName":"Halgarth","address":"41372 Daystar Place","salary":"2698.86","birthDay":"02/19/2016"},
{"firstName":"Uò","lastName":"Espinal","address":"7 Warrior Point","salary":"9547.10","birthDay":"09/18/2014"},
{"firstName":"Yóu","lastName":"Gohier","address":"59760 Luster Hill","salary":"7592.09","birthDay":"09/06/2010"},
{"firstName":"Sélène","lastName":"Giriardelli","address":"86579 Mayfield Pass","salary":"597.30","birthDay":"09/05/2003"},
{"firstName":"Dù","lastName":"Geffe","address":"99 Fuller Street","salary":"5818.98","birthDay":"08/23/1997"},
{"firstName":"Lén","lastName":"Raecroft","address":"68292 Lindbergh Lane","salary":"6895.42","birthDay":"07/12/2007"},
{"firstName":"Lucrèce","lastName":"Ollis","address":"32572 Mcbride Crossing","salary":"6531.24","birthDay":"11/07/1997"},
{"firstName":"Maëlann","lastName":"Witcomb","address":"8 Brown Avenue","salary":"2031.29","birthDay":"07/09/2011"},
{"firstName":"Zoé","lastName":"Bridel","address":"822 Merchant Junction","salary":"1726.28","birthDay":"11/25/2000"},
{"firstName":"Mà","lastName":"Draye","address":"85 American Way","salary":"5863.95","birthDay":"12/26/1996"},
{"firstName":"Lóng","lastName":"Dring","address":"76 Division Trail","salary":"2812.82","birthDay":"12/06/2006"},
{"firstName":"Maëlla","lastName":"Fairhall","address":"25506 Annamark Place","salary":"2718.33","birthDay":"06/30/1994"},
{"firstName":"Audréanne","lastName":"Denizet","address":"014 Dawn Avenue","salary":"961.71","birthDay":"05/10/2015"},
{"firstName":"Cléa","lastName":"Saint","address":"6 Northport Alley","salary":"6149.29","birthDay":"05/21/1996"},
{"firstName":"Gwenaëlle","lastName":"Hemphill","address":"0 Emmet Lane","salary":"4167.39","birthDay":"06/02/2004"},
{"firstName":"Geneviève","lastName":"Grellier","address":"552 Claremont Plaza","salary":"7857.14","birthDay":"12/24/1993"},
{"firstName":"Néhémie","lastName":"Irons","address":"21 Stone Corner Drive","salary":"3339.65","birthDay":"02/13/2004"},
{"firstName":"Estée","lastName":"Guiton","address":"13192 Longview Terrace","salary":"9132.12","birthDay":"01/28/2005"},
{"firstName":"Simplifiés","lastName":"Sprasen","address":"904 Burning Wood Alley","salary":"4360.89","birthDay":"07/30/2001"},
{"firstName":"Desirée","lastName":"Bean","address":"38 Birchwood Terrace","salary":"2144.91","birthDay":"09/01/2013"},
{"firstName":"Mélodie","lastName":"Hammelberg","address":"7529 Caliangt Avenue","salary":"6777.80","birthDay":"07/15/2017"},
{"firstName":"Görel","lastName":"Tweedy","address":"79796 Morrow Trail","salary":"3953.38","birthDay":"08/29/2000"},
{"firstName":"Angèle","lastName":"Impett","address":"328 New Castle Center","salary":"725.09","birthDay":"12/12/1997"},
{"firstName":"Adélie","lastName":"Wixon","address":"762 Union Road","salary":"5904.13","birthDay":"12/03/2009"},
{"firstName":"Mélina","lastName":"Cheshir","address":"8288 Hermina Parkway","salary":"4941.33","birthDay":"08/18/2011"},
{"firstName":"Kallisté","lastName":"Poleye","address":"37 Golden Leaf Terrace","salary":"9983.08","birthDay":"10/28/2016"},
{"firstName":"Pò","lastName":"Royal","address":"036 Springs Pass","salary":"4308.62","birthDay":"05/30/1992"},
{"firstName":"Daphnée","lastName":"Spering","address":"8 Almo Center","salary":"8625.64","birthDay":"07/28/2004"},
{"firstName":"Camélia","lastName":"Harley","address":"73214 Bonner Plaza","salary":"2804.64","birthDay":"03/08/2014"},
{"firstName":"Réservés","lastName":"Methuen","address":"76 Leroy Alley","salary":"2717.82","birthDay":"01/04/1994"},
{"firstName":"Bécassine","lastName":"Olpin","address":"38 Havey Lane","salary":"1276.88","birthDay":"08/06/1997"},
{"firstName":"Maëlle","lastName":"Balharry","address":"04 Sugar Alley","salary":"4836.60","birthDay":"05/10/2015"},
{"firstName":"Séréna","lastName":"Bellow","address":"9297 Moland Plaza","salary":"209.20","birthDay":"01/06/2008"},
{"firstName":"Gaëlle","lastName":"Gabbatiss","address":"77 Graedel Court","salary":"5402.83","birthDay":"11/30/2007"},
{"firstName":"Lucrèce","lastName":"Sherrock","address":"32 Sycamore Lane","salary":"7460.89","birthDay":"09/12/2004"},
{"firstName":"Rébecca","lastName":"Adnet","address":"01753 Nevada Hill","salary":"2407.05","birthDay":"07/01/2004"},
{"firstName":"Clélia","lastName":"Swire","address":"4 Miller Street","salary":"942.18","birthDay":"11/15/2007"}]